{
"type": "FeatureCollection",
"name": "ev_stations",
"crs": { "type": "name", "properties": { "name": "urn:ogc:def:crs:OGC:1.3:CRS84" } },
"features": [
{ "type": "Feature", "properties": { "agency": "ACS", "station_name": "ACS - 2554 Linden Blvd, Brooklyn", "charger_types": [ "Level 2 Charger", "Level 3 Fast Charger" ], "no_of_ports": 3, "street": "2554 Linden Blvd", "city": "East New York", "postcode": "11208", "borough": "Brooklyn", "public_charger_": "No", "fee_for_city_drivers": "No", "latitude": 40.668034, "longitude": -73.869949, "community_district": 305.0, "council_district": 42.0, "census_tract": 1220.0, "bin": 3098733.0, "bbl": 3044840013.0, "nta": "BK0505", "station_id": "urn:agentwin:city:ev-charging-station:4e55380591804d5a51f8a8af547ae27ec0b105f0e571b8f3ef14436d2b8720ff" }, "geometry": { "type": "Point", "coordinates": [ -73.869949, 40.668034 ] } },
{ "type": "Feature", "properties": { "agency": "ACS", "station_name": "ACS - 350 St Marks Pl, Staten Island", "charger_types": [ "Level 2 Charger" ], "no_of_ports": 1, "street": "350 St Marks Pl", "city": "Staten Island", "postcode": "10301", "borough": "Staten Island", "public_charger_": "No", "fee_for_city_drivers": "No", "latitude": 40.640708, "longitude": -74.077697, "community_district": 501.0, "council_district": 49.0, "census_tract": 3.0, "bin": 5000185.0, "bbl": 5000160054.0, "nta": "SI0101", "station_id": "urn:agentwin:city:ev-charging-station:78800793b10184db7725961665d38cc708f296fd21960b20437b3d1ee22b8f08" }, "geometry": { "type": "Point", "coordinates": [ -74.077697, 40.640708 ] } },
{ "type": "Feature", "properties": { "agency": "CITYHALL", "station_name": "CITYHALL - New York City Hall, Manhattan", "charger_types": [ "Level 2 Charger" ], "no_of_ports": 4, "street": "New York City Hall", "city": "New York", "postcode": "10007", "borough": "Manhattan", "public_charger_": "No", "fee_for_city_drivers": "No", "latitude": 40.712806, "longitude": -74.006096, "community_district": 101.0, "council_district": 1.0, "census_tract": 31.0, "bin": 1079147.0, "bbl": 1001220001.0, "nta": "MN0102", "station_id": "urn:agentwin:city:ev-charging-station:5534de34b7b1c5723f6dc00e89da499bf22f8783bb6ba67eab25b6bee545cb99" }, "geometry": { "type": "Point", "coordinates": [ -74.006096, 40.712806 ] } },
{ "type": "Feature", "properties": { "agency": "DCAS", "station_name": "DCAS - 1 Centre St, Manhattan", "charger_types": [ "EV Solar Arc Charger", "Level 3 Fast Charger" ], "no_of_ports": 3, "street": "1 Centre St", "city": "New York", "postcode": "10007", "borough": "Manhattan", "public_charger_": "No", "fee_for_city_drivers": "No", "latitude": 40.713001, "longitude": -74.004181, "community_district": 101.0, "council_district": 1.0, "census_tract": 2901.0, "bin": 1001394.0, "bbl": 1001210001.0, "nta": "MN0102", "station_id": "urn:agentwin:city:ev-charging-station:20506606d91d26d9c2dc071dc7cadee6124c26ccb00a4dccb847198b40f881b8" }, "geometry": { "type": "Point", "coordinates": [ -74.004181, 40.713001 ] } },
{ "type": "Feature", "properties": { "agency": "DCAS", "station_name": "DCAS - 2 Navy St, Brooklyn", "charger_types": [ "Level 2 Charger", "Level 3 Fast Charger" ], "no_of_ports": 5, "street": "2 Navy St", "city": "Brooklyn", "postcode": "11201", "borough": "Brooklyn", "public_charger_": "No", "fee_for_city_drivers": "No", "latitude": 40.70061, "longitude": -73.98042, "community_district": 302.0, "council_district": 35.0, "census_tract": 23.0, "bin": null, "bbl": null, "nta": "BK0202", "station_id": "urn:agentwin:city:ev-charging-station:f97f5bcdf6dc4b13ebcc9643b119d7a95f3643c08e55a0fb9a3f6f7987a0e7d1" }, "geometry": { "type": "Point", "coordinates": [ -73.98042, 40.70061 ] } },
{ "type": "Feature", "properties": { "agency": "DCAS", "station_name": "DCAS - 6626 Metropolitan Avenue, Queens", "charger_types": [ "Level 2 Charger", "Level 3 Fast Charger" ], "no_of_ports": 8, "street": "6626 Metropolitan Avenue", "city": "Queens", "postcode": "11379", "borough": "Queens", "public_charger_": "No", "fee_for_city_drivers": "No", "latitude": 40.712377, "longitude": -73.892143, "community_district": 405.0, "council_district": 30.0, "census_tract": 61301.0, "bin": 4443103.0, "bbl": 4036050001.0, "nta": "QN0502", "station_id": "urn:agentwin:city:ev-charging-station:9a14c1bde75a2f8b61d73de4f629ee3ca95834c5c9d70f09944d16d8f638a44f" }, "geometry": { "type": "Point", "coordinates": [ -73.892143, 40.712377 ] } },
{ "type": "Feature", "properties": { "agency": "DCAS", "station_name": "DCAS - 390 Kent Ave, Brooklyn", "charger_types": [ "Level 2 Charger", "Level 3 Fast Charger" ], "no_of_ports": 7, "street": "390 Kent Ave", "city": "Brooklyn", "postcode": "11249", "borough": "Brooklyn", "public_charger_": "No", "fee_for_city_drivers": "No", "latitude": 40.711246, "longitude": -73.968348, "community_district": 301.0, "council_district": 33.0, "census_tract": 549.0, "bin": 3063635.0, "bbl": 3024670001.0, "nta": "BK0102", "station_id": "urn:agentwin:city:ev-charging-station:d813edcf427984a64b4229ccbaef92e4991709d546d13288f850127ee0d48150" }, "geometry": { "type": "Point", "coordinates": [ -73.968348, 40.711246 ] } },
{ "type": "Feature", "properties": { "agency": "DCAS", "station_name": "DCAS - 350 Marconi Street, Bronx", "charger_types": [ "Level 3 Fast Charger" ], "no_of_ports": 4, "street": "350 Marconi Street", "city": "The Bronx", "postcode": "10461", "borough": "Bronx", "public_charger_": "No", "fee_for_city_drivers": "No", "latitude": 40.853529, "longitude": -73.839048, "community_district": 211.0, "council_district": 13.0, "census_tract": 284.0, "bin": 2125035.0, "bbl": 2042260075.0, "nta": "BX1161", "station_id": "urn:agentwin:city:ev-charging-station:e898f921bf0fd9b8aa13e7b90433296edf7639e00446f9205846717bef54e3f7" }, "geometry": { "type": "Point", "coordinates": [ -73.839048, 40.853529 ] } },
{ "type": "Feature", "properties": { "agency": "DCAS", "station_name": "DCAS - 120-55 Queens Blvd, Queens", "charger_types": [ "Level 3 Fast Charger" ], "no_of_ports": 1, "street": "120-55 Queens Blvd", "city": "Queens", "postcode": "11415", "borough": "Queens", "public_charger_": "No", "fee_for_city_drivers": "No", "latitude": 40.713329, "longitude": -73.828601, "community_district": 409.0, "council_district": 29.0, "census_tract": 21601.0, "bin": 4052812.0, "bbl": 4022740002.0, "nta": "QN0901", "station_id": "urn:agentwin:city:ev-charging-station:a17b7a55b4d70b19cea94fcb6f0115a2106f1d4315d82ab48453159cc3f9ee54" }, "geometry": { "type": "Point", "coordinates": [ -73.828601, 40.713329 ] } },
{ "type": "Feature", "properties": { "agency": "DCAS", "station_name": "DCAS - 100 Gold St, Manhattan", "charger_types": [ "Level 2 Charger", "Level 3 Fast Charger" ], "no_of_ports": 6, "street": "100 Gold St", "city": "New York", "postcode": "10038", "borough": "Manhattan", "public_charger_": "No", "fee_for_city_drivers": "No", "latitude": 40.710353, "longitude": -74.004007, "community_district": 101.0, "council_district": 1.0, "census_tract": 1501.0, "bin": 1001289.0, "bbl": 1000940025.0, "nta": "MN0101", "station_id": "urn:agentwin:city:ev-charging-station:70a44de37e42a3c4d819e1fda395ca9f60f7449d4327449fc89e67ad559ff66d" }, "geometry": { "type": "Point", "coordinates": [ -74.004007, 40.710353 ] } },
{ "type": "Feature", "properties": { "agency": "DDC", "station_name": "DDC - 3030 Thomson Ave, Queens", "charger_types": [ "EV Solar Arc Charger", "Level 2 Charger", "Level 3 Fast Charger" ], "no_of_ports": 5, "street": "3030 Thomson Ave", "city": "Queens", "postcode": "11101", "borough": "Queens", "public_charger_": "No", "fee_for_city_drivers": "No", "latitude": 40.745042, "longitude": -73.936191, "community_district": 402.0, "council_district": 26.0, "census_tract": 17902.0, "bin": 4003533.0, "bbl": 4002770001.0, "nta": "QN0202", "station_id": "urn:agentwin:city:ev-charging-station:ef2e8327a9eddcc2c4c67a2b98e0df2dc7dc2576fd71410c897c9daba6021b78" }, "geometry": { "type": "Point", "coordinates": [ -73.936191, 40.745042 ] } },
{ "type": "Feature", "properties": { "agency": "DDC", "station_name": "DDC - 30-20 Thomson Ave, Queens", "charger_types": [ "EV Solar Arc Charger" ], "no_of_ports": 2, "street": "30-20 Thomson Ave", "city": "Long Island City", "postcode": "11101", "borough": "Queens", "public_charger_": "No", "fee_for_city_drivers": "No", "latitude": 40.745095, "longitude": -73.936635, "community_district": 402.0, "council_district": 26.0, "census_tract": 17902.0, "bin": 4003517.0, "bbl": 4002740001.0, "nta": "QN0202", "station_id": "urn:agentwin:city:ev-charging-station:931fbc94249e7184699edf0a3d7cdf0a0ee47e601f58feca16ee7fc420eb1728" }, "geometry": { "type": "Point", "coordinates": [ -73.936635, 40.745095 ] } },
{ "type": "Feature", "properties": { "agency": "DEP", "station_name": "DEP - 2501 Knapp St, Brooklyn", "charger_types": [ "Level 2 Charger" ], "no_of_ports": 2, "street": "2501 Knapp St", "city": "Brooklyn", "postcode": "11235", "borough": "Brooklyn", "public_charger_": "No", "fee_for_city_drivers": "No", "latitude": 40.592214, "longitude": -73.932546, "community_district": 315.0, "council_district": 46.0, "census_tract": 628.0, "bin": 3414032.0, "bbl": 3088350001.0, "nta": "BK1503", "station_id": "urn:agentwin:city:ev-charging-station:4f5a93fc7f9476c1229ded245e27d19ff14c7c04d92663ed4805d0509f5edfa4" }, "geometry": { "type": "Point", "coordinates": [ -73.932546, 40.592214 ] } },
{ "type": "Feature", "properties": { "agency": "DEP", "station_name": "DEP - 2405 Amsterdam Avenue, Manhattan", "charger_types": [ "Level 3 Fast Charger" ], "no_of_ports": 2, "street": "2405 Amsterdam Avenue", "city": "New York", "postcode": "10033", "borough": "Manhattan", "public_charger_": "No", "fee_for_city_drivers": "No", "latitude": 40.846982, "longitude": -73.931709, "community_district": 112.0, "council_district": 10.0, "census_tract": 311.0, "bin": 1076738.0, "bbl": 1021060001.0, "nta": "MN1291", "station_id": "urn:agentwin:city:ev-charging-station:c80469b31925caeb689b85b48f1234a77d1a0e1ce6df2fd9122e2c85e91703ad" }, "geometry": { "type": "Point", "coordinates": [ -73.931709, 40.846982 ] } },
{ "type": "Feature", "properties": { "agency": "DEP", "station_name": "DEP - 12266 Flatlands Ave, Brooklyn", "charger_types": [ "Level 2 Charger", "Level 3 Fast Charger" ], "no_of_ports": 12, "street": "12266 Flatlands Ave", "city": "Brooklyn", "postcode": "11207", "borough": "Brooklyn", "public_charger_": "No", "fee_for_city_drivers": "No", "latitude": 40.654817, "longitude": -73.881479, "community_district": 305.0, "council_district": 42.0, "census_tract": 107003.0, "bin": 3000000.0, "bbl": 3044400001.0, "nta": "BK0504", "station_id": "urn:agentwin:city:ev-charging-station:ede7be6898a28a64efdd90aaf682dedbecffee007458b3b1be6a5b57dedb8ed1" }, "geometry": { "type": "Point", "coordinates": [ -73.881479, 40.654817 ] } },
{ "type": "Feature", "properties": { "agency": "DEP", "station_name": "DEP - 1540 Van Siclen Ave, Brooklyn", "charger_types": [ "Level 3 Fast Charger" ], "no_of_ports": 1, "street": "1540 Van Siclen Ave", "city": "Starrett City", "postcode": "11239", "borough": "Brooklyn", "public_charger_": "No", "fee_for_city_drivers": "No", "latitude": 40.648214, "longitude": -73.877613, "community_district": 305.0, "council_district": 42.0, "census_tract": 105801.0, "bin": 3343608.0, "bbl": 3044520200.0, "nta": "BK0504", "station_id": "urn:agentwin:city:ev-charging-station:e5aaf1e66aa33b350ee1cea64e5fda1c8f877d80785c163758ba35c0be70560d" }, "geometry": { "type": "Point", "coordinates": [ -73.877613, 40.648214 ] } },
{ "type": "Feature", "properties": { "agency": "DEP", "station_name": "DEP - 3701 Jerome Ave, Bronx", "charger_types": [ "EV Solar Arc Charger", "Level 2 Charger", "Level 3 Fast Charger" ], "no_of_ports": 7, "street": "3701 Jerome Ave", "city": "Bronx", "postcode": "10467", "borough": "Bronx", "public_charger_": "No", "fee_for_city_drivers": "No", "latitude": 40.887018, "longitude": -73.878095, "community_district": 226.0, "council_district": 11.0, "census_tract": 43503.0, "bin": 2112995.0, "bbl": 2059000001.0, "nta": "BX2691", "station_id": "urn:agentwin:city:ev-charging-station:d8b7d0b767a4b32b9325a088e9b55ddf5ff5dddcdb4b70384d913c54fe2fcc9c" }, "geometry": { "type": "Point", "coordinates": [ -73.878095, 40.887018 ] } },
{ "type": "Feature", "properties": { "agency": "DEP", "station_name": "DEP - 623 Myrtle Ave, Brooklyn", "charger_types": [ "Level 2 Charger" ], "no_of_ports": 4, "street": "623 Myrtle Ave", "city": "Bedford-Stuyvesant", "postcode": "11205", "borough": "Brooklyn", "public_charger_": "No", "fee_for_city_drivers": "No", "latitude": 40.694275, "longitude": -73.958854, "community_district": 303.0, "council_district": 33.0, "census_tract": 1237.0, "bin": 3341943.0, "bbl": 3018980001.0, "nta": "BK0301", "station_id": "urn:agentwin:city:ev-charging-station:81dfa21f1544576b88dd4c3c7009911ffaa0cff760b34ef643039bcb042a08b3" }, "geometry": { "type": "Point", "coordinates": [ -73.958854, 40.694275 ] } },
{ "type": "Feature", "properties": { "agency": "DEP", "station_name": "DEP - 7 Ward's Island Bridge, Manhattan", "charger_types": [ "Level 2 Charger" ], "no_of_ports": 2, "street": "7 Ward's Island Bridge", "city": "New York", "postcode": "10035", "borough": "Manhattan", "public_charger_": "No", "fee_for_city_drivers": "No", "latitude": 40.792839, "longitude": -73.922819, "community_district": 111.0, "council_district": 8.0, "census_tract": 240.0, "bin": 1000000.0, "bbl": 1018190015.0, "nta": "MN1191", "station_id": "urn:agentwin:city:ev-charging-station:7cd2ca9900ffda191022d81844b4048a487dd3f803b610fd472b1a5afe15dc55" }, "geometry": { "type": "Point", "coordinates": [ -73.922819, 40.792839 ] } },
{ "type": "Feature", "properties": { "agency": "DEP", "station_name": "DEP - 116 K Rd, Manhattan", "charger_types": [ "EV Solar Arc Charger" ], "no_of_ports": 4, "street": "116 K Rd", "city": "New York", "postcode": "10035", "borough": "Manhattan", "public_charger_": "No", "fee_for_city_drivers": "No", "latitude": 40.791469, "longitude": -73.921474, "community_district": 111.0, "council_district": 8.0, "census_tract": 240.0, "bin": 1089375.0, "bbl": 1018190030.0, "nta": "MN1191", "station_id": "urn:agentwin:city:ev-charging-station:2657dc53234b9cabe9954a4158da3dc428b4973cbf425a0574dfb39bae582f39" }, "geometry": { "type": "Point", "coordinates": [ -73.921474, 40.791469 ] } },
{ "type": "Feature", "properties": { "agency": "DEP", "station_name": "DEP - 117 K Rd, Manhattan", "charger_types": [ "EV Solar Arc Charger" ], "no_of_ports": 1, "street": "117 K Rd", "city": "New York", "postcode": "10035", "borough": "Manhattan", "public_charger_": "No", "fee_for_city_drivers": "No", "latitude": 40.791483, "longitude": -73.921463, "community_district": 111.0, "council_district": 8.0, "census_tract": 240.0, "bin": 1088056.0, "bbl": 1018190015.0, "nta": "MN1191", "station_id": "urn:agentwin:city:ev-charging-station:c7bb90471578b07543b9539b6bcc968f899880627e1beee55eb5e60990043038" }, "geometry": { "type": "Point", "coordinates": [ -73.921463, 40.791483 ] } },
{ "type": "Feature", "properties": { "agency": "DEP", "station_name": "DEP - 930 Zerega Ave, Bronx", "charger_types": [ "Level 2 Charger", "Level 3 Fast Charger" ], "no_of_ports": 20, "street": "930 Zerega Ave", "city": "East Bronx", "postcode": "10473", "borough": "Bronx", "public_charger_": "No", "fee_for_city_drivers": "No", "latitude": 40.827109, "longitude": -73.843596, "community_district": 209.0, "council_district": 18.0, "census_tract": 90.0, "bin": 2023318.0, "bbl": 2037060001.0, "nta": "BX0903", "station_id": "urn:agentwin:city:ev-charging-station:00d6a7afd786f64e0b6870e8076f87fd732870a13c0259af74eda93c702518de" }, "geometry": { "type": "Point", "coordinates": [ -73.843596, 40.827109 ] } },
{ "type": "Feature", "properties": { "agency": "DEP", "station_name": "DEP - 43-1 Berrian Blvd, Queens", "charger_types": [ "Level 2 Charger", "Level 3 Fast Charger" ], "no_of_ports": 7, "street": "43-1 Berrian Blvd", "city": "Queens", "postcode": "11105", "borough": "Queens", "public_charger_": "No", "fee_for_city_drivers": "No", "latitude": 40.778421, "longitude": -73.894593, "community_district": 401.0, "council_district": 22.0, "census_tract": 10701.0, "bin": 4442400.0, "bbl": 4007760150.0, "nta": "QN0101", "station_id": "urn:agentwin:city:ev-charging-station:385ac49db5337aa0d3fd4ca45306857b63a15011aa085c2d8c9eddf4ef753c23" }, "geometry": { "type": "Point", "coordinates": [ -73.894593, 40.778421 ] } },
{ "type": "Feature", "properties": { "agency": "DEP", "station_name": "DEP - 855 Remsen Ave, Brooklyn", "charger_types": [ "Level 3 Fast Charger" ], "no_of_ports": 4, "street": "855 Remsen Ave", "city": "Brooklyn", "postcode": "11236", "borough": "Brooklyn", "public_charger_": "No", "fee_for_city_drivers": "No", "latitude": 40.646913, "longitude": -73.913395, "community_district": 318.0, "council_district": 42.0, "census_tract": 960.0, "bin": 3397904.0, "bbl": 3081160001.0, "nta": "BK1803", "station_id": "urn:agentwin:city:ev-charging-station:dd096b815cc0c575ab2b08815a8d1a41b9918e3591b209156ba49aaba76f7b35" }, "geometry": { "type": "Point", "coordinates": [ -73.913395, 40.646913 ] } },
{ "type": "Feature", "properties": { "agency": "DEP", "station_name": "DEP - 22 N 15th St, Brooklyn", "charger_types": [ "EV Solar Arc Charger" ], "no_of_ports": 1, "street": "22 N 15th St", "city": "Brooklyn", "postcode": "11222", "borough": "Brooklyn", "public_charger_": "No", "fee_for_city_drivers": "No", "latitude": 40.724694, "longitude": -73.956901, "community_district": 301.0, "council_district": 33.0, "census_tract": 561.0, "bin": 3065473.0, "bbl": 3026130001.0, "nta": "BK0101", "station_id": "urn:agentwin:city:ev-charging-station:089bbcedff6d1f9d9e378790abdeb6609a685a16bb5ad8ea4ce148c0b08f4f8b" }, "geometry": { "type": "Point", "coordinates": [ -73.956901, 40.724694 ] } },
{ "type": "Feature", "properties": { "agency": "DEP", "station_name": "DEP - 3201 Jerome Ave, Bronx", "charger_types": [ "EV Solar Arc Charger", "Level 3 Fast Charger" ], "no_of_ports": 4, "street": "3201 Jerome Ave", "city": "The Bronx", "postcode": "10468", "borough": "Bronx", "public_charger_": "No", "fee_for_city_drivers": "No", "latitude": 40.877534, "longitude": -73.887189, "community_district": 207.0, "council_district": 11.0, "census_tract": 409.0, "bin": 2015443.0, "bbl": 2032510401.0, "nta": "BX0702", "station_id": "urn:agentwin:city:ev-charging-station:31bade07fc9cae7e415d1144bad008fc3bcce143a347558e6e98cc9d19093ab1" }, "geometry": { "type": "Point", "coordinates": [ -73.887189, 40.877534 ] } },
{ "type": "Feature", "properties": { "agency": "DEP", "station_name": "DEP - 1270 Victory Blvd, Staten Island", "charger_types": [ "Level 2 Charger" ], "no_of_ports": 2, "street": "1270 Victory Blvd", "city": "Staten Island", "postcode": "10301", "borough": "Staten Island", "public_charger_": "No", "fee_for_city_drivers": "No", "latitude": 40.615436, "longitude": -74.105751, "community_district": 501.0, "council_district": 49.0, "census_tract": 16901.0, "bin": 5112448.0, "bbl": 5006690001.0, "nta": "SI0105", "station_id": "urn:agentwin:city:ev-charging-station:417138a80453f1025e1f808a722fb8567f8fab90bed13b14ca7a370fc94d6ecb" }, "geometry": { "type": "Point", "coordinates": [ -74.105751, 40.615436 ] } },
{ "type": "Feature", "properties": { "agency": "DEP", "station_name": "DEP - 201 Douglass St, Brooklyn", "charger_types": [ "Level 2 Charger" ], "no_of_ports": 2, "street": "201 Douglass St", "city": "Brooklyn", "postcode": "11217", "borough": "Brooklyn", "public_charger_": "No", "fee_for_city_drivers": "No", "latitude": 40.681639, "longitude": -73.987684, "community_district": 306.0, "council_district": 39.0, "census_tract": 71.0, "bin": 3336088.0, "bbl": 3004110014.0, "nta": "BK0601", "station_id": "urn:agentwin:city:ev-charging-station:4b79370ba57cd637822b888ce553c03e1a886239469fb9a27ab6a81a4cfe9965" }, "geometry": { "type": "Point", "coordinates": [ -73.987684, 40.681639 ] } },
{ "type": "Feature", "properties": { "agency": "DEP", "station_name": "DEP - 305 Seigel St, Brooklyn", "charger_types": [ "Level 2 Charger" ], "no_of_ports": 2, "street": "305 Seigel St", "city": "East Williamsburg", "postcode": "11206", "borough": "Brooklyn", "public_charger_": "No", "fee_for_city_drivers": "No", "latitude": 40.705517, "longitude": -73.934242, "community_district": 301.0, "council_district": 34.0, "census_tract": 485.0, "bin": null, "bbl": null, "nta": "BK0104", "station_id": "urn:agentwin:city:ev-charging-station:8e5a06cb13011d27ad0fbfbbfb7b248e89775fcd75b24685978c1316b97307a4" }, "geometry": { "type": "Point", "coordinates": [ -73.934242, 40.705517 ] } },
{ "type": "Feature", "properties": { "agency": "DEP", "station_name": "DEP - 164-11 110th Avenue, Queens", "charger_types": [ "Level 3 Fast Charger" ], "no_of_ports": 2, "street": "164-11 110th Avenue", "city": "Queens", "postcode": "11433", "borough": "Queens", "public_charger_": "No", "fee_for_city_drivers": "No", "latitude": 40.693916, "longitude": -73.787682, "community_district": 412.0, "council_district": 27.0, "census_tract": 258.0, "bin": 4216720.0, "bbl": 4101820032.0, "nta": "QN1202", "station_id": "urn:agentwin:city:ev-charging-station:992046a170f2a96ebf6c628c84929b33250561b2f5496f0d4c79afe04b5958d4" }, "geometry": { "type": "Point", "coordinates": [ -73.787682, 40.693916 ] } },
{ "type": "Feature", "properties": { "agency": "DEP", "station_name": "DEP - 164-21 110th Avenue, Queens", "charger_types": [ "Level 3 Fast Charger" ], "no_of_ports": 1, "street": "164-21 110th Avenue", "city": "Queens", "postcode": "11433", "borough": "Queens", "public_charger_": "No", "fee_for_city_drivers": "No", "latitude": 40.694094, "longitude": -73.787263, "community_district": 412.0, "council_district": 27.0, "census_tract": 258.0, "bin": 4216773.0, "bbl": 4101850125.0, "nta": "QN1202", "station_id": "urn:agentwin:city:ev-charging-station:ec51861af08c1b28c38969562620aa5984427409a35e650b298d272d3496a1ed" }, "geometry": { "type": "Point", "coordinates": [ -73.787263, 40.694094 ] } },
{ "type": "Feature", "properties": { "agency": "DEP", "station_name": "DEP - 1270 Ryawa Ave, Bronx", "charger_types": [ "Level 3 Fast Charger" ], "no_of_ports": 6, "street": "1270 Ryawa Ave", "city": "Bronx", "postcode": "10474", "borough": "Bronx", "public_charger_": "No", "fee_for_city_drivers": "No", "latitude": 40.804827, "longitude": -73.884759, "community_district": 202.0, "council_district": 17.0, "census_tract": 9302.0, "bin": 2118156.0, "bbl": 2027800002.0, "nta": "BX0201", "station_id": "urn:agentwin:city:ev-charging-station:d207e55cd7d5566772d2459ed38ff4ffa8ee34dbb7b705b7f2f6885b76ef556f" }, "geometry": { "type": "Point", "coordinates": [ -73.884759, 40.804827 ] } },
{ "type": "Feature", "properties": { "agency": "DEP", "station_name": "DEP - 150-20 134Th St, Queens", "charger_types": [ "Level 2 Charger", "Level 3 Fast Charger" ], "no_of_ports": 5, "street": "150-20 134Th St", "city": "Jamaica", "postcode": "11420", "borough": "Queens", "public_charger_": "No", "fee_for_city_drivers": "No", "latitude": 40.662964, "longitude": -73.806765, "community_district": 410.0, "council_district": 31.0, "census_tract": 716.0, "bin": 4459547.0, "bbl": 4119000002.0, "nta": "QN8381", "station_id": "urn:agentwin:city:ev-charging-station:eec43b1da9c94c665b0712001b3074192c604624153d804fc9e3f9b37dc72b3f" }, "geometry": { "type": "Point", "coordinates": [ -73.806765, 40.662964 ] } },
{ "type": "Feature", "properties": { "agency": "DEP", "station_name": "DEP - 3055 Goulden Avenue, Bronx", "charger_types": [ "Level 3 Fast Charger" ], "no_of_ports": 1, "street": "3055 Goulden Avenue", "city": "Bronx", "postcode": "10468", "borough": "Bronx", "public_charger_": "No", "fee_for_city_drivers": "No", "latitude": 40.877917, "longitude": -73.892251, "community_district": 208.0, "council_district": 11.0, "census_tract": 409.0, "bin": 2015221.0, "bbl": 2032460001.0, "nta": "BX0702", "station_id": "urn:agentwin:city:ev-charging-station:3172f2a7184654334df4e01b509efcc22f6aca3b04352b72aeb4e7e7dccd3636" }, "geometry": { "type": "Point", "coordinates": [ -73.892251, 40.877917 ] } },
{ "type": "Feature", "properties": { "agency": "DEP", "station_name": "DEP - 59-17 Junction Blvd, Queens", "charger_types": [ "Level 2 Charger" ], "no_of_ports": 20, "street": "59-17 Junction Blvd", "city": "Flushing", "postcode": "11373", "borough": "Queens", "public_charger_": "No", "fee_for_city_drivers": "No", "latitude": 40.734606, "longitude": -73.864774, "community_district": 404.0, "council_district": 21.0, "census_tract": 455.0, "bin": 4047310.0, "bbl": 4019180001.0, "nta": "QN0402", "station_id": "urn:agentwin:city:ev-charging-station:e7344d7ade4c028800346a0dc85122cb642c62b03f11d0dcc1e8b8c356dffb27" }, "geometry": { "type": "Point", "coordinates": [ -73.864774, 40.734606 ] } },
{ "type": "Feature", "properties": { "agency": "DEP", "station_name": "DEP - 96-08 57Th Ave, Queens", "charger_types": [ "Level 2 Charger" ], "no_of_ports": 10, "street": "96-08 57Th Ave", "city": "Corona", "postcode": "11368", "borough": "Queens", "public_charger_": "No", "fee_for_city_drivers": "No", "latitude": 40.73698, "longitude": -73.864625, "community_district": 404.0, "council_district": 21.0, "census_tract": 455.0, "bin": 4047316.0, "bbl": 4019180055.0, "nta": "QN0402", "station_id": "urn:agentwin:city:ev-charging-station:14ad3c03af2069103cf8156ee21c28c26e539497f2cf1d95b04b6807a7c21f3e" }, "geometry": { "type": "Point", "coordinates": [ -73.864625, 40.73698 ] } },
{ "type": "Feature", "properties": { "agency": "DEP", "station_name": "DEP - 58-17 Junction Blvd, Queens", "charger_types": [ "Level 2 Charger" ], "no_of_ports": 6, "street": "58-17 Junction Blvd", "city": "Flushing", "postcode": "11373", "borough": "Queens", "public_charger_": "No", "fee_for_city_drivers": "No", "latitude": 40.735229, "longitude": -73.865098, "community_district": 404.0, "council_district": 21.0, "census_tract": 455.0, "bin": 4047312.0, "bbl": 4019180025.0, "nta": "QN0402", "station_id": "urn:agentwin:city:ev-charging-station:4f7114ff5cc43e30c688df5194ea4d629e46fc459cfa1a032cc071a4b507411a" }, "geometry": { "type": "Point", "coordinates": [ -73.865098, 40.735229 ] } },
{ "type": "Feature", "properties": { "agency": "DEP", "station_name": "DEP - 28 Pike St, Manhattan", "charger_types": [ "Level 2 Charger" ], "no_of_ports": 2, "street": "28 Pike St", "city": "New York", "postcode": "10002", "borough": "Manhattan", "public_charger_": "No", "fee_for_city_drivers": "No", "latitude": 40.71282, "longitude": -73.992461, "community_district": 103.0, "council_district": 1.0, "census_tract": 8.0, "bin": null, "bbl": null, "nta": "MN0301", "station_id": "urn:agentwin:city:ev-charging-station:ad6a9414e97d3ac4252a4130444b4f52e2f9aacec6a0c16fbf7e25ba7cf23002" }, "geometry": { "type": "Point", "coordinates": [ -73.992461, 40.71282 ] } },
{ "type": "Feature", "properties": { "agency": "DEP", "station_name": "DEP - 30 Pike St, Manhattan", "charger_types": [ "Level 3 Fast Charger" ], "no_of_ports": 1, "street": "30 Pike St", "city": "New York", "postcode": "10002", "borough": "Manhattan", "public_charger_": "No", "fee_for_city_drivers": "No", "latitude": 40.712735, "longitude": -73.99245, "community_district": 103.0, "council_district": 1.0, "census_tract": 8.0, "bin": 1003286.0, "bbl": 1002750028.0, "nta": "MN0301", "station_id": "urn:agentwin:city:ev-charging-station:3f0a4aa8bcd0db85fe4c158286ab4c0dc33ab817c9e71cd140689ab926fc4ac0" }, "geometry": { "type": "Point", "coordinates": [ -73.99245, 40.712735 ] } },
{ "type": "Feature", "properties": { "agency": "DEP", "station_name": "DEP - 886 St Nicholas Ave, Manhattan", "charger_types": [ "Level 3 Fast Charger" ], "no_of_ports": 2, "street": "886 St Nicholas Ave", "city": "New York", "postcode": "10032", "borough": "Manhattan", "public_charger_": "No", "fee_for_city_drivers": "No", "latitude": 40.83028, "longitude": -73.941602, "community_district": 109.0, "council_district": 9.0, "census_tract": 23501.0, "bin": 1075503.0, "bbl": 1020690026.0, "nta": "MN0903", "station_id": "urn:agentwin:city:ev-charging-station:2a9b80740b15e10528a299729ed6724b1241804ed2cbfd951962b026f59e2d01" }, "geometry": { "type": "Point", "coordinates": [ -73.941602, 40.83028 ] } },
{ "type": "Feature", "properties": { "agency": "DEP", "station_name": "DEP - 329 Greenpoint Ave, Brooklyn", "charger_types": [ "Level 2 Charger" ], "no_of_ports": 16, "street": "329 Greenpoint Ave", "city": "Brooklyn", "postcode": "11222", "borough": "Brooklyn", "public_charger_": "No", "fee_for_city_drivers": "No", "latitude": 40.731483, "longitude": -73.946271, "community_district": 301.0, "council_district": 33.0, "census_tract": 57902.0, "bin": 3332517.0, "bbl": 3025250001.0, "nta": "BK0101", "station_id": "urn:agentwin:city:ev-charging-station:bed650477ad869e1efe371115f8c616477f4d104c139e190ac4f24306f2f5c97" }, "geometry": { "type": "Point", "coordinates": [ -73.946271, 40.731483 ] } },
{ "type": "Feature", "properties": { "agency": "DEP", "station_name": "DEP - 267 Greenpoint Ave, Brooklyn", "charger_types": [ "EV Solar Arc Charger" ], "no_of_ports": 2, "street": "267 Greenpoint Ave", "city": "Greenpoint", "postcode": "11222", "borough": "Brooklyn", "public_charger_": "No", "fee_for_city_drivers": "No", "latitude": 40.730718, "longitude": -73.948891, "community_district": 301.0, "council_district": 33.0, "census_tract": 57902.0, "bin": 3398219.0, "bbl": 3025250001.0, "nta": "BK0101", "station_id": "urn:agentwin:city:ev-charging-station:4f1cd5dea0db7c8d63f777b54dfecb17372e3d3cdf120e788ee52d9fcd75c650" }, "geometry": { "type": "Point", "coordinates": [ -73.948891, 40.730718 ] } },
{ "type": "Feature", "properties": { "agency": "DEP", "station_name": "DEP - 751 Mill Road, Staten Island", "charger_types": [ "Level 2 Charger", "Level 3 Fast Charger" ], "no_of_ports": 8, "street": "751 Mill Road", "city": "Staten Island", "postcode": "10306", "borough": "Staten Island", "public_charger_": "No", "fee_for_city_drivers": "No", "latitude": 40.552071, "longitude": -74.116133, "community_district": 503.0, "council_district": 50.0, "census_tract": 12805.0, "bin": 5135536.0, "bbl": 5050670500.0, "nta": "SI0301", "station_id": "urn:agentwin:city:ev-charging-station:73f731c4c90d0e34eef5dbffa1cd5ad74f669479ab2c514ca4dce020ab43c5ee" }, "geometry": { "type": "Point", "coordinates": [ -74.116133, 40.552071 ] } },
{ "type": "Feature", "properties": { "agency": "DEP", "station_name": "DEP - 6700 Shore Rd, Brooklyn", "charger_types": [ "Level 2 Charger", "Level 3 Fast Charger" ], "no_of_ports": 10, "street": "6700 Shore Rd", "city": "Brooklyn", "postcode": "11220", "borough": "Brooklyn", "public_charger_": "No", "fee_for_city_drivers": "No", "latitude": 40.6418, "longitude": -74.034055, "community_district": 310.0, "council_district": 47.0, "census_tract": 34.0, "bin": 3391506.0, "bbl": 3058350001.0, "nta": "BK1001", "station_id": "urn:agentwin:city:ev-charging-station:b5804cf9beec9e98a88df22b2b9fad69badc2c326a8f7c0105c02fe215dd87cd" }, "geometry": { "type": "Point", "coordinates": [ -74.034055, 40.6418 ] } },
{ "type": "Feature", "properties": { "agency": "DEP", "station_name": "DEP - 1875 Ralph Ave, Brooklyn", "charger_types": [ "Level 3 Fast Charger" ], "no_of_ports": 1, "street": "1875 Ralph Ave", "city": "Bergen Beach", "postcode": "11234", "borough": "Brooklyn", "public_charger_": "No", "fee_for_city_drivers": "No", "latitude": 40.631422, "longitude": -73.91852, "community_district": 318.0, "council_district": 46.0, "census_tract": 69601.0, "bin": 3398530.0, "bbl": 3083380001.0, "nta": "BK1802", "station_id": "urn:agentwin:city:ev-charging-station:d2ba90f71354e3e868817452201bba8942a7f67c91d5b6a5de33c642323e0596" }, "geometry": { "type": "Point", "coordinates": [ -73.91852, 40.631422 ] } },
{ "type": "Feature", "properties": { "agency": "DEP", "station_name": "DEP - 1801 Richmond Terr, Staten Island", "charger_types": [ "Level 3 Fast Charger" ], "no_of_ports": 5, "street": "1801 Richmond Terr", "city": "Staten Island", "postcode": "10310", "borough": "Staten Island", "public_charger_": "No", "fee_for_city_drivers": "No", "latitude": 40.637232, "longitude": -74.125556, "community_district": 501.0, "council_district": 49.0, "census_tract": 13302.0, "bin": 5156437.0, "bbl": 5001850400.0, "nta": "SI0106", "station_id": "urn:agentwin:city:ev-charging-station:fac90a634f3ada2ada825aca446f5f36730536f5e176aed9beef5724af71d6b6" }, "geometry": { "type": "Point", "coordinates": [ -74.125556, 40.637232 ] } },
{ "type": "Feature", "properties": { "agency": "DEP", "station_name": "DEP - 133-25 32nd Ave, Queens", "charger_types": [ "Level 2 Charger", "Level 3 Fast Charger" ], "no_of_ports": 11, "street": "133-25 32nd Ave", "city": "Queens", "postcode": "11354", "borough": "Queens", "public_charger_": "No", "fee_for_city_drivers": "No", "latitude": 40.766974, "longitude": -73.835301, "community_district": 407.0, "council_district": 20.0, "census_tract": 869.0, "bin": 4100766.0, "bbl": 4044060001.0, "nta": "QN0707", "station_id": "urn:agentwin:city:ev-charging-station:4939a5ed205b42a8b839b0d2476a8ba39f8a7b3371e55399c7b794717cfed0c8" }, "geometry": { "type": "Point", "coordinates": [ -73.835301, 40.766974 ] } },
{ "type": "Feature", "properties": { "agency": "DEP", "station_name": "DEP - 106-36 180Th St, Queens", "charger_types": [ "EV Solar Arc Charger", "Level 2 Charger", "Level 3 Fast Charger" ], "no_of_ports": 14, "street": "106-36 180Th St", "city": "Jamaica", "postcode": "11433", "borough": "Queens", "public_charger_": "No", "fee_for_city_drivers": "No", "latitude": 40.703128, "longitude": -73.77772, "community_district": 412.0, "council_district": 27.0, "census_tract": 414.0, "bin": 4459328.0, "bbl": 4103350032.0, "nta": "QN1202", "station_id": "urn:agentwin:city:ev-charging-station:e476bbacd8557b472c1fab0e1e30c5b1d88ff8948689ef4c53f504769b871f17" }, "geometry": { "type": "Point", "coordinates": [ -73.77772, 40.703128 ] } },
{ "type": "Feature", "properties": { "agency": "DEP", "station_name": "DEP - 49-14 Fresh Meadow Ln, Queens", "charger_types": [ "Level 2 Charger", "Level 3 Fast Charger" ], "no_of_ports": 6, "street": "49-14 Fresh Meadow Ln", "city": "Queens", "postcode": "11365", "borough": "Queens", "public_charger_": "No", "fee_for_city_drivers": "No", "latitude": 40.747092, "longitude": -73.794673, "community_district": 407.0, "council_district": 20.0, "census_tract": 120701.0, "bin": 4438242.0, "bbl": 4055800140.0, "nta": "QN0705", "station_id": "urn:agentwin:city:ev-charging-station:c881b74071994d96f6eaaddda4a1c55f834c030e6ab491a26d2487664428225b" }, "geometry": { "type": "Point", "coordinates": [ -73.794673, 40.747092 ] } },
{ "type": "Feature", "properties": { "agency": "DEP", "station_name": "DEP - 63 Flushing Ave, Brooklyn", "charger_types": [ "Level 2 Charger", "Level 3 Fast Charger" ], "no_of_ports": 4, "street": "63 Flushing Ave", "city": "Brooklyn", "postcode": "11205", "borough": "Brooklyn", "public_charger_": "No", "fee_for_city_drivers": "No", "latitude": 40.69802, "longitude": -73.974986, "community_district": 302.0, "council_district": 33.0, "census_tract": 543.0, "bin": 3335129.0, "bbl": 3020230001.0, "nta": "BK0261", "station_id": "urn:agentwin:city:ev-charging-station:f84cdee1910913fa9d80f68258b937b2e003a854aff7270a892288e806403035" }, "geometry": { "type": "Point", "coordinates": [ -73.974986, 40.69802 ] } },
{ "type": "Feature", "properties": { "agency": "DEP", "station_name": "DEP - 182 Joline Ave, Staten Island", "charger_types": [ "EV Solar Arc Charger" ], "no_of_ports": 2, "street": "182 Joline Ave", "city": "Staten Island", "postcode": "10307", "borough": "Staten Island", "public_charger_": "No", "fee_for_city_drivers": "No", "latitude": 40.508319, "longitude": -74.235614, "community_district": 503.0, "council_district": 51.0, "census_tract": 24401.0, "bin": 5087579.0, "bbl": 5078410154.0, "nta": "SI0305", "station_id": "urn:agentwin:city:ev-charging-station:32373d2783b83d3200d8c109a5b11e44cd330c09543e3bf60cf9655cfada22fc" }, "geometry": { "type": "Point", "coordinates": [ -74.235614, 40.508319 ] } },
{ "type": "Feature", "properties": { "agency": "DEP", "station_name": "DEP - 350 Flushing Ave, Brooklyn", "charger_types": [ "Level 3 Fast Charger" ], "no_of_ports": 2, "street": "350 Flushing Ave", "city": "Brooklyn", "postcode": "11205", "borough": "Brooklyn", "public_charger_": "No", "fee_for_city_drivers": "No", "latitude": 40.69834, "longitude": -73.960921, "community_district": 303.0, "council_district": 33.0, "census_tract": 1237.0, "bin": 3054189.0, "bbl": 3018820001.0, "nta": "BK0301", "station_id": "urn:agentwin:city:ev-charging-station:89b5b49012bf1f49d153dcb65396bf622dbabf03d19e5ac1b2b9e999cb7a4eb0" }, "geometry": { "type": "Point", "coordinates": [ -73.960921, 40.69834 ] } },
{ "type": "Feature", "properties": { "agency": "DEP", "station_name": "DEP - 127-01 Powell Cove Blvd, Queens", "charger_types": [ "Level 3 Fast Charger" ], "no_of_ports": 2, "street": "127-01 Powell Cove Blvd", "city": "Queens", "postcode": "11356", "borough": "Queens", "public_charger_": "No", "fee_for_city_drivers": "No", "latitude": 40.793864, "longitude": -73.840525, "community_district": 407.0, "council_district": 19.0, "census_tract": 939.0, "bin": 4453834.0, "bbl": 4039250001.0, "nta": "QN0701", "station_id": "urn:agentwin:city:ev-charging-station:29c856c6067d0e2cd832c2e8d8078ec561ca8f8e6c1ef660c792a70955aa6384" }, "geometry": { "type": "Point", "coordinates": [ -73.840525, 40.793864 ] } },
{ "type": "Feature", "properties": { "agency": "DEP", "station_name": "DEP - 725 W 135Th St, Manhattan", "charger_types": [ "Level 2 Charger", "Level 3 Fast Charger" ], "no_of_ports": 12, "street": "725 W 135Th St", "city": "New York", "postcode": "10031", "borough": "Manhattan", "public_charger_": "No", "fee_for_city_drivers": "No", "latitude": 40.821384, "longitude": -73.9581, "community_district": 109.0, "council_district": 7.0, "census_tract": 22301.0, "bin": 1084789.0, "bbl": 1021010117.0, "nta": "MN0902", "station_id": "urn:agentwin:city:ev-charging-station:0e17133edb70339fbc6bea2611fb6a44169bc39ab162668679e3ea350cc6290f" }, "geometry": { "type": "Point", "coordinates": [ -73.9581, 40.821384 ] } },
{ "type": "Feature", "properties": { "agency": "DEP", "station_name": "DEP - 148 6 Dr, Manhattan", "charger_types": [ "Level 2 Charger" ], "no_of_ports": 1, "street": "148 6 Dr", "city": "New York", "postcode": "10035", "borough": "Manhattan", "public_charger_": "No", "fee_for_city_drivers": "No", "latitude": 40.788869, "longitude": -73.920097, "community_district": 111.0, "council_district": 8.0, "census_tract": 240.0, "bin": 1088060.0, "bbl": 1018190015.0, "nta": "MN1191", "station_id": "urn:agentwin:city:ev-charging-station:4ce97a44e5c1e84f74fb27bd658d7039347c557206b470697ee8eb878c929b1b" }, "geometry": { "type": "Point", "coordinates": [ -73.920097, 40.788869 ] } },
{ "type": "Feature", "properties": { "agency": "DEP", "station_name": "DEP - 104 B Rd, Manhattan", "charger_types": [ "Level 2 Charger", "Level 3 Fast Charger" ], "no_of_ports": 4, "street": "104 B Rd", "city": "New York", "postcode": "10035", "borough": "Manhattan", "public_charger_": "No", "fee_for_city_drivers": "No", "latitude": 40.787146, "longitude": -73.925083, "community_district": 111.0, "council_district": 8.0, "census_tract": 240.0, "bin": 1088039.0, "bbl": 1018190015.0, "nta": "MN1191", "station_id": "urn:agentwin:city:ev-charging-station:857ef8fd4c273b4bb91b53dff2e3e5d790971b99dfcae0164c3fdcfad866f17f" }, "geometry": { "type": "Point", "coordinates": [ -73.925083, 40.787146 ] } },
{ "type": "Feature", "properties": { "agency": "DEP", "station_name": "DEP - 142 A Rd, Manhattan", "charger_types": [ "Level 2 Charger", "Level 3 Fast Charger" ], "no_of_ports": 5, "street": "142 A Rd", "city": "New York", "postcode": "10035", "borough": "Manhattan", "public_charger_": "No", "fee_for_city_drivers": "No", "latitude": 40.785113, "longitude": -73.923366, "community_district": 111.0, "council_district": 8.0, "census_tract": 240.0, "bin": 1088037.0, "bbl": 1018190015.0, "nta": "MN1191", "station_id": "urn:agentwin:city:ev-charging-station:1cba65cf6e9a9f2954123cb406da47c03a3aac127a6f3f67e8966eb00bb2d5de" }, "geometry": { "type": "Point", "coordinates": [ -73.923366, 40.785113 ] } },
{ "type": "Feature", "properties": { "agency": "DEP", "station_name": "DEP - 149 8 Dr, Manhattan", "charger_types": [ "Level 3 Fast Charger" ], "no_of_ports": 2, "street": "149 8 Dr", "city": "New York", "postcode": "10035", "borough": "Manhattan", "public_charger_": "No", "fee_for_city_drivers": "No", "latitude": 40.788166, "longitude": -73.919762, "community_district": 111.0, "council_district": 8.0, "census_tract": 240.0, "bin": 1088059.0, "bbl": 1018190015.0, "nta": "MN1191", "station_id": "urn:agentwin:city:ev-charging-station:6f654f0a250387b7fe04a9e2624aa513f10f1d5ceb16d6d73f9694df0941e2b8" }, "geometry": { "type": "Point", "coordinates": [ -73.919762, 40.788166 ] } },
{ "type": "Feature", "properties": { "agency": "DEP", "station_name": "DEP - 106 2Nd Dr, Manhattan", "charger_types": [ "Level 2 Charger" ], "no_of_ports": 1, "street": "106 2Nd Dr", "city": "New York", "postcode": "10035", "borough": "Manhattan", "public_charger_": "No", "fee_for_city_drivers": "No", "latitude": 40.788715, "longitude": -73.924539, "community_district": 111.0, "council_district": 8.0, "census_tract": 240.0, "bin": 1088029.0, "bbl": 1018190015.0, "nta": "MN1191", "station_id": "urn:agentwin:city:ev-charging-station:71aca0b1e54987de236e2649925fedbf1509e18a43825720e1e3a0c73259c694" }, "geometry": { "type": "Point", "coordinates": [ -73.924539, 40.788715 ] } },
{ "type": "Feature", "properties": { "agency": "DEP", "station_name": "DEP - 111 3Rd Dr, Manhattan", "charger_types": [ "EV Solar Arc Charger" ], "no_of_ports": 1, "street": "111 3Rd Dr", "city": "New York", "postcode": "10035", "borough": "Manhattan", "public_charger_": "No", "fee_for_city_drivers": "No", "latitude": 40.787573, "longitude": -73.924403, "community_district": 111.0, "council_district": 8.0, "census_tract": 240.0, "bin": 1088032.0, "bbl": 1018190015.0, "nta": "MN1191", "station_id": "urn:agentwin:city:ev-charging-station:6c92c953f3644750b40288033a304e5abd06c743818f6444c5629a64c852b1ac" }, "geometry": { "type": "Point", "coordinates": [ -73.924403, 40.787573 ] } },
{ "type": "Feature", "properties": { "agency": "DEP", "station_name": "DEP - 116 4Th Dr, Manhattan", "charger_types": [ "Level 2 Charger" ], "no_of_ports": 2, "street": "116 4Th Dr", "city": "New York", "postcode": "10035", "borough": "Manhattan", "public_charger_": "No", "fee_for_city_drivers": "No", "latitude": 40.791082, "longitude": -73.921051, "community_district": 111.0, "council_district": 8.0, "census_tract": 240.0, "bin": 1088022.0, "bbl": 1018190030.0, "nta": "MN1191", "station_id": "urn:agentwin:city:ev-charging-station:1d7e30a4c82b2773e6f20824136640b6b29d7b6e33e9f8345873d717a1a05c60" }, "geometry": { "type": "Point", "coordinates": [ -73.921051, 40.791082 ] } },
{ "type": "Feature", "properties": { "agency": "DEP", "station_name": "DEP - 3327-3549 Jerome Ave, Bronx", "charger_types": [ "Level 2 Charger" ], "no_of_ports": 2, "street": "3327-3549 Jerome Ave", "city": "West Bronx", "postcode": "10468", "borough": "Bronx", "public_charger_": "No", "fee_for_city_drivers": "No", "latitude": 40.879456, "longitude": -73.885016, "community_district": 207.0, "council_district": 11.0, "census_tract": 421.0, "bin": null, "bbl": null, "nta": "BX0703", "station_id": "urn:agentwin:city:ev-charging-station:3fec5eb4f3c46ce7252ac2ec670f861e68e275e459c807895a750ebc513fb290" }, "geometry": { "type": "Point", "coordinates": [ -73.885016, 40.879456 ] } },
{ "type": "Feature", "properties": { "agency": "DEP", "station_name": "DEP - 1260 Ryawa Ave, Bronx", "charger_types": [ "Level 2 Charger" ], "no_of_ports": 2, "street": "1260 Ryawa Ave", "city": "Bronx", "postcode": "10474", "borough": "Bronx", "public_charger_": "No", "fee_for_city_drivers": "No", "latitude": 40.804742, "longitude": -73.885322, "community_district": 202.0, "council_district": 17.0, "census_tract": 9302.0, "bin": 2118134.0, "bbl": 2027800002.0, "nta": "BX0201", "station_id": "urn:agentwin:city:ev-charging-station:4779d60f794d937dbbef76b50156019a257fa508ff59e3b28b29a41b010fa962" }, "geometry": { "type": "Point", "coordinates": [ -73.885322, 40.804742 ] } },
{ "type": "Feature", "properties": { "agency": "DEP", "station_name": "DEP - 1887 Ralph Ave, Brooklyn", "charger_types": [ "Level 2 Charger" ], "no_of_ports": 2, "street": "1887 Ralph Ave", "city": "Brooklyn", "postcode": "11234", "borough": "Brooklyn", "public_charger_": "No", "fee_for_city_drivers": "No", "latitude": 40.631239, "longitude": -73.918502, "community_district": 318.0, "council_district": 46.0, "census_tract": 69601.0, "bin": 3398349.0, "bbl": 3083380001.0, "nta": "BK1802", "station_id": "urn:agentwin:city:ev-charging-station:1af6dc3a707306e15b77c9f7985a4d810e3ae99adedd06bfc0d396e9cffc0962" }, "geometry": { "type": "Point", "coordinates": [ -73.918502, 40.631239 ] } },
{ "type": "Feature", "properties": { "agency": "DEP", "station_name": "DEP - 289-369 Greenpoint Ave, Brooklyn", "charger_types": [ "Level 2 Charger" ], "no_of_ports": 1, "street": "289-369 Greenpoint Ave", "city": "Brooklyn", "postcode": "11222", "borough": "Brooklyn", "public_charger_": "No", "fee_for_city_drivers": "No", "latitude": 40.730973, "longitude": -73.947675, "community_district": 301.0, "council_district": 33.0, "census_tract": 57902.0, "bin": null, "bbl": null, "nta": "BK0101", "station_id": "urn:agentwin:city:ev-charging-station:f97156284cfe6fff9ff08f81cca1a634efbd4beab982470167244e9c1a21e04b" }, "geometry": { "type": "Point", "coordinates": [ -73.947675, 40.730973 ] } },
{ "type": "Feature", "properties": { "agency": "DEP", "station_name": "DEP - 2509 Knapp St, Brooklyn", "charger_types": [ "Level 3 Fast Charger" ], "no_of_ports": 1, "street": "2509 Knapp St", "city": "Sheepshead Bay", "postcode": "11235", "borough": "Brooklyn", "public_charger_": "No", "fee_for_city_drivers": "No", "latitude": 40.592085, "longitude": -73.932521, "community_district": 315.0, "council_district": 46.0, "census_tract": 628.0, "bin": 3404766.0, "bbl": 3088340175.0, "nta": "BK1503", "station_id": "urn:agentwin:city:ev-charging-station:8eb7a535c7b3f30c6d495c89606895a8835cb84116785b45f57d69e6105f9fac" }, "geometry": { "type": "Point", "coordinates": [ -73.932521, 40.592085 ] } },
{ "type": "Feature", "properties": { "agency": "DEP", "station_name": "DEP - 58-30 Grand Ave, Queens", "charger_types": [ "Level 2 Charger" ], "no_of_ports": 2, "street": "58-30 Grand Ave", "city": "Maspeth", "postcode": "11378", "borough": "Queens", "public_charger_": "No", "fee_for_city_drivers": "No", "latitude": 40.719651, "longitude": -73.91119, "community_district": 405.0, "council_district": 30.0, "census_tract": 525.0, "bin": 4059931.0, "bbl": 4026810001.0, "nta": "QN0501", "station_id": "urn:agentwin:city:ev-charging-station:554784e91eae9d68f85a4d74b7bfa9f06d8bd55c14924f0f2ad88a0f8b47c185" }, "geometry": { "type": "Point", "coordinates": [ -73.91119, 40.719651 ] } },
{ "type": "Feature", "properties": { "agency": "DEP", "station_name": "DEP - 319 Greenpoint Ave, Brooklyn", "charger_types": [ "Level 2 Charger", "Level 3 Fast Charger" ], "no_of_ports": 11, "street": "319 Greenpoint Ave", "city": "Greenpoint", "postcode": "11222", "borough": "Brooklyn", "public_charger_": "No", "fee_for_city_drivers": "No", "latitude": 40.731272, "longitude": -73.946848, "community_district": 301.0, "council_district": 33.0, "census_tract": 57902.0, "bin": 3397231.0, "bbl": 3025250001.0, "nta": "BK0101", "station_id": "urn:agentwin:city:ev-charging-station:5567bc60047f96dfeb2f0f45012e96725a409fb5a9fb17724e507a89b7ff70be" }, "geometry": { "type": "Point", "coordinates": [ -73.946848, 40.731272 ] } },
{ "type": "Feature", "properties": { "agency": "DEP", "station_name": "DEP - 750 W 145Th St, Manhattan", "charger_types": [ "Level 2 Charger" ], "no_of_ports": 1, "street": "750 W 145Th St", "city": "New York", "postcode": "10031", "borough": "Manhattan", "public_charger_": "No", "fee_for_city_drivers": "No", "latitude": 40.827108, "longitude": -73.95466, "community_district": 109.0, "council_district": 7.0, "census_tract": 225.0, "bin": 1086244.0, "bbl": 1021010100.0, "nta": "MN0903", "station_id": "urn:agentwin:city:ev-charging-station:ffa5950ec58e4778d7573569150b45123220db6f8e95449fce6b382f4e7b9ee9" }, "geometry": { "type": "Point", "coordinates": [ -73.95466, 40.827108 ] } },
{ "type": "Feature", "properties": { "agency": "DEP", "station_name": "DEP - 735 W 135th St, Manhattan", "charger_types": [ "Level 3 Fast Charger" ], "no_of_ports": 5, "street": "735 W 135th St", "city": "New York", "postcode": "10031", "borough": "Manhattan", "public_charger_": "No", "fee_for_city_drivers": "No", "latitude": 40.821408, "longitude": -73.958161, "community_district": 109.0, "council_district": 7.0, "census_tract": 22301.0, "bin": 1084789.0, "bbl": 1021010117.0, "nta": "MN0902", "station_id": "urn:agentwin:city:ev-charging-station:0e13aa762d0c51723d7581a6835c0b34cba383c48a0c51588fe00c7c5fad0637" }, "geometry": { "type": "Point", "coordinates": [ -73.958161, 40.821408 ] } },
{ "type": "Feature", "properties": { "agency": "DEP", "station_name": "DEP - 327 Greenpoint Ave, Brooklyn", "charger_types": [ "Level 3 Fast Charger" ], "no_of_ports": 1, "street": "327 Greenpoint Ave", "city": "Greenpoint", "postcode": "11222", "borough": "Brooklyn", "public_charger_": "No", "fee_for_city_drivers": "No", "latitude": 40.731351, "longitude": -73.946628, "community_district": 301.0, "council_district": 33.0, "census_tract": 57902.0, "bin": 3336623.0, "bbl": 3025250001.0, "nta": "BK0101", "station_id": "urn:agentwin:city:ev-charging-station:5d5d1bfd3ae913d00c02a94b7468653d986f52ceac8c1da81174a41c631a0bf8" }, "geometry": { "type": "Point", "coordinates": [ -73.946628, 40.731351 ] } },
{ "type": "Feature", "properties": { "agency": "DEP", "station_name": "DEP - 683 Mill Rd, Staten Island", "charger_types": [ "Level 3 Fast Charger" ], "no_of_ports": 2, "street": "683 Mill Rd", "city": "Staten Island", "postcode": "10306", "borough": "Staten Island", "public_charger_": "No", "fee_for_city_drivers": "No", "latitude": 40.553917, "longitude": -74.117306, "community_district": 503.0, "council_district": 50.0, "census_tract": 12805.0, "bin": 5000000.0, "bbl": 5047460007.0, "nta": "SI0301", "station_id": "urn:agentwin:city:ev-charging-station:109a8d759d1709efdb5e3e5cc5c9af56e2370f4dd8d54fa1c3c7846af816b0f3" }, "geometry": { "type": "Point", "coordinates": [ -74.117306, 40.553917 ] } },
{ "type": "Feature", "properties": { "agency": "DHS", "station_name": "DHS - 300 Skillman Ave, Brooklyn", "charger_types": [ "Level 2 Charger", "Level 3 Fast Charger" ], "no_of_ports": 5, "street": "300 Skillman Ave", "city": "Brooklyn", "postcode": "11211", "borough": "Brooklyn", "public_charger_": "No", "fee_for_city_drivers": "No", "latitude": 40.71663, "longitude": -73.939205, "community_district": 301.0, "council_district": 34.0, "census_tract": 44901.0, "bin": 3000000.0, "bbl": 3028850025.0, "nta": "BK0104", "station_id": "urn:agentwin:city:ev-charging-station:7a0c0e1d28b84ba39a8aa076058d015c1b4f95f447240385b72eb87fca61d6f1" }, "geometry": { "type": "Point", "coordinates": [ -73.939205, 40.71663 ] } },
{ "type": "Feature", "properties": { "agency": "DHS", "station_name": "DHS - 64 Sunken Garden Loop, Manhattan", "charger_types": [ "Level 2 Charger" ], "no_of_ports": 1, "street": "64 Sunken Garden Loop", "city": "New York", "postcode": "10035", "borough": "Manhattan", "public_charger_": "No", "fee_for_city_drivers": "No", "latitude": 40.785494, "longitude": -73.931397, "community_district": 111.0, "council_district": 8.0, "census_tract": 240.0, "bin": 1085877.0, "bbl": 1018190010.0, "nta": "MN1191", "station_id": "urn:agentwin:city:ev-charging-station:84825dee5e709c1a7e14fbe31b0d977978e9177a758c7b9c3fc21958fec40506" }, "geometry": { "type": "Point", "coordinates": [ -73.931397, 40.785494 ] } },
{ "type": "Feature", "properties": { "agency": "DHS", "station_name": "DHS - 10107 Farragut Rd, Brooklyn", "charger_types": [ "Level 2 Charger", "Level 3 Fast Charger" ], "no_of_ports": 7, "street": "10107 Farragut Rd", "city": "Brooklyn", "postcode": "11236", "borough": "Brooklyn", "public_charger_": "No", "fee_for_city_drivers": "No", "latitude": 40.648081, "longitude": -73.901772, "community_district": 318.0, "council_district": 42.0, "census_tract": 1098.0, "bin": 3229148.0, "bbl": 3081490001.0, "nta": "BK0503", "station_id": "urn:agentwin:city:ev-charging-station:c0ed3bc9352d02cf83777846b30d33d9847547b02858e3a30544cb871859bda2" }, "geometry": { "type": "Point", "coordinates": [ -73.901772, 40.648081 ] } },
{ "type": "Feature", "properties": { "agency": "DOB", "station_name": "DOB - 280 Broadway, Manhattan", "charger_types": [ "Level 3 Fast Charger" ], "no_of_ports": 1, "street": "280 Broadway", "city": "Manhattan", "postcode": "10007", "borough": "Manhattan", "public_charger_": "No", "fee_for_city_drivers": "No", "latitude": 40.714417, "longitude": -74.006089, "community_district": 101.0, "council_district": 1.0, "census_tract": 31.0, "bin": 1079215.0, "bbl": 1001530001.0, "nta": "MN0102", "station_id": "urn:agentwin:city:ev-charging-station:5e0ec615ab5fa3f1a566f0c3e9406404921d2f26c84812f68475317c7d1d1fe6" }, "geometry": { "type": "Point", "coordinates": [ -74.006089, 40.714417 ] } },
{ "type": "Feature", "properties": { "agency": "DOB", "station_name": "DOB - 120-55 Queens Blvd, Queens", "charger_types": [ "EV Solar Arc Charger" ], "no_of_ports": 1, "street": "120-55 Queens Blvd", "city": "Queens", "postcode": "11424", "borough": "Queens", "public_charger_": "No", "fee_for_city_drivers": "No", "latitude": 40.713329, "longitude": -73.828601, "community_district": 409.0, "council_district": 29.0, "census_tract": 21601.0, "bin": 4052812.0, "bbl": 4022740002.0, "nta": "QN0901", "station_id": "urn:agentwin:city:ev-charging-station:14df867af32c1c834df99280827beebfd41ab628bdef0b1731666e09722bdc55" }, "geometry": { "type": "Point", "coordinates": [ -73.828601, 40.713329 ] } },
{ "type": "Feature", "properties": { "agency": "DOC", "station_name": "DOC - 16-16 Hazen St, Queens", "charger_types": [ "Level 2 Charger", "Level 3 Fast Charger" ], "no_of_ports": 11, "street": "16-16 Hazen St", "city": "Queens", "postcode": "11370", "borough": "Queens", "public_charger_": "No", "fee_for_city_drivers": "No", "latitude": 40.790301, "longitude": -73.884412, "community_district": 401.0, "council_district": 22.0, "census_tract": 1.0, "bin": null, "bbl": null, "nta": "QN0151", "station_id": "urn:agentwin:city:ev-charging-station:3c43acb7752442f5e5c10f397d6ec829dfef692bf796008383e066bb18d54441" }, "geometry": { "type": "Point", "coordinates": [ -73.884412, 40.790301 ] } },
{ "type": "Feature", "properties": { "agency": "DOC", "station_name": "DOC - 12-00 Hazen Street, Queens", "charger_types": [ "Level 2 Charger" ], "no_of_ports": 2, "street": "12-00 Hazen Street", "city": "East Elmhurst", "postcode": "11370", "borough": "Queens", "public_charger_": "No", "fee_for_city_drivers": "No", "latitude": 40.793765, "longitude": -73.884156, "community_district": 401.0, "council_district": 22.0, "census_tract": 1.0, "bin": null, "bbl": null, "nta": "QN0151", "station_id": "urn:agentwin:city:ev-charging-station:d86530d8d6f2a77a4d24127402b25e634bda4f8e10951ed0259cb08ea385a135" }, "geometry": { "type": "Point", "coordinates": [ -73.884156, 40.793765 ] } },
{ "type": "Feature", "properties": { "agency": "DOC", "station_name": "DOC - 15-0 Hazen St, Queens", "charger_types": [ "EV Solar Arc Charger", "Level 2 Charger" ], "no_of_ports": 3, "street": "15-0 Hazen St", "city": "East Elmhurst", "postcode": "11370", "borough": "Queens", "public_charger_": "No", "fee_for_city_drivers": "No", "latitude": 40.790985, "longitude": -73.884396, "community_district": 401.0, "council_district": 22.0, "census_tract": 1.0, "bin": 2116652.0, "bbl": 2026050040.0, "nta": "QN0151", "station_id": "urn:agentwin:city:ev-charging-station:0842bb735b67bf0b4a7d3150dd727ab1f37ce83a20dbe0f28a724947825dde4d" }, "geometry": { "type": "Point", "coordinates": [ -73.884396, 40.790985 ] } },
{ "type": "Feature", "properties": { "agency": "DOC", "station_name": "DOC - Rikers Island, Queens", "charger_types": [ "Level 2 Charger" ], "no_of_ports": 2, "street": "Rikers Island", "city": "East Elmhurst", "postcode": "11370", "borough": "Queens", "public_charger_": "No", "fee_for_city_drivers": "No", "latitude": 40.790576, "longitude": -73.881894, "community_district": 401.0, "council_district": 22.0, "census_tract": 1.0, "bin": 2000000.0, "bbl": 2026050040.0, "nta": "QN0151", "station_id": "urn:agentwin:city:ev-charging-station:6cf6eaab1751caf876885dfe436c220f126da9dbd4e3122d91d40be7270dfacf" }, "geometry": { "type": "Point", "coordinates": [ -73.881894, 40.790576 ] } },
{ "type": "Feature", "properties": { "agency": "DOC", "station_name": "DOC - 16-06 Hazen St, Bronx", "charger_types": [ "Level 2 Charger" ], "no_of_ports": 2, "street": "16-06 Hazen St", "city": "The Bronx", "postcode": "11370", "borough": "Bronx", "public_charger_": "No", "fee_for_city_drivers": "No", "latitude": 40.790307, "longitude": -73.884412, "community_district": 401.0, "council_district": 22.0, "census_tract": 1.0, "bin": 2109475.0, "bbl": 2026050040.0, "nta": "QN0151", "station_id": "urn:agentwin:city:ev-charging-station:b0b0f65e1a6c89754d531c4736dc09865cc4fe8a2453c475dbdb78b1dac80117" }, "geometry": { "type": "Point", "coordinates": [ -73.884412, 40.790307 ] } },
{ "type": "Feature", "properties": { "agency": "DOC", "station_name": "DOC - 1717 Hazen St., Queens", "charger_types": [ "Level 2 Charger", "Level 3 Fast Charger" ], "no_of_ports": 8, "street": "1717 Hazen St.", "city": "Riker's Island", "postcode": "11370", "borough": "Queens", "public_charger_": "No", "fee_for_city_drivers": "No", "latitude": 40.788899, "longitude": -73.884411, "community_district": 401.0, "council_district": 22.0, "census_tract": 1.0, "bin": null, "bbl": null, "nta": "QN0151", "station_id": "urn:agentwin:city:ev-charging-station:711952c5196b584122ddc9e3e2705f173afe7ca1fd6227831266bf5480e510a3" }, "geometry": { "type": "Point", "coordinates": [ -73.884411, 40.788899 ] } },
{ "type": "Feature", "properties": { "agency": "DOC", "station_name": "DOC - 15-15 Hazen Street, Queens", "charger_types": [ "Level 2 Charger" ], "no_of_ports": 3, "street": "15-15 Hazen Street", "city": "The Bronx", "postcode": "11370", "borough": "Queens", "public_charger_": "No", "fee_for_city_drivers": "No", "latitude": 40.790976, "longitude": -73.884374, "community_district": 401.0, "council_district": 22.0, "census_tract": 1.0, "bin": 2097042.0, "bbl": 2026050040.0, "nta": "QN0151", "station_id": "urn:agentwin:city:ev-charging-station:646fdf37037fa1cf4d120c15527c8fb792d4403dbfa1eb1bfd131f5ed0b4e683" }, "geometry": { "type": "Point", "coordinates": [ -73.884374, 40.790976 ] } },
{ "type": "Feature", "properties": { "agency": "DOC", "station_name": "DOC - 09-09 Hazen Street, Queens", "charger_types": [ "Level 2 Charger" ], "no_of_ports": 2, "street": "09-09 Hazen Street", "city": "The Bronx", "postcode": "11370", "borough": "Queens", "public_charger_": "No", "fee_for_city_drivers": "No", "latitude": 40.794577, "longitude": -73.884162, "community_district": 401.0, "council_district": 22.0, "census_tract": 1.0, "bin": 2096863.0, "bbl": 2026050040.0, "nta": "QN0151", "station_id": "urn:agentwin:city:ev-charging-station:0dc53a3cffdc0015af6c1bb6af6cfc5253c1e44c61218fe0cf85e7ccfa426b9d" }, "geometry": { "type": "Point", "coordinates": [ -73.884162, 40.794577 ] } },
{ "type": "Feature", "properties": { "agency": "DOC", "station_name": "DOC - 16-00 Hazen Street, Bronx", "charger_types": [ "Level 2 Charger" ], "no_of_ports": 2, "street": "16-00 Hazen Street", "city": "The Bronx", "postcode": "11370", "borough": "Bronx", "public_charger_": "No", "fee_for_city_drivers": "No", "latitude": 40.790312, "longitude": -73.884412, "community_district": 401.0, "council_district": 22.0, "census_tract": 1.0, "bin": 2109474.0, "bbl": 2026050040.0, "nta": "QN0151", "station_id": "urn:agentwin:city:ev-charging-station:1d7e967f4c2f8929834240aa960b3b1e4bb0858d0be099be8bbf930414d1a0e4" }, "geometry": { "type": "Point", "coordinates": [ -73.884412, 40.790312 ] } },
{ "type": "Feature", "properties": { "agency": "DOC", "station_name": "DOC - 125-01 82Nd Ave, Queens", "charger_types": [ "Level 2 Charger" ], "no_of_ports": 2, "street": "125-01 82Nd Ave", "city": "Kew Gardens", "postcode": "11415", "borough": "Queens", "public_charger_": "No", "fee_for_city_drivers": "No", "latitude": 40.710935, "longitude": -73.831627, "community_district": 409.0, "council_district": 29.0, "census_tract": 775.0, "bin": 4079703.0, "bbl": 4033370047.0, "nta": "QN0901", "station_id": "urn:agentwin:city:ev-charging-station:2a607df4ad81eb6b58ec1f7297f4308ffc793f5ac73344037a6ca1588efc64a2" }, "geometry": { "type": "Point", "coordinates": [ -73.831627, 40.710935 ] } },
{ "type": "Feature", "properties": { "agency": "DOC", "station_name": "DOC - 19-19 Hazen St, Queens", "charger_types": [ "Level 2 Charger" ], "no_of_ports": 2, "street": "19-19 Hazen St", "city": "New York", "postcode": "11370", "borough": "Queens", "public_charger_": "No", "fee_for_city_drivers": "No", "latitude": 40.788432, "longitude": -73.884444, "community_district": 401.0, "council_district": 22.0, "census_tract": 1.0, "bin": 2109477.0, "bbl": 2026050040.0, "nta": "QN0151", "station_id": "urn:agentwin:city:ev-charging-station:2359a32c01d172a0d5822fcf36a24739bb89b15dbd99b7220d7f75578c10600b" }, "geometry": { "type": "Point", "coordinates": [ -73.884444, 40.788432 ] } },
{ "type": "Feature", "properties": { "agency": "DOC", "station_name": "DOC - 1 Halleck Street, Bronx", "charger_types": [ "EV Solar Arc Charger" ], "no_of_ports": 1, "street": "1 Halleck Street", "city": "Bronx", "postcode": "10474", "borough": "Bronx", "public_charger_": "No", "fee_for_city_drivers": "No", "latitude": 40.802228, "longitude": -73.877557, "community_district": 202.0, "council_district": 17.0, "census_tract": 9302.0, "bin": 2128421.0, "bbl": 2027800073.0, "nta": "BX0201", "station_id": "urn:agentwin:city:ev-charging-station:3ff70c0a2dd9287a61dd060f5b2aebd0d5ed0377ac277177dba3ec383fc7b13e" }, "geometry": { "type": "Point", "coordinates": [ -73.877557, 40.802228 ] } },
{ "type": "Feature", "properties": { "agency": "DOE", "station_name": "DOE - 165-65 84Th Ave, Queens", "charger_types": [ "Level 2 Charger" ], "no_of_ports": 2, "street": "165-65 84Th Ave", "city": "Queens", "postcode": "11432", "borough": "Queens", "public_charger_": "No", "fee_for_city_drivers": "No", "latitude": 40.715389, "longitude": -73.800369, "community_district": 408.0, "council_district": 24.0, "census_tract": 452.0, "bin": 4211027.0, "bbl": 4098670002.0, "nta": "QN0805", "station_id": "urn:agentwin:city:ev-charging-station:9db5d36b91836e9969a743dca15f6614d52375d3969c0a33a7e7440b2eb75774" }, "geometry": { "type": "Point", "coordinates": [ -73.800369, 40.715389 ] } },
{ "type": "Feature", "properties": { "agency": "DOE", "station_name": "DOE - 6581 Hylan Blvd, Staten Island", "charger_types": [ "Level 2 Charger" ], "no_of_ports": 5, "street": "6581 Hylan Blvd", "city": "Staten Island", "postcode": "10309", "borough": "Staten Island", "public_charger_": "No", "fee_for_city_drivers": "No", "latitude": 40.509084, "longitude": -74.22093, "community_district": 503.0, "council_district": 51.0, "census_tract": 198.0, "bin": 5000000.0, "bbl": 5076640001.0, "nta": "SI0304", "station_id": "urn:agentwin:city:ev-charging-station:4bd57953a0499795333acdf2ddc3aa1891e2d23cda036f42e913f75171c523cc" }, "geometry": { "type": "Point", "coordinates": [ -74.22093, 40.509084 ] } },
{ "type": "Feature", "properties": { "agency": "DOE", "station_name": "DOE - 131 Livingston St, Brooklyn", "charger_types": [ "Level 2 Charger" ], "no_of_ports": 3, "street": "131 Livingston St", "city": "Downtown Brooklyn", "postcode": "11201", "borough": "Brooklyn", "public_charger_": "No", "fee_for_city_drivers": "No", "latitude": 40.690743, "longitude": -73.988605, "community_district": 302.0, "council_district": 33.0, "census_tract": 37.0, "bin": 3000420.0, "bbl": 3001540001.0, "nta": "BK0202", "station_id": "urn:agentwin:city:ev-charging-station:2a99b9bdf696666cf923720b3fd0288892f2fab9e13da7fa64e43f3837bfe59e" }, "geometry": { "type": "Point", "coordinates": [ -73.988605, 40.690743 ] } },
{ "type": "Feature", "properties": { "agency": "DOE", "station_name": "DOE - 9517 Kings Hwy, Brooklyn", "charger_types": [ "Level 2 Charger" ], "no_of_ports": 1, "street": "9517 Kings Hwy", "city": "Brooklyn", "postcode": "11212", "borough": "Brooklyn", "public_charger_": "No", "fee_for_city_drivers": "No", "latitude": 40.65911, "longitude": -73.920368, "community_district": 317.0, "council_district": 41.0, "census_tract": 886.0, "bin": 3101218.0, "bbl": 3046500015.0, "nta": "BK1704", "station_id": "urn:agentwin:city:ev-charging-station:d07de2d85ef1300ffb19e9b9713c9e86061f36d1ce3740fd1f8143d7cd50bff2" }, "geometry": { "type": "Point", "coordinates": [ -73.920368, 40.65911 ] } },
{ "type": "Feature", "properties": { "agency": "DOE", "station_name": "DOE - 715 Ocean Terrace, Staten Island", "charger_types": [ "Level 2 Charger" ], "no_of_ports": 2, "street": "715 Ocean Terrace", "city": "Staten Island", "postcode": "10301", "borough": "Staten Island", "public_charger_": "No", "fee_for_city_drivers": "No", "latitude": 40.608756, "longitude": -74.102344, "community_district": 502.0, "council_district": 50.0, "census_tract": 17701.0, "bin": 5113169.0, "bbl": 5006830001.0, "nta": "SI0203", "station_id": "urn:agentwin:city:ev-charging-station:8516367354edc30c59279b1aa8a512fb33230181fbb399386601fce461ce480f" }, "geometry": { "type": "Point", "coordinates": [ -74.102344, 40.608756 ] } },
{ "type": "Feature", "properties": { "agency": "DOE", "station_name": "DOE - 1700 Fulton St, Brooklyn", "charger_types": [ "Level 2 Charger" ], "no_of_ports": 1, "street": "1700 Fulton St", "city": "Brooklyn", "postcode": "11213", "borough": "Brooklyn", "public_charger_": "No", "fee_for_city_drivers": "No", "latitude": 40.67944, "longitude": -73.932407, "community_district": 303.0, "council_district": 36.0, "census_tract": 271.0, "bin": 3047996.0, "bbl": 3017010001.0, "nta": "BK0302", "station_id": "urn:agentwin:city:ev-charging-station:547a49be23413df44961d51ae8254664585d28d32545cabfbe8c654d122e0b65" }, "geometry": { "type": "Point", "coordinates": [ -73.932407, 40.67944 ] } },
{ "type": "Feature", "properties": { "agency": "DOE", "station_name": "DOE - 3047 Bruckner Blvd, Bronx", "charger_types": [ "Level 2 Charger" ], "no_of_ports": 2, "street": "3047 Bruckner Blvd", "city": "Bronx", "postcode": "10461", "borough": "Bronx", "public_charger_": "No", "fee_for_city_drivers": "No", "latitude": 40.83587, "longitude": -73.825774, "community_district": 210.0, "council_district": 13.0, "census_tract": 184.0, "bin": 2129669.0, "bbl": 2053130092.0, "nta": "BX1002", "station_id": "urn:agentwin:city:ev-charging-station:71fd60f4e19fdbe073b57921bdfb6443f696231057d6d9e69aab68e20d06f3f7" }, "geometry": { "type": "Point", "coordinates": [ -73.825774, 40.83587 ] } },
{ "type": "Feature", "properties": { "agency": "DOE", "station_name": "DOE - 71 W 205th St, Bronx", "charger_types": [ "Level 2 Charger" ], "no_of_ports": 1, "street": "71 W 205th St", "city": "The Bronx", "postcode": "10468", "borough": "Bronx", "public_charger_": "No", "fee_for_city_drivers": "No", "latitude": 40.877537, "longitude": -73.890921, "community_district": 207.0, "council_district": 11.0, "census_tract": 409.0, "bin": 2130657.0, "bbl": 2032510201.0, "nta": "BX0702", "station_id": "urn:agentwin:city:ev-charging-station:6efd410728d1dbf4ddc87c4e83304dfb3a5d661e444197b4747fc1b99605595e" }, "geometry": { "type": "Point", "coordinates": [ -73.890921, 40.877537 ] } },
{ "type": "Feature", "properties": { "agency": "DOE", "station_name": "DOE - 231 Malta St, Brooklyn", "charger_types": [ "Level 2 Charger" ], "no_of_ports": 2, "street": "231 Malta St", "city": "East New York", "postcode": "11207", "borough": "Brooklyn", "public_charger_": "No", "fee_for_city_drivers": "No", "latitude": 40.655179, "longitude": -73.892416, "community_district": 305.0, "council_district": 42.0, "census_tract": 1104.0, "bin": 3097770.0, "bbl": 3043650012.0, "nta": "BK0503", "station_id": "urn:agentwin:city:ev-charging-station:174a7f96ae6517277420244b2740df547b8611de3a86baa64e38df55fe4b3da1" }, "geometry": { "type": "Point", "coordinates": [ -73.892416, 40.655179 ] } },
{ "type": "Feature", "properties": { "agency": "DOE", "station_name": "DOE - 6565 Flatlands Ave, Brooklyn", "charger_types": [ "Level 2 Charger" ], "no_of_ports": 4, "street": "6565 Flatlands Ave", "city": "Brooklyn", "postcode": "11236", "borough": "Brooklyn", "public_charger_": "No", "fee_for_city_drivers": "No", "latitude": 40.633285, "longitude": -73.916735, "community_district": 318.0, "council_district": 46.0, "census_tract": 950.0, "bin": 3224139.0, "bbl": 3079980005.0, "nta": "BK1803", "station_id": "urn:agentwin:city:ev-charging-station:d2262b983efad47c5dde0a4de25e7ad3a18c6c157283d0cb81b5aef9a03fbc8b" }, "geometry": { "type": "Point", "coordinates": [ -73.916735, 40.633285 ] } },
{ "type": "Feature", "properties": { "agency": "DOE", "station_name": "DOE - 128 Waterbury St, Brooklyn", "charger_types": [ "Level 2 Charger" ], "no_of_ports": 2, "street": "128 Waterbury St", "city": "Brooklyn", "postcode": "11206", "borough": "Brooklyn", "public_charger_": "No", "fee_for_city_drivers": "No", "latitude": 40.711722, "longitude": -73.937926, "community_district": 301.0, "council_district": 34.0, "census_tract": 485.0, "bin": 3325747.0, "bbl": 3030210001.0, "nta": "BK0104", "station_id": "urn:agentwin:city:ev-charging-station:b097086c61748a9a7a4306151e1e986b616cb1a8f6f986a70dc61dcf43a9da93" }, "geometry": { "type": "Point", "coordinates": [ -73.937926, 40.711722 ] } },
{ "type": "Feature", "properties": { "agency": "DOE", "station_name": "DOE - 3000 E Tremont Ave, Bronx", "charger_types": [ "Level 2 Charger" ], "no_of_ports": 1, "street": "3000 E Tremont Ave", "city": "The Bronx", "postcode": "10462", "borough": "Bronx", "public_charger_": "No", "fee_for_city_drivers": "No", "latitude": 40.840733, "longitude": -73.838685, "community_district": 210.0, "council_district": 13.0, "census_tract": 194.0, "bin": 2074045.0, "bbl": 2053680001.0, "nta": "BX1002", "station_id": "urn:agentwin:city:ev-charging-station:9d67de61b676433a11a4af54d06575d529af270f387602d7f37d79c6c92abfbb" }, "geometry": { "type": "Point", "coordinates": [ -73.838685, 40.840733 ] } },
{ "type": "Feature", "properties": { "agency": "DOE", "station_name": "DOE - 101-01 Rockaway Blvd, Queens", "charger_types": [ "Level 2 Charger" ], "no_of_ports": 4, "street": "101-01 Rockaway Blvd", "city": "Queens", "postcode": "11417", "borough": "Queens", "public_charger_": "No", "fee_for_city_drivers": "No", "latitude": 40.679639, "longitude": -73.837298, "community_district": 410.0, "council_district": 28.0, "census_tract": 864.0, "bin": 4202849.0, "bbl": 4095400002.0, "nta": "QN1001", "station_id": "urn:agentwin:city:ev-charging-station:7d97b11d999406e9904fb0434c8ccee497fffbc42e10aa33cba38f3f3f4d1b52" }, "geometry": { "type": "Point", "coordinates": [ -73.837298, 40.679639 ] } },
{ "type": "Feature", "properties": { "agency": "DOE", "station_name": "DOE - 99 Terrace View Avenue, Manhattan", "charger_types": [ "Level 2 Charger" ], "no_of_ports": 4, "street": "99 Terrace View Avenue", "city": "New York", "postcode": "10463", "borough": "Manhattan", "public_charger_": "No", "fee_for_city_drivers": "No", "latitude": 40.877105, "longitude": -73.912256, "community_district": 208.0, "council_district": 10.0, "census_tract": 309.0, "bin": 1064532.0, "bbl": 1022150080.0, "nta": "BX0802", "station_id": "urn:agentwin:city:ev-charging-station:4ef128f264d772107113aca0fa971898a52b2f48bde0f37ee8e8c033df0bfb4c" }, "geometry": { "type": "Point", "coordinates": [ -73.912256, 40.877105 ] } },
{ "type": "Feature", "properties": { "agency": "DOE", "station_name": "DOE - 1-49 Teunissen Pl, Bronx", "charger_types": [ "EV Solar Arc Charger" ], "no_of_ports": 1, "street": "1-49 Teunissen Pl", "city": "Bronx", "postcode": "10463", "borough": "Bronx", "public_charger_": "No", "fee_for_city_drivers": "No", "latitude": 40.876606, "longitude": -73.912839, "community_district": 208.0, "council_district": 10.0, "census_tract": 309.0, "bin": null, "bbl": null, "nta": "BX0802", "station_id": "urn:agentwin:city:ev-charging-station:0b50e703f4608e6d60222f5fbce956200b404fd40297a50a04162d8835abab9b" }, "geometry": { "type": "Point", "coordinates": [ -73.912839, 40.876606 ] } },
{ "type": "Feature", "properties": { "agency": "DOE", "station_name": "DOE - 50 Bedford Ave, Brooklyn", "charger_types": [ "Level 2 Charger" ], "no_of_ports": 1, "street": "50 Bedford Ave", "city": "Brooklyn", "postcode": "11222", "borough": "Brooklyn", "public_charger_": "No", "fee_for_city_drivers": "No", "latitude": 40.721981, "longitude": -73.953281, "community_district": 301.0, "council_district": 33.0, "census_tract": 517.0, "bin": 3066698.0, "bbl": 3026700001.0, "nta": "BK0102", "station_id": "urn:agentwin:city:ev-charging-station:5196b7d3dbfc87f65b59af2900c09d0884396e35ddd02d3cde3985225aae3da8" }, "geometry": { "type": "Point", "coordinates": [ -73.953281, 40.721981 ] } },
{ "type": "Feature", "properties": { "agency": "DOE", "station_name": "DOE - 409 Red Hook Lane, Brooklyn", "charger_types": [ "Level 3 Fast Charger" ], "no_of_ports": 1, "street": "409 Red Hook Lane", "city": "Brooklyn", "postcode": "11201", "borough": "Brooklyn", "public_charger_": "No", "fee_for_city_drivers": "No", "latitude": 40.691561, "longitude": -73.988436, "community_district": 302.0, "council_district": 33.0, "census_tract": 37.0, "bin": 3000420.0, "bbl": 3001540001.0, "nta": "BK0202", "station_id": "urn:agentwin:city:ev-charging-station:e797725421eabeb4e4ce179068121f8c44396393b5953fc245b40b7fb376c951" }, "geometry": { "type": "Point", "coordinates": [ -73.988436, 40.691561 ] } },
{ "type": "Feature", "properties": { "agency": "DOE", "station_name": "DOE - 1599 E 22nd St, Brooklyn", "charger_types": [ "Level 2 Charger" ], "no_of_ports": 1, "street": "1599 E 22nd St", "city": "Brooklyn", "postcode": "11210", "borough": "Brooklyn", "public_charger_": "No", "fee_for_city_drivers": "No", "latitude": 40.612623, "longitude": -73.951906, "community_district": 314.0, "council_district": 48.0, "census_tract": 546.0, "bin": 3182169.0, "bbl": 3067690018.0, "nta": "BK1403", "station_id": "urn:agentwin:city:ev-charging-station:e800bb03a11ad7e8cf12f32a8c217056093bfc7152f9f75d895b9d34dd8f485c" }, "geometry": { "type": "Point", "coordinates": [ -73.951906, 40.612623 ] } },
{ "type": "Feature", "properties": { "agency": "DOE", "station_name": "DOE - 344-360 2nd Ave, Manhattan", "charger_types": [ "Level 2 Charger" ], "no_of_ports": 2, "street": "344-360 2nd Ave", "city": "New York", "postcode": "10010", "borough": "Manhattan", "public_charger_": "No", "fee_for_city_drivers": "No", "latitude": 40.736103, "longitude": -73.982196, "community_district": 106.0, "council_district": 2.0, "census_tract": 64.0, "bin": 1081671.0, "bbl": 1009260001.0, "nta": "MN0602", "station_id": "urn:agentwin:city:ev-charging-station:866df64fc04b614eb15175fccbd4ce5e6f085fa1f78a84861fea825ee4f3d8e4" }, "geometry": { "type": "Point", "coordinates": [ -73.982196, 40.736103 ] } },
{ "type": "Feature", "properties": { "agency": "DOE", "station_name": "DOE - 549 Audubon Ave, Manhattan", "charger_types": [ "Level 2 Charger" ], "no_of_ports": 1, "street": "549 Audubon Ave", "city": "New York", "postcode": "10040", "borough": "Manhattan", "public_charger_": "No", "fee_for_city_drivers": "No", "latitude": 40.855855, "longitude": -73.92712, "community_district": 112.0, "council_district": 10.0, "census_tract": 277.0, "bin": 1076751.0, "bbl": 1021600018.0, "nta": "MN1202", "station_id": "urn:agentwin:city:ev-charging-station:6e4817c64f86b6a4477f9b753d2d8ef96d134ba06a53577ceeecef95a48d3055" }, "geometry": { "type": "Point", "coordinates": [ -73.92712, 40.855855 ] } },
{ "type": "Feature", "properties": { "agency": "DOE", "station_name": "DOE - 321 E 96Th St, Manhattan", "charger_types": [ "Level 2 Charger" ], "no_of_ports": 1, "street": "321 E 96Th St", "city": "New York", "postcode": "10128", "borough": "Manhattan", "public_charger_": "No", "fee_for_city_drivers": "No", "latitude": 40.783638, "longitude": -73.945626, "community_district": 111.0, "council_district": 8.0, "census_tract": 15602.0, "bin": 1083927.0, "bbl": 1016680001.0, "nta": "MN1101", "station_id": "urn:agentwin:city:ev-charging-station:c4a151495b52bcb626fad2c2f8620eb4a7e3e2fcf65f4164807c1149de979d94" }, "geometry": { "type": "Point", "coordinates": [ -73.945626, 40.783638 ] } },
{ "type": "Feature", "properties": { "agency": "DOE", "station_name": "DOE - 1220 Manor Rd, Staten Island", "charger_types": [ "Level 2 Charger" ], "no_of_ports": 2, "street": "1220 Manor Rd", "city": "Staten Island", "postcode": "10314", "borough": "Staten Island", "public_charger_": "No", "fee_for_city_drivers": "No", "latitude": 40.596745, "longitude": -74.124263, "community_district": 502.0, "council_district": 50.0, "census_tract": 181.0, "bin": 5164530.0, "bbl": 5009550100.0, "nta": "SI0203", "station_id": "urn:agentwin:city:ev-charging-station:f798f5a708c91c9e335a5e334ef25d088567b879f27c137e8aadfa088d2ff4d7" }, "geometry": { "type": "Point", "coordinates": [ -74.124263, 40.596745 ] } },
{ "type": "Feature", "properties": { "agency": "DOE", "station_name": "DOE - 173 West 151st Street, Manhattan", "charger_types": [ "Level 2 Charger" ], "no_of_ports": 2, "street": "173 West 151st Street", "city": "New York", "postcode": "10039", "borough": "Manhattan", "public_charger_": "No", "fee_for_city_drivers": "No", "latitude": 40.825191, "longitude": -73.935731, "community_district": 110.0, "council_district": 9.0, "census_tract": 236.0, "bin": 1060197.0, "bbl": 1020160060.0, "nta": "MN1002", "station_id": "urn:agentwin:city:ev-charging-station:c8543864854b26f8610cf5efb2548581359c32ef9ad4dd94c3f86ce70fbe90ea" }, "geometry": { "type": "Point", "coordinates": [ -73.935731, 40.825191 ] } },
{ "type": "Feature", "properties": { "agency": "DOE", "station_name": "DOE - 2401 Neptune Ave, Brooklyn", "charger_types": [ "Level 2 Charger" ], "no_of_ports": 3, "street": "2401 Neptune Ave", "city": "Brooklyn", "postcode": "11224", "borough": "Brooklyn", "public_charger_": "No", "fee_for_city_drivers": "No", "latitude": 40.578188, "longitude": -73.99203, "community_district": 313.0, "council_district": 47.0, "census_tract": 330.0, "bin": 3188221.0, "bbl": 3069650140.0, "nta": "BK1302", "station_id": "urn:agentwin:city:ev-charging-station:84dfdd8321440d1d42652dbfa37cba7f6cb0cd2d7dadb7b5b4a785049fe6ac97" }, "geometry": { "type": "Point", "coordinates": [ -73.99203, 40.578188 ] } },
{ "type": "Feature", "properties": { "agency": "DOE", "station_name": "DOE - 677 East 141st Street, Bronx", "charger_types": [ "Level 2 Charger" ], "no_of_ports": 2, "street": "677 East 141st Street", "city": "Bronx", "postcode": "10454", "borough": "Bronx", "public_charger_": "No", "fee_for_city_drivers": "No", "latitude": 40.807335, "longitude": -73.912731, "community_district": 201.0, "council_district": 8.0, "census_tract": 33.0, "bin": 2003834.0, "bbl": 2025710001.0, "nta": "BX0101", "station_id": "urn:agentwin:city:ev-charging-station:f18b54cd5f119504e99658ab1e38c4f2c7256e9798c47d06ef7c14203a218f93" }, "geometry": { "type": "Point", "coordinates": [ -73.912731, 40.807335 ] } },
{ "type": "Feature", "properties": { "agency": "DOE", "station_name": "DOE - 142-10 Linden Blvd, Queens", "charger_types": [ "Level 2 Charger" ], "no_of_ports": 2, "street": "142-10 Linden Blvd", "city": "Queens", "postcode": "11436", "borough": "Queens", "public_charger_": "No", "fee_for_city_drivers": "No", "latitude": 40.684142, "longitude": -73.801479, "community_district": 412.0, "council_district": 28.0, "census_tract": 192.0, "bin": 4259200.0, "bbl": 4119720070.0, "nta": "QN1203", "station_id": "urn:agentwin:city:ev-charging-station:8e5d110aa20532d3b72f7f513f52091483bc8daede11f747a8b7f8f7cc4cf066" }, "geometry": { "type": "Point", "coordinates": [ -73.801479, 40.684142 ] } },
{ "type": "Feature", "properties": { "agency": "DOE", "station_name": "DOE - 58-20 Utopia Pkwy, Queens", "charger_types": [ "Level 2 Charger" ], "no_of_ports": 2, "street": "58-20 Utopia Pkwy", "city": "Queens", "postcode": "11365", "borough": "Queens", "public_charger_": "No", "fee_for_city_drivers": "No", "latitude": 40.740724, "longitude": -73.79283, "community_district": 411.0, "council_district": 20.0, "census_tract": 1417.0, "bin": 4148763.0, "bbl": 4068820001.0, "nta": "QN1101", "station_id": "urn:agentwin:city:ev-charging-station:59a7dffb36b2b22eceb9be04ac446f376d9a2386dbc3d5b0c67dac0babeff50b" }, "geometry": { "type": "Point", "coordinates": [ -73.79283, 40.740724 ] } },
{ "type": "Feature", "properties": { "agency": "DOE", "station_name": "DOE - 74-20 Commonwealth Blvd, Queens", "charger_types": [ "Level 2 Charger" ], "no_of_ports": 2, "street": "74-20 Commonwealth Blvd", "city": "Queens", "postcode": "11426", "borough": "Queens", "public_charger_": "No", "fee_for_city_drivers": "No", "latitude": 40.746088, "longitude": -73.727535, "community_district": 413.0, "council_district": 23.0, "census_tract": 1567.0, "bin": 4529899.0, "bbl": 4078700072.0, "nta": "QN1302", "station_id": "urn:agentwin:city:ev-charging-station:e7b581bbda8871ea53406d3f7d5c468ff58b73a97aa0baa527240c86b836be77" }, "geometry": { "type": "Point", "coordinates": [ -73.727535, 40.746088 ] } },
{ "type": "Feature", "properties": { "agency": "DOE", "station_name": "DOE - 44-36 Vernon Blvd, Queens", "charger_types": [ "Level 2 Charger", "Level 3 Fast Charger" ], "no_of_ports": 16, "street": "44-36 Vernon Blvd", "city": "Long Island City", "postcode": "11101", "borough": "Queens", "public_charger_": "No", "fee_for_city_drivers": "No", "latitude": 40.749384, "longitude": -73.952233, "community_district": 402.0, "council_district": 26.0, "census_tract": 103.0, "bin": 4005429.0, "bbl": 4004890001.0, "nta": "QN0201", "station_id": "urn:agentwin:city:ev-charging-station:3f06dba2c3aab49c04829d56df8f1b47e3e7efa1a59ccbd7902d40049801d462" }, "geometry": { "type": "Point", "coordinates": [ -73.952233, 40.749384 ] } },
{ "type": "Feature", "properties": { "agency": "DOE", "station_name": "DOE - 49-16 Vernon Blvd, Queens", "charger_types": [ "Level 2 Charger" ], "no_of_ports": 6, "street": "49-16 Vernon Blvd", "city": "Queens", "postcode": "11101", "borough": "Queens", "public_charger_": "No", "fee_for_city_drivers": "No", "latitude": 40.743237, "longitude": -73.953941, "community_district": 402.0, "council_district": 26.0, "census_tract": 701.0, "bin": 4000124.0, "bbl": 4000320003.0, "nta": "QN0201", "station_id": "urn:agentwin:city:ev-charging-station:2e3e98ec601de1edaef5d44d5f4b725f957ff8cae22cbae08f5902bcbce5be27" }, "geometry": { "type": "Point", "coordinates": [ -73.953941, 40.743237 ] } },
{ "type": "Feature", "properties": { "agency": "DOE", "station_name": "DOE - 30-48 Linden Pl, Queens", "charger_types": [ "Level 2 Charger" ], "no_of_ports": 2, "street": "30-48 Linden Pl", "city": "Flushing", "postcode": "11354", "borough": "Queens", "public_charger_": "No", "fee_for_city_drivers": "No", "latitude": 40.770185, "longitude": -73.832925, "community_district": 407.0, "council_district": 20.0, "census_tract": 869.0, "bin": 4100749.0, "bbl": 4043700050.0, "nta": "QN0707", "station_id": "urn:agentwin:city:ev-charging-station:354768e795f722b3bb871db250d63138cfbce2d5c53fb58402b4527a2ecfb0ab" }, "geometry": { "type": "Point", "coordinates": [ -73.832925, 40.770185 ] } },
{ "type": "Feature", "properties": { "agency": "DOE", "station_name": "DOE - 333 Midland Ave, Staten Island", "charger_types": [ "Level 2 Charger" ], "no_of_ports": 1, "street": "333 Midland Ave", "city": "Staten Island", "postcode": "10306", "borough": "Staten Island", "public_charger_": "No", "fee_for_city_drivers": "No", "latitude": 40.576725, "longitude": -74.100726, "community_district": 502.0, "council_district": 50.0, "census_tract": 11203.0, "bin": 5053571.0, "bbl": 5036960100.0, "nta": "SI0202", "station_id": "urn:agentwin:city:ev-charging-station:91c71c371c6de00c1ca7a69dd8b0846cd4908ded10bd081dcf3bb0c02b34a400" }, "geometry": { "type": "Point", "coordinates": [ -74.100726, 40.576725 ] } },
{ "type": "Feature", "properties": { "agency": "DOE", "station_name": "DOE - 173 Conover St, Brooklyn", "charger_types": [ "Level 2 Charger" ], "no_of_ports": 1, "street": "173 Conover St", "city": "Brooklyn", "postcode": "11231", "borough": "Brooklyn", "public_charger_": "No", "fee_for_city_drivers": "No", "latitude": 40.677969, "longitude": -74.014363, "community_district": 306.0, "council_district": 38.0, "census_tract": 5301.0, "bin": 3398190.0, "bbl": 3005750003.0, "nta": "BK0601", "station_id": "urn:agentwin:city:ev-charging-station:c29055393359a5bf420ba2c96ee788e996fd1788be39d0f168b0432e4f11c160" }, "geometry": { "type": "Point", "coordinates": [ -74.014363, 40.677969 ] } },
{ "type": "Feature", "properties": { "agency": "DOE", "station_name": "DOE - 143-10 Springfield Blvd, Queens", "charger_types": [ "Level 2 Charger" ], "no_of_ports": 2, "street": "143-10 Springfield Blvd", "city": "Queens", "postcode": "11413", "borough": "Queens", "public_charger_": "No", "fee_for_city_drivers": "No", "latitude": 40.668235, "longitude": -73.756839, "community_district": 412.0, "council_district": 31.0, "census_tract": 330.0, "bin": 4280845.0, "bbl": 4130570056.0, "nta": "QN1204", "station_id": "urn:agentwin:city:ev-charging-station:6504f9df15ba2becc7ca5b184436eedf32f0674cc341d00ca0553b9c4ca79b07" }, "geometry": { "type": "Point", "coordinates": [ -73.756839, 40.668235 ] } },
{ "type": "Feature", "properties": { "agency": "DOE", "station_name": "DOE - 85 St Josephs Ave, Staten Island", "charger_types": [ "Level 2 Charger" ], "no_of_ports": 1, "street": "85 St Josephs Ave", "city": "Staten Island", "postcode": "10302", "borough": "Staten Island", "public_charger_": "No", "fee_for_city_drivers": "No", "latitude": 40.634573, "longitude": -74.141818, "community_district": 501.0, "council_district": 49.0, "census_tract": 213.0, "bin": 5026076.0, "bbl": 5011210001.0, "nta": "SI0106", "station_id": "urn:agentwin:city:ev-charging-station:de113dc40952248b6498a6e3d70640d51afcf2bc917cf4b4beba25a3f4fae980" }, "geometry": { "type": "Point", "coordinates": [ -74.141818, 40.634573 ] } },
{ "type": "Feature", "properties": { "agency": "DOE", "station_name": "DOE - 1434 Longfellow Avenue, Bronx", "charger_types": [ "Level 2 Charger" ], "no_of_ports": 2, "street": "1434 Longfellow Avenue", "city": "Bronx", "postcode": "10459", "borough": "Bronx", "public_charger_": "No", "fee_for_city_drivers": "No", "latitude": 40.830589, "longitude": -73.887587, "community_district": 203.0, "council_district": 17.0, "census_tract": 123.0, "bin": 2010910.0, "bbl": 2030070008.0, "nta": "BX0303", "station_id": "urn:agentwin:city:ev-charging-station:76236ba9c41868c327ea593102395a6d769a2a7a29a1d2d245be85522818018f" }, "geometry": { "type": "Point", "coordinates": [ -73.887587, 40.830589 ] } },
{ "type": "Feature", "properties": { "agency": "DOE", "station_name": "DOE - 75 W 205th St, Bronx", "charger_types": [ "Level 2 Charger" ], "no_of_ports": 2, "street": "75 W 205th St", "city": "Bronx", "postcode": "10468", "borough": "Bronx", "public_charger_": "No", "fee_for_city_drivers": "No", "latitude": 40.87759, "longitude": -73.89104, "community_district": 207.0, "council_district": 11.0, "census_tract": 409.0, "bin": 2094706.0, "bbl": 2032510201.0, "nta": "BX0702", "station_id": "urn:agentwin:city:ev-charging-station:559c0b33446f32fbf25a7122d3b12392d44e96166b5d7648726fe6206f7daae5" }, "geometry": { "type": "Point", "coordinates": [ -73.89104, 40.87759 ] } },
{ "type": "Feature", "properties": { "agency": "DOE", "station_name": "DOE - 1230 Zerega Ave, Bronx", "charger_types": [ "Level 2 Charger" ], "no_of_ports": 3, "street": "1230 Zerega Ave", "city": "The Bronx", "postcode": "10462", "borough": "Bronx", "public_charger_": "No", "fee_for_city_drivers": "No", "latitude": 40.833586, "longitude": -73.845099, "community_district": 209.0, "council_district": 18.0, "census_tract": 96.0, "bin": 2027195.0, "bbl": 2038420002.0, "nta": "BX1001", "station_id": "urn:agentwin:city:ev-charging-station:ccf23ed952acfe7a578ad5851845743cba923a621ca9e47bbcc47cc189bd1c8b" }, "geometry": { "type": "Point", "coordinates": [ -73.845099, 40.833586 ] } },
{ "type": "Feature", "properties": { "agency": "DOE", "station_name": "DOE - 525 West 50Th St, Manhattan", "charger_types": [ "Level 2 Charger" ], "no_of_ports": 2, "street": "525 West 50Th St", "city": "New York", "postcode": "10019", "borough": "Manhattan", "public_charger_": "No", "fee_for_city_drivers": "No", "latitude": 40.765234, "longitude": -73.993076, "community_district": 104.0, "council_district": 3.0, "census_tract": 13501.0, "bin": 1083802.0, "bbl": 1010790029.0, "nta": "MN0402", "station_id": "urn:agentwin:city:ev-charging-station:9ae338e0b3683944cf7a9b023efab2b967b7d7bbd73cd2a4e72239dada7111bb" }, "geometry": { "type": "Point", "coordinates": [ -73.993076, 40.765234 ] } },
{ "type": "Feature", "properties": { "agency": "DOE", "station_name": "DOE - 5-40 44Th Dr, Queens", "charger_types": [ "Level 2 Charger" ], "no_of_ports": 1, "street": "5-40 44Th Dr", "city": "Long Island City", "postcode": "11101", "borough": "Queens", "public_charger_": "No", "fee_for_city_drivers": "No", "latitude": 40.749341, "longitude": -73.954023, "community_district": 402.0, "council_district": 26.0, "census_tract": 103.0, "bin": 4518727.0, "bbl": 4000240007.0, "nta": "QN0201", "station_id": "urn:agentwin:city:ev-charging-station:2304d88b5da5690378c5c660cb0a81bdf82a0af99ad168bfd0845ad08df53216" }, "geometry": { "type": "Point", "coordinates": [ -73.954023, 40.749341 ] } },
{ "type": "Feature", "properties": { "agency": "DOE", "station_name": "DOE - 49-44 Vernon Blvd, Queens", "charger_types": [ "Level 2 Charger" ], "no_of_ports": 1, "street": "49-44 Vernon Blvd", "city": "Queens", "postcode": "11101", "borough": "Queens", "public_charger_": "No", "fee_for_city_drivers": "No", "latitude": 40.743099, "longitude": -73.953992, "community_district": 402.0, "council_district": 26.0, "census_tract": 701.0, "bin": null, "bbl": null, "nta": "QN0201", "station_id": "urn:agentwin:city:ev-charging-station:c656dde0ef677f34122b6c376b201f6dca4742aecd057537d077891130a2d7e0" }, "geometry": { "type": "Point", "coordinates": [ -73.953992, 40.743099 ] } },
{ "type": "Feature", "properties": { "agency": "DOF", "station_name": "DOF - 375 Pearl St, Manhattan", "charger_types": [ "Level 2 Charger", "Level 3 Fast Charger" ], "no_of_ports": 4, "street": "375 Pearl St", "city": "Manhattan", "postcode": "10038", "borough": "Manhattan", "public_charger_": "No", "fee_for_city_drivers": "No", "latitude": 40.710207, "longitude": -74.001125, "community_district": 101.0, "council_district": 1.0, "census_tract": 2901.0, "bin": 1001389.0, "bbl": 1001137501.0, "nta": "MN0102", "station_id": "urn:agentwin:city:ev-charging-station:13042d1ad5bc76381dbbf340ab17bdae6391520cda37c2203dd302544a7da586" }, "geometry": { "type": "Point", "coordinates": [ -74.001125, 40.710207 ] } },
{ "type": "Feature", "properties": { "agency": "DOF", "station_name": "DOF - 31-46 Greenpoint Ave, Queens", "charger_types": [ "Level 2 Charger" ], "no_of_ports": 2, "street": "31-46 Greenpoint Ave", "city": "Queens", "postcode": "11101", "borough": "Queens", "public_charger_": "No", "fee_for_city_drivers": "No", "latitude": 40.734714, "longitude": -73.93697, "community_district": 402.0, "council_district": 26.0, "census_tract": 19901.0, "bin": 4003713.0, "bbl": 4003110023.0, "nta": "QN0202", "station_id": "urn:agentwin:city:ev-charging-station:d1088ffe2d8547f4be7227c9cf1c2ab76df7e190c3416205125ffd6207937c9e" }, "geometry": { "type": "Point", "coordinates": [ -73.93697, 40.734714 ] } },
{ "type": "Feature", "properties": { "agency": "DOF", "station_name": "DOF - 31-32 Greenpoint Ave, Queens", "charger_types": [ "Level 2 Charger" ], "no_of_ports": 2, "street": "31-32 Greenpoint Ave", "city": "Queens", "postcode": "11101", "borough": "Queens", "public_charger_": "No", "fee_for_city_drivers": "No", "latitude": 40.73466, "longitude": -73.93711, "community_district": 402.0, "council_district": 26.0, "census_tract": 19901.0, "bin": 4003709.0, "bbl": 4003110018.0, "nta": "QN0202", "station_id": "urn:agentwin:city:ev-charging-station:da5eebb0193ee59cd976d550eb5abe7159d46145dee2272f5b89a15c244b60a8" }, "geometry": { "type": "Point", "coordinates": [ -73.93711, 40.73466 ] } },
{ "type": "Feature", "properties": { "agency": "DOF", "station_name": "DOF - 3010 Starr Ave, Queens", "charger_types": [ "Level 3 Fast Charger" ], "no_of_ports": 2, "street": "3010 Starr Ave", "city": "Long Island City", "postcode": "11101", "borough": "Queens", "public_charger_": "No", "fee_for_city_drivers": "No", "latitude": 40.737775, "longitude": -73.938082, "community_district": 402.0, "council_district": 26.0, "census_tract": 19902.0, "bin": 4307187.0, "bbl": 4002950045.0, "nta": "QN0202", "station_id": "urn:agentwin:city:ev-charging-station:29668e289a44e25db48f941c1d711a19704d73394833f8f67d21dfca81848bd9" }, "geometry": { "type": "Point", "coordinates": [ -73.938082, 40.737775 ] } },
{ "type": "Feature", "properties": { "agency": "DOH", "station_name": "DOH - 5617 56Th Dr, Queens", "charger_types": [ "Level 2 Charger" ], "no_of_ports": 2, "street": "5617 56Th Dr", "city": "Queens", "postcode": "11378", "borough": "Queens", "public_charger_": "No", "fee_for_city_drivers": "No", "latitude": 40.72441, "longitude": -73.914492, "community_district": 402.0, "council_district": 26.0, "census_tract": 219.0, "bin": 4058946.0, "bbl": 4025850002.0, "nta": "QN0501", "station_id": "urn:agentwin:city:ev-charging-station:0bd877d938132caaeedf092317e11d93e9a994c8904cd0065eebd0d4e0ad8fea" }, "geometry": { "type": "Point", "coordinates": [ -73.914492, 40.72441 ] } },
{ "type": "Feature", "properties": { "agency": "DOH", "station_name": "DOH - 515 Putnam Ave, Brooklyn", "charger_types": [ "EV Solar Arc Charger" ], "no_of_ports": 1, "street": "515 Putnam Ave", "city": "Bedford-Stuyvesant", "postcode": "11221", "borough": "Brooklyn", "public_charger_": "No", "fee_for_city_drivers": "No", "latitude": 40.685146, "longitude": -73.940431, "community_district": 303.0, "council_district": 36.0, "census_tract": 277.0, "bin": 3051831.0, "bbl": 3018260070.0, "nta": "BK0302", "station_id": "urn:agentwin:city:ev-charging-station:a58562a453b42847afee15053d629f4d3e67b19a375dbf946c997c02d65cbf39" }, "geometry": { "type": "Point", "coordinates": [ -73.940431, 40.685146 ] } },
{ "type": "Feature", "properties": { "agency": "DOT", "station_name": "DOT - 300 West 206th Street, Manhattan", "charger_types": [ "Level 2 Charger", "Level 3 Fast Charger" ], "no_of_ports": 5, "street": "300 West 206th Street", "city": "New York", "postcode": "10034", "borough": "Manhattan", "public_charger_": "No", "fee_for_city_drivers": "No", "latitude": 40.862564, "longitude": -73.916487, "community_district": 112.0, "council_district": 10.0, "census_tract": 299.0, "bin": 1081892.0, "bbl": 1021860009.0, "nta": "MN1203", "station_id": "urn:agentwin:city:ev-charging-station:9b2dab08c6d50db7a9ce72582821e2b66d1c2931f47e882292ada3d111248ed2" }, "geometry": { "type": "Point", "coordinates": [ -73.916487, 40.862564 ] } },
{ "type": "Feature", "properties": { "agency": "DOT", "station_name": "DOT - 41-54 22Nd St, Queens", "charger_types": [ "Level 2 Charger" ], "no_of_ports": 6, "street": "41-54 22Nd St", "city": "Queens", "postcode": "11101", "borough": "Queens", "public_charger_": "No", "fee_for_city_drivers": "No", "latitude": 40.752701, "longitude": -73.942118, "community_district": 401.0, "council_district": 26.0, "census_tract": 3301.0, "bin": 4542032.0, "bbl": 4004110010.0, "nta": "QN0105", "station_id": "urn:agentwin:city:ev-charging-station:67056b18ea9e88de6af4c8f613718cd00adf7e15cd0e9e6e6b75d3cebb779ae8" }, "geometry": { "type": "Point", "coordinates": [ -73.942118, 40.752701 ] } },
{ "type": "Feature", "properties": { "agency": "DOT", "station_name": "DOT - 9 29Th St, Brooklyn", "charger_types": [ "EV Solar Arc Charger" ], "no_of_ports": 1, "street": "9 29Th St", "city": "Greenwood", "postcode": "11232", "borough": "Brooklyn", "public_charger_": "No", "fee_for_city_drivers": "No", "latitude": 40.661018, "longitude": -74.004859, "community_district": 307.0, "council_district": 38.0, "census_tract": 1802.0, "bin": 3000000.0, "bbl": 3006620001.0, "nta": "BK0702", "station_id": "urn:agentwin:city:ev-charging-station:fcf4764e5c551dc921ef3d0a979c79a1c532c35c5eff2020835d6de1a644ff99" }, "geometry": { "type": "Point", "coordinates": [ -74.004859, 40.661018 ] } },
{ "type": "Feature", "properties": { "agency": "DOT", "station_name": "DOT - 448 Hamilton Ave, Brooklyn", "charger_types": [ "Level 2 Charger" ], "no_of_ports": 2, "street": "448 Hamilton Ave", "city": "Brooklyn", "postcode": "11232", "borough": "Brooklyn", "public_charger_": "No", "fee_for_city_drivers": "No", "latitude": 40.670361, "longitude": -73.997693, "community_district": 307.0, "council_district": 38.0, "census_tract": 1801.0, "bin": 3336712.0, "bbl": 3006250002.0, "nta": "BK0702", "station_id": "urn:agentwin:city:ev-charging-station:b471318d3f5a3ece53344e2b4892ecf2539bbbd3dccda290b915c3155480f813" }, "geometry": { "type": "Point", "coordinates": [ -73.997693, 40.670361 ] } },
{ "type": "Feature", "properties": { "agency": "DOT", "station_name": "DOT - 140 58th St, Brooklyn", "charger_types": [ "Level 2 Charger" ], "no_of_ports": 3, "street": "140 58th St", "city": "Brooklyn", "postcode": "11220", "borough": "Brooklyn", "public_charger_": "No", "fee_for_city_drivers": "No", "latitude": 40.645338, "longitude": -74.022864, "community_district": 307.0, "council_district": 38.0, "census_tract": 1804.0, "bin": 3414976.0, "bbl": 3057780001.0, "nta": "BK0702", "station_id": "urn:agentwin:city:ev-charging-station:3de117ae8984657bb3ab22c1515b20ad27a3e2642515b8760abc9b0b65d9ca59" }, "geometry": { "type": "Point", "coordinates": [ -74.022864, 40.645338 ] } },
{ "type": "Feature", "properties": { "agency": "DOT", "station_name": "DOT - 25 14th Street, Brooklyn", "charger_types": [ "Level 3 Fast Charger" ], "no_of_ports": 2, "street": "25 14th Street", "city": "Brooklyn", "postcode": "11215", "borough": "Brooklyn", "public_charger_": "No", "fee_for_city_drivers": "No", "latitude": 40.67012, "longitude": -73.996939, "community_district": 306.0, "council_district": 38.0, "census_tract": 11902.0, "bin": 3023308.0, "bbl": 3010310001.0, "nta": "BK0601", "station_id": "urn:agentwin:city:ev-charging-station:94b2c636a35a9c84f24d42c5f68a6103a4ea947e4712452dde2650d09f14fe06" }, "geometry": { "type": "Point", "coordinates": [ -73.996939, 40.67012 ] } },
{ "type": "Feature", "properties": { "agency": "DOT", "station_name": "DOT - 3200 Conner St, Bronx", "charger_types": [ "Level 3 Fast Charger" ], "no_of_ports": 1, "street": "3200 Conner St", "city": "East Bronx", "postcode": "10475", "borough": "Bronx", "public_charger_": "No", "fee_for_city_drivers": "No", "latitude": 40.880471, "longitude": -73.821784, "community_district": 210.0, "council_district": 12.0, "census_tract": 46203.0, "bin": 2118086.0, "bbl": 2052560195.0, "nta": "BX1004", "station_id": "urn:agentwin:city:ev-charging-station:ea6617c26a3ef220f1db5b84f1a43522d01b4a9441a9c449dfb7a09f24184236" }, "geometry": { "type": "Point", "coordinates": [ -73.821784, 40.880471 ] } },
{ "type": "Feature", "properties": { "agency": "DOT", "station_name": "DOT - 166 Columbia St, Brooklyn", "charger_types": [ "Level 2 Charger" ], "no_of_ports": 1, "street": "166 Columbia St", "city": "Brooklyn", "postcode": "11231", "borough": "Brooklyn", "public_charger_": "No", "fee_for_city_drivers": "No", "latitude": 40.686448, "longitude": -74.002026, "community_district": 306.0, "council_district": 39.0, "census_tract": 47.0, "bin": 3000000.0, "bbl": 3003180028.0, "nta": "BK0601", "station_id": "urn:agentwin:city:ev-charging-station:c5aa132cddb1a8965039a57269c67a93d93bfe0cc103f95157c3072f365b8ae4" }, "geometry": { "type": "Point", "coordinates": [ -74.002026, 40.686448 ] } },
{ "type": "Feature", "properties": { "agency": "DOT", "station_name": "DOT - 184 Columbia St, Brooklyn", "charger_types": [ "Level 2 Charger" ], "no_of_ports": 1, "street": "184 Columbia St", "city": "Brooklyn", "postcode": "11231", "borough": "Brooklyn", "public_charger_": "No", "fee_for_city_drivers": "No", "latitude": 40.686039, "longitude": -74.002221, "community_district": 306.0, "council_district": 39.0, "census_tract": 47.0, "bin": 3000000.0, "bbl": 3003180037.0, "nta": "BK0601", "station_id": "urn:agentwin:city:ev-charging-station:54ddf2417439324fda6c1cac9b15326710dcf0ef306bac83e91805c64b5fd96c" }, "geometry": { "type": "Point", "coordinates": [ -74.002221, 40.686039 ] } },
{ "type": "Feature", "properties": { "agency": "DOT", "station_name": "DOT - 1 Bay St, Staten Island", "charger_types": [ "Level 3 Fast Charger" ], "no_of_ports": 6, "street": "1 Bay St", "city": "Staten Island", "postcode": "10306", "borough": "Staten Island", "public_charger_": "No", "fee_for_city_drivers": "No", "latitude": 40.643733, "longitude": -74.072789, "community_district": 501.0, "council_district": 49.0, "census_tract": 3.0, "bin": 5141706.0, "bbl": 5000020001.0, "nta": "SI0101", "station_id": "urn:agentwin:city:ev-charging-station:889ec46456754adce7d7bfbc64cae0fc5f3e65f37d7128b21eb8996154bfaa80" }, "geometry": { "type": "Point", "coordinates": [ -74.072789, 40.643733 ] } },
{ "type": "Feature", "properties": { "agency": "DOT", "station_name": "DOT - 423 Abbott Rd, Queens", "charger_types": [ "Level 2 Charger" ], "no_of_ports": 2, "street": "423 Abbott Rd", "city": "Bayside", "postcode": "11359", "borough": "Queens", "public_charger_": "No", "fee_for_city_drivers": "No", "latitude": 40.79419, "longitude": -73.77855, "community_district": 407.0, "council_district": 19.0, "census_tract": 999.0, "bin": null, "bbl": null, "nta": "QN0761", "station_id": "urn:agentwin:city:ev-charging-station:0d903d9486ff2d2f0b87662d1df5178ff7c6e56dc31ff021c0d8d8cb82e9bc45" }, "geometry": { "type": "Point", "coordinates": [ -73.77855, 40.79419 ] } },
{ "type": "Feature", "properties": { "agency": "DOT", "station_name": "DOT - 69-46 Sybilla St, Queens", "charger_types": [ "EV Solar Arc Charger" ], "no_of_ports": 2, "street": "69-46 Sybilla St", "city": "Queens", "postcode": "11375", "borough": "Queens", "public_charger_": "No", "fee_for_city_drivers": "No", "latitude": 40.709174, "longitude": -73.854849, "community_district": 406.0, "council_district": 29.0, "census_tract": 645.0, "bin": 4095043.0, "bbl": 4038860558.0, "nta": "QN0602", "station_id": "urn:agentwin:city:ev-charging-station:7c0cfa64c78821ced19144b7f0831ff339456010c6f3a1a4aaa0dfd88a31cbfe" }, "geometry": { "type": "Point", "coordinates": [ -73.854849, 40.709174 ] } },
{ "type": "Feature", "properties": { "agency": "DOT", "station_name": "DOT - 32-1 Harper St, Queens", "charger_types": [ "EV Solar Arc Charger", "Level 3 Fast Charger" ], "no_of_ports": 3, "street": "32-1 Harper St", "city": "Corona", "postcode": "11368", "borough": "Queens", "public_charger_": "No", "fee_for_city_drivers": "No", "latitude": 40.764388, "longitude": -73.842368, "community_district": 407.0, "council_district": 21.0, "census_tract": 38301.0, "bin": 4045010.0, "bbl": 4017900001.0, "nta": "QN0707", "station_id": "urn:agentwin:city:ev-charging-station:8385f064c87b7cce9561afa62b6a303653a70c446dfc8fde2312960946a905fa" }, "geometry": { "type": "Point", "coordinates": [ -73.842368, 40.764388 ] } },
{ "type": "Feature", "properties": { "agency": "DOT", "station_name": "DOT - 372 Kent Ave, Brooklyn", "charger_types": [ "Level 2 Charger" ], "no_of_ports": 3, "street": "372 Kent Ave", "city": "Brooklyn", "postcode": "11249", "borough": "Brooklyn", "public_charger_": "No", "fee_for_city_drivers": "No", "latitude": 40.711965, "longitude": -73.968027, "community_district": 301.0, "council_district": 33.0, "census_tract": 549.0, "bin": 3335960.0, "bbl": 3024530001.0, "nta": "BK0102", "station_id": "urn:agentwin:city:ev-charging-station:2cfbc224a314c6b7c49b05728740ca2450f0295689763115350639541731e4d6" }, "geometry": { "type": "Point", "coordinates": [ -73.968027, 40.711965 ] } },
{ "type": "Feature", "properties": { "agency": "DOT", "station_name": "DOT - 352 Kent Avenue, Brooklyn", "charger_types": [ "Level 2 Charger" ], "no_of_ports": 4, "street": "352 Kent Avenue", "city": "Brooklyn", "postcode": "11249", "borough": "Brooklyn", "public_charger_": "No", "fee_for_city_drivers": "No", "latitude": 40.712571, "longitude": -73.967756, "community_district": 301.0, "council_district": 33.0, "census_tract": 549.0, "bin": 3335963.0, "bbl": 3024530001.0, "nta": "BK0102", "station_id": "urn:agentwin:city:ev-charging-station:4a9c99a058c71cd7ae733f72e3e44650cc9eab1a7f8c37bdfe3587b9169b7354" }, "geometry": { "type": "Point", "coordinates": [ -73.967756, 40.712571 ] } },
{ "type": "Feature", "properties": { "agency": "DOT", "station_name": "DOT - 299 South St, Manhattan", "charger_types": [ "EV Solar Arc Charger", "Level 2 Charger" ], "no_of_ports": 5, "street": "299 South St", "city": "New York", "postcode": "10002", "borough": "Manhattan", "public_charger_": "No", "fee_for_city_drivers": "No", "latitude": 40.710508, "longitude": -73.986196, "community_district": 103.0, "council_district": 1.0, "census_tract": 201.0, "bin": 1079600.0, "bbl": 1002410013.0, "nta": "MN0301", "station_id": "urn:agentwin:city:ev-charging-station:7b71eb2001649944d6ae55922d570c200c15d55c9fdac475eb3206244ed57bcc" }, "geometry": { "type": "Point", "coordinates": [ -73.986196, 40.710508 ] } },
{ "type": "Feature", "properties": { "agency": "DOT", "station_name": "DOT - 10 Richmond Terrace, Staten Island", "charger_types": [ "Level 2 Charger" ], "no_of_ports": 2, "street": "10 Richmond Terrace", "city": "Mid Island", "postcode": "10301", "borough": "Staten Island", "public_charger_": "No", "fee_for_city_drivers": "No", "latitude": 40.642367, "longitude": -74.075274, "community_district": 501.0, "council_district": 49.0, "census_tract": 3.0, "bin": 5000063.0, "bbl": 5000070001.0, "nta": "SI0101", "station_id": "urn:agentwin:city:ev-charging-station:7e92ba7369ba79b18363094aa4a4a613c7746f29cb8bf9777ffc38f1ff65a37c" }, "geometry": { "type": "Point", "coordinates": [ -74.075274, 40.642367 ] } },
{ "type": "Feature", "properties": { "agency": "DOT", "station_name": "DOT - 5 Dubois Ave, Staten Island", "charger_types": [ "Level 2 Charger" ], "no_of_ports": 2, "street": "5 Dubois Ave", "city": "Staten Island", "postcode": "10310", "borough": "Staten Island", "public_charger_": "No", "fee_for_city_drivers": "No", "latitude": 40.631925, "longitude": -74.129397, "community_district": 501.0, "council_district": 49.0, "census_tract": 13302.0, "bin": 5104536.0, "bbl": 5002150100.0, "nta": "SI0106", "station_id": "urn:agentwin:city:ev-charging-station:23a634d4a88764792e6180a428c041878e4e0b9306e4d90ec788dee16df822b9" }, "geometry": { "type": "Point", "coordinates": [ -74.129397, 40.631925 ] } },
{ "type": "Feature", "properties": { "agency": "DOT", "station_name": "DOT - 1893 Richmond Terrace, Staten Island", "charger_types": [ "Level 2 Charger", "Level 3 Fast Charger" ], "no_of_ports": 3, "street": "1893 Richmond Terrace", "city": "Staten Island", "postcode": "10302", "borough": "Staten Island", "public_charger_": "No", "fee_for_city_drivers": "No", "latitude": 40.637309, "longitude": -74.128114, "community_district": 501.0, "council_district": 49.0, "census_tract": 20702.0, "bin": 5005110.0, "bbl": 5001850501.0, "nta": "SI0106", "station_id": "urn:agentwin:city:ev-charging-station:d4a5c54cbe37a1b8d3fcb8c617f26e5e6f452533aed759d0c3bfef95ba6ddb2e" }, "geometry": { "type": "Point", "coordinates": [ -74.128114, 40.637309 ] } },
{ "type": "Feature", "properties": { "agency": "DOT", "station_name": "DOT - 99-2703 Richmond Terrace, Staten Island", "charger_types": [ "Level 2 Charger" ], "no_of_ports": 2, "street": "99-2703 Richmond Terrace", "city": "Staten Island", "postcode": "10303", "borough": "Staten Island", "public_charger_": "No", "fee_for_city_drivers": "No", "latitude": 40.644935, "longitude": -74.077204, "community_district": 501.0, "council_district": 49.0, "census_tract": 7.0, "bin": null, "bbl": null, "nta": "SI0101", "station_id": "urn:agentwin:city:ev-charging-station:b0218ea32c0a6075688fbd3cccf8442da14f4cd545d55d906b6fea3ef02b5ab7" }, "geometry": { "type": "Point", "coordinates": [ -74.077204, 40.644935 ] } },
{ "type": "Feature", "properties": { "agency": "DOT", "station_name": "DOT - 6626 Metropolitan Ave, Queens", "charger_types": [ "Level 2 Charger", "Level 3 Fast Charger" ], "no_of_ports": 10, "street": "6626 Metropolitan Ave", "city": "Queens", "postcode": "11379", "borough": "Queens", "public_charger_": "No", "fee_for_city_drivers": "No", "latitude": 40.712377, "longitude": -73.892143, "community_district": 405.0, "council_district": 30.0, "census_tract": 61301.0, "bin": 4443103.0, "bbl": 4036050001.0, "nta": "QN0502", "station_id": "urn:agentwin:city:ev-charging-station:bea21d67e98f6f4e5542a6157fb628cc0bbfc701bd82d424ff63f7582f3f2be0" }, "geometry": { "type": "Point", "coordinates": [ -73.892143, 40.712377 ] } },
{ "type": "Feature", "properties": { "agency": "DOT", "station_name": "DOT - 30-30 Thomson Avenue, Queens", "charger_types": [ "Level 3 Fast Charger" ], "no_of_ports": 2, "street": "30-30 Thomson Avenue", "city": "Queens", "postcode": "11101", "borough": "Queens", "public_charger_": "No", "fee_for_city_drivers": "No", "latitude": 40.745042, "longitude": -73.936191, "community_district": 402.0, "council_district": 26.0, "census_tract": 17902.0, "bin": 4003533.0, "bbl": 4002770001.0, "nta": "QN0202", "station_id": "urn:agentwin:city:ev-charging-station:a9a7e33c9a1be00787935144620ede1da3cc8623eb4d333e30ef896d3d0007e6" }, "geometry": { "type": "Point", "coordinates": [ -73.936191, 40.745042 ] } },
{ "type": "Feature", "properties": { "agency": "DOT", "station_name": "DOT - 2071 White Plains Road, Bronx", "charger_types": [ "DOT Municipal Level 2 Charger", "DOT Municipal Level 3 Charger" ], "no_of_ports": 8, "street": "2071 White Plains Road", "city": "White Plains", "postcode": "10462", "borough": "Bronx", "public_charger_": "Yes", "fee_for_city_drivers": "$0.39 per kWh", "latitude": 40.8526, "longitude": -73.867773, "community_district": 211.0, "council_district": 13.0, "census_tract": 22401.0, "bin": 2000000.0, "bbl": 2042860001.0, "nta": "BX1101", "station_id": "urn:agentwin:city:ev-charging-station:d49b052046b9b511284c0db8e399cb58a2b09c2c7f0250fb7e3aa0e15aad567b" }, "geometry": { "type": "Point", "coordinates": [ -73.867773, 40.8526 ] } },
{ "type": "Feature", "properties": { "agency": "DOT", "station_name": "DOT - 39 South Street, Manhattan", "charger_types": [ "Level 2 Charger", "Level 3 Fast Charger" ], "no_of_ports": 22, "street": "39 South Street", "city": "New York", "postcode": "10004", "borough": "Manhattan", "public_charger_": "No", "fee_for_city_drivers": "No", "latitude": 40.703167, "longitude": -74.008028, "community_district": 101.0, "council_district": 1.0, "census_tract": 9.0, "bin": 1083346.0, "bbl": 1000327501.0, "nta": "MN0101", "station_id": "urn:agentwin:city:ev-charging-station:b701445b03637d480e8ff0cc127711cc8487c6f46d5527492b39569d3334f420" }, "geometry": { "type": "Point", "coordinates": [ -74.008028, 40.703167 ] } },
{ "type": "Feature", "properties": { "agency": "DOT", "station_name": "DOT - 34 Wave St, Staten Island", "charger_types": [ "Level 2 Charger" ], "no_of_ports": 2, "street": "34 Wave St", "city": "Staten Island", "postcode": "10304", "borough": "Staten Island", "public_charger_": "No", "fee_for_city_drivers": "No", "latitude": 40.629667, "longitude": -74.076027, "community_district": 501.0, "council_district": 49.0, "census_tract": 21.0, "bin": 5013187.0, "bbl": 5004890048.0, "nta": "SI0102", "station_id": "urn:agentwin:city:ev-charging-station:40abd475bd0c852883016fa32f8be66b247a344862e13cfa2f46f6a4a806f519" }, "geometry": { "type": "Point", "coordinates": [ -74.076027, 40.629667 ] } },
{ "type": "Feature", "properties": { "agency": "DOT", "station_name": "DOT - 2144 Webster Ave, Bronx", "charger_types": [ "Level 3 Fast Charger" ], "no_of_ports": 2, "street": "2144 Webster Ave", "city": "Belmont", "postcode": "10457", "borough": "Bronx", "public_charger_": "No", "fee_for_city_drivers": "No", "latitude": 40.853544, "longitude": -73.897301, "community_district": 206.0, "council_district": 15.0, "census_tract": 379.0, "bin": 2011136.0, "bbl": 2030300028.0, "nta": "BX0502", "station_id": "urn:agentwin:city:ev-charging-station:e145c62b10fa26741d84c9d6c13d858e3086cf77f8fafc585866573e73c81a0f" }, "geometry": { "type": "Point", "coordinates": [ -73.897301, 40.853544 ] } },
{ "type": "Feature", "properties": { "agency": "DOT", "station_name": "DOT - 1 South Street, Manhattan", "charger_types": [ "Level 2 Charger" ], "no_of_ports": 2, "street": "1 South Street", "city": "New York", "postcode": "10004", "borough": "Manhattan", "public_charger_": "No", "fee_for_city_drivers": "No", "latitude": 40.701283, "longitude": -74.014578, "community_district": 101.0, "council_district": 1.0, "census_tract": 319.0, "bin": 1000004.0, "bbl": 1000030010.0, "nta": "MN0191", "station_id": "urn:agentwin:city:ev-charging-station:5520d2218a1a23615cb283fb4d1ddb00271e74bdb5b00eeb3d7d0e19be06764b" }, "geometry": { "type": "Point", "coordinates": [ -74.014578, 40.701283 ] } },
{ "type": "Feature", "properties": { "agency": "DOT", "station_name": "DOT - 1400 Williamsbridge Road, Bronx", "charger_types": [ "Level 2 Charger" ], "no_of_ports": 2, "street": "1400 Williamsbridge Road", "city": "The Bronx", "postcode": "10461", "borough": "Bronx", "public_charger_": "No", "fee_for_city_drivers": "No", "latitude": 40.842206, "longitude": -73.844168, "community_district": 210.0, "council_district": 18.0, "census_tract": 200.0, "bin": 2044091.0, "bbl": 2040740001.0, "nta": "BX1001", "station_id": "urn:agentwin:city:ev-charging-station:e96e53507e337aba0d8b09c290f22af66c70574e87cb20f02f1e9d892674e963" }, "geometry": { "type": "Point", "coordinates": [ -73.844168, 40.842206 ] } },
{ "type": "Feature", "properties": { "agency": "DOT", "station_name": "DOT - 928 E 76Th St, Brooklyn", "charger_types": [ "EV Solar Arc Charger" ], "no_of_ports": 1, "street": "928 E 76Th St", "city": "Canarsie", "postcode": "11236", "borough": "Brooklyn", "public_charger_": "No", "fee_for_city_drivers": "No", "latitude": 40.633144, "longitude": -73.91573, "community_district": 318.0, "council_district": 46.0, "census_tract": 998.0, "bin": 3325351.0, "bbl": 3080120400.0, "nta": "BK1803", "station_id": "urn:agentwin:city:ev-charging-station:d4a560679806de288dd3a8ef8cfbe5539143047368194959136ac7d49cb7c6c1" }, "geometry": { "type": "Point", "coordinates": [ -73.91573, 40.633144 ] } },
{ "type": "Feature", "properties": { "agency": "DOT", "station_name": "DOT - 6080 Flatlands Ave, Brooklyn", "charger_types": [ "Level 3 Fast Charger" ], "no_of_ports": 1, "street": "6080 Flatlands Ave", "city": "Canarsie", "postcode": "11236", "borough": "Brooklyn", "public_charger_": "No", "fee_for_city_drivers": "No", "latitude": 40.633452, "longitude": -73.916446, "community_district": 318.0, "council_district": 46.0, "census_tract": 998.0, "bin": 3325350.0, "bbl": 3080120400.0, "nta": "BK1803", "station_id": "urn:agentwin:city:ev-charging-station:1703cf59592fdb4dd1be7b949de65355787cae5a700182e8556837f74dc4ac55" }, "geometry": { "type": "Point", "coordinates": [ -73.916446, 40.633452 ] } },
{ "type": "Feature", "properties": { "agency": "DOT", "station_name": "DOT - 58-50 57th Rd, Queens", "charger_types": [ "Level 2 Charger" ], "no_of_ports": 1, "street": "58-50 57th Rd", "city": "Maspeth", "postcode": "11378", "borough": "Queens", "public_charger_": "No", "fee_for_city_drivers": "No", "latitude": 40.722386, "longitude": -73.910043, "community_district": 405.0, "council_district": 30.0, "census_tract": 531.0, "bin": 4059838.0, "bbl": 4026750015.0, "nta": "QN0501", "station_id": "urn:agentwin:city:ev-charging-station:ad2e75b1b4c460d22287a0ffa06e1deac57b807bb750e2f5133c885313363772" }, "geometry": { "type": "Point", "coordinates": [ -73.910043, 40.722386 ] } },
{ "type": "Feature", "properties": { "agency": "DOT", "station_name": "DOT - 57-50 57Th Rd, Queens", "charger_types": [ "Level 2 Charger" ], "no_of_ports": 2, "street": "57-50 57Th Rd", "city": "Maspeth", "postcode": "11378", "borough": "Queens", "public_charger_": "No", "fee_for_city_drivers": "No", "latitude": 40.722361, "longitude": -73.912677, "community_district": 405.0, "council_district": 30.0, "census_tract": 531.0, "bin": 4567284.0, "bbl": 4026710001.0, "nta": "QN0501", "station_id": "urn:agentwin:city:ev-charging-station:e487ab7da99f9946253fa01b936e359e7afa242e36ee1682df01ce9fbec88c1b" }, "geometry": { "type": "Point", "coordinates": [ -73.912677, 40.722361 ] } },
{ "type": "Feature", "properties": { "agency": "DOT", "station_name": "DOT - 88-26 Pitkin Ave, Queens", "charger_types": [ "Level 2 Charger" ], "no_of_ports": 3, "street": "88-26 Pitkin Ave", "city": "Queens", "postcode": "11417", "borough": "Queens", "public_charger_": "No", "fee_for_city_drivers": "No", "latitude": 40.673779, "longitude": -73.847565, "community_district": 410.0, "council_district": 32.0, "census_tract": 58.0, "bin": 4539787.0, "bbl": 4113680020.0, "nta": "QN1002", "station_id": "urn:agentwin:city:ev-charging-station:737e89cb793e6a38e41ddf831d1d7bde36f41c80766f86793642b935d24e662c" }, "geometry": { "type": "Point", "coordinates": [ -73.847565, 40.673779 ] } },
{ "type": "Feature", "properties": { "agency": "DOT", "station_name": "DOT - 34-2 Queens Blvd, Queens", "charger_types": [ "Level 2 Charger" ], "no_of_ports": 4, "street": "34-2 Queens Blvd", "city": "Queens", "postcode": "11101", "borough": "Queens", "public_charger_": "No", "fee_for_city_drivers": "No", "latitude": 40.744537, "longitude": -73.930602, "community_district": 402.0, "council_district": 26.0, "census_tract": 17902.0, "bin": 4003435.0, "bbl": 4002460001.0, "nta": "QN0202", "station_id": "urn:agentwin:city:ev-charging-station:9c8c35b143aedb4a42225e3f064734b29bcc22805021d2be0d3a53ca5d0240ad" }, "geometry": { "type": "Point", "coordinates": [ -73.930602, 40.744537 ] } },
{ "type": "Feature", "properties": { "agency": "DPR", "station_name": "DPR - 13 East Rd, Queens", "charger_types": [ "EV Solar Arc Charger", "Level 2 Charger" ], "no_of_ports": 6, "street": "13 East Rd", "city": "Corona", "postcode": "11368", "borough": "Queens", "public_charger_": "No", "fee_for_city_drivers": "No", "latitude": 40.753928, "longitude": -73.838823, "community_district": 481.0, "council_district": 21.0, "census_tract": 38302.0, "bin": 4439847.0, "bbl": 4020180001.0, "nta": "QN8191", "station_id": "urn:agentwin:city:ev-charging-station:00131d7c35adb760764752227cb1c8fce48b5479059560a5f503e02840c44e9f" }, "geometry": { "type": "Point", "coordinates": [ -73.838823, 40.753928 ] } },
{ "type": "Feature", "properties": { "agency": "DPR", "station_name": "DPR - 15 East Rd, Queens", "charger_types": [ "EV Solar Arc Charger", "Level 2 Charger" ], "no_of_ports": 12, "street": "15 East Rd", "city": "Corona", "postcode": "11368", "borough": "Queens", "public_charger_": "No", "fee_for_city_drivers": "No", "latitude": 40.754021, "longitude": -73.838509, "community_district": 481.0, "council_district": 21.0, "census_tract": 38302.0, "bin": 4541447.0, "bbl": 4020180001.0, "nta": "QN8191", "station_id": "urn:agentwin:city:ev-charging-station:fb13f1dc85b1813914d78c5049121753d037a4e07e9069a89d11f3bd21154c70" }, "geometry": { "type": "Point", "coordinates": [ -73.838509, 40.754021 ] } },
{ "type": "Feature", "properties": { "agency": "DPR", "station_name": "DPR - 131-40 Fowler Ave, Queens", "charger_types": [ "Level 2 Charger" ], "no_of_ports": 6, "street": "131-40 Fowler Ave", "city": "Flushing", "postcode": "11355", "borough": "Queens", "public_charger_": "No", "fee_for_city_drivers": "No", "latitude": 40.751616, "longitude": -73.834155, "community_district": 407.0, "council_district": 20.0, "census_tract": 38302.0, "bin": 4540092.0, "bbl": 4020180001.0, "nta": "QN8191", "station_id": "urn:agentwin:city:ev-charging-station:9c179d1b19a129ff76af9b1b446ebdbb5f7016804ecf19b8978ef02e4d193ffd" }, "geometry": { "type": "Point", "coordinates": [ -73.834155, 40.751616 ] } },
{ "type": "Feature", "properties": { "agency": "DPR", "station_name": "DPR - 850 E 138th St, Bronx", "charger_types": [ "Level 2 Charger", "Level 3 Fast Charger" ], "no_of_ports": 6, "street": "850 E 138th St", "city": "Bronx", "postcode": "10454", "borough": "Bronx", "public_charger_": "No", "fee_for_city_drivers": "No", "latitude": 40.803141, "longitude": -73.909049, "community_district": 201.0, "council_district": 8.0, "census_tract": 1903.0, "bin": 2086438.0, "bbl": 2025890031.0, "nta": "BX0101", "station_id": "urn:agentwin:city:ev-charging-station:5caaa2136484345587d014a0ed5188ba73e7d6cd995e4dcb7ffeffebd97e62fc" }, "geometry": { "type": "Point", "coordinates": [ -73.909049, 40.803141 ] } },
{ "type": "Feature", "properties": { "agency": "DPR", "station_name": "DPR - 118- 9 155th St, Queens", "charger_types": [ "EV Solar Arc Charger", "Level 2 Charger" ], "no_of_ports": 5, "street": "118- 9 155th St", "city": "Queens", "postcode": "11434", "borough": "Queens", "public_charger_": "No", "fee_for_city_drivers": "No", "latitude": 40.681158, "longitude": -73.787784, "community_district": 412.0, "council_district": 28.0, "census_tract": 28803.0, "bin": 4265591.0, "bbl": 4122290001.0, "nta": "QN1203", "station_id": "urn:agentwin:city:ev-charging-station:634a7324ffe230a5aa05d6cd914a4dfe38a9bd7e735b645e7dc2dab31c2354be" }, "geometry": { "type": "Point", "coordinates": [ -73.787784, 40.681158 ] } },
{ "type": "Feature", "properties": { "agency": "DPR", "station_name": "DPR - 330 Bay 8th St, Brooklyn", "charger_types": [ "Level 2 Charger" ], "no_of_ports": 2, "street": "330 Bay 8th St", "city": "Brooklyn", "postcode": "11228", "borough": "Brooklyn", "public_charger_": "No", "fee_for_city_drivers": "No", "latitude": 40.605116, "longitude": -74.017319, "community_district": 310.0, "council_district": 50.0, "census_tract": 154.0, "bin": 3402737.0, "bbl": 3064180001.0, "nta": "BK1091", "station_id": "urn:agentwin:city:ev-charging-station:b4b4903b7f2a841be011e31184b056780916fcc3db5dba95e8709dad4f4f5e6d" }, "geometry": { "type": "Point", "coordinates": [ -74.017319, 40.605116 ] } },
{ "type": "Feature", "properties": { "agency": "DPR", "station_name": "DPR - 48 West Drive, Brooklyn", "charger_types": [ "EV Solar Arc Charger", "Level 2 Charger" ], "no_of_ports": 4, "street": "48 West Drive", "city": "Brooklyn", "postcode": "11215", "borough": "Brooklyn", "public_charger_": "No", "fee_for_city_drivers": "No", "latitude": 40.664987, "longitude": -73.973384, "community_district": 355.0, "council_district": 39.0, "census_tract": 177.0, "bin": 3411717.0, "bbl": 3011170001.0, "nta": "BK5591", "station_id": "urn:agentwin:city:ev-charging-station:bcea78cab040d6cc9718bb478c417b4e9e5cbe4059ee6e3d84891d52836f9048" }, "geometry": { "type": "Point", "coordinates": [ -73.973384, 40.664987 ] } },
{ "type": "Feature", "properties": { "agency": "DPR", "station_name": "DPR - 46 West Dr, Brooklyn", "charger_types": [ "Level 2 Charger" ], "no_of_ports": 2, "street": "46 West Dr", "city": "Brooklyn", "postcode": "11215", "borough": "Brooklyn", "public_charger_": "No", "fee_for_city_drivers": "No", "latitude": 40.665253, "longitude": -73.973164, "community_district": 355.0, "council_district": 39.0, "census_tract": 177.0, "bin": 3347254.0, "bbl": 3011170001.0, "nta": "BK5591", "station_id": "urn:agentwin:city:ev-charging-station:c7f6a015a10103f6f1bc3b529431d4d5e2070ffb921b0da88f4f5020d24da356" }, "geometry": { "type": "Point", "coordinates": [ -73.973164, 40.665253 ] } },
{ "type": "Feature", "properties": { "agency": "DPR", "station_name": "DPR - 50 West Dr, Brooklyn", "charger_types": [ "Level 2 Charger" ], "no_of_ports": 12, "street": "50 West Dr", "city": "Brooklyn", "postcode": "11215", "borough": "Brooklyn", "public_charger_": "No", "fee_for_city_drivers": "No", "latitude": 40.664701, "longitude": -73.973557, "community_district": 355.0, "council_district": 39.0, "census_tract": 177.0, "bin": 3411716.0, "bbl": 3011170001.0, "nta": "BK5591", "station_id": "urn:agentwin:city:ev-charging-station:22641f895b4ee156df8b2c972f7be95e9db3a4b2ec5115c1fe69582ebc750f32" }, "geometry": { "type": "Point", "coordinates": [ -73.973557, 40.664701 ] } },
{ "type": "Feature", "properties": { "agency": "DPR", "station_name": "DPR - 195 Cadman Plaza West, Brooklyn", "charger_types": [ "Level 2 Charger" ], "no_of_ports": 4, "street": "195 Cadman Plaza West", "city": "Brooklyn", "postcode": "11201", "borough": "Brooklyn", "public_charger_": "No", "fee_for_city_drivers": "No", "latitude": 40.69883, "longitude": -73.991377, "community_district": 302.0, "council_district": 33.0, "census_tract": 13.0, "bin": 3335882.0, "bbl": 3000580050.0, "nta": "BK0202", "station_id": "urn:agentwin:city:ev-charging-station:a740871b8a62efef2f60ea1cf350092254826d478e1fd61aad1d0c3284244b35" }, "geometry": { "type": "Point", "coordinates": [ -73.991377, 40.69883 ] } },
{ "type": "Feature", "properties": { "agency": "DPR", "station_name": "DPR - 1490 Sheridan Blvd., Bronx", "charger_types": [ "EV Solar Arc Charger", "Level 2 Charger" ], "no_of_ports": 3, "street": "1490 Sheridan Blvd.", "city": "Bronx", "postcode": "10459", "borough": "Bronx", "public_charger_": "No", "fee_for_city_drivers": "No", "latitude": 40.833338, "longitude": -73.883614, "community_district": 209.0, "council_district": 17.0, "census_tract": 157.0, "bin": 2128943.0, "bbl": 2030190100.0, "nta": "BX0303", "station_id": "urn:agentwin:city:ev-charging-station:4f414cc44f0a0e019b469bc40cc513625a1cad4c4c07bffa57f1cbba06ce5cb5" }, "geometry": { "type": "Point", "coordinates": [ -73.883614, 40.833338 ] } },
{ "type": "Feature", "properties": { "agency": "DPR", "station_name": "DPR - 313 Broome St, Manhattan", "charger_types": [ "Level 2 Charger" ], "no_of_ports": 2, "street": "313 Broome St", "city": "New York", "postcode": "10002", "borough": "Manhattan", "public_charger_": "No", "fee_for_city_drivers": "No", "latitude": 40.718875, "longitude": -73.992735, "community_district": 103.0, "council_district": 1.0, "census_tract": 18.0, "bin": 1086508.0, "bbl": 1004180001.0, "nta": "MN0302", "station_id": "urn:agentwin:city:ev-charging-station:d75581cdbbd020d32393ec580e05114fb405d024b04d7f8e3db57928d662bb2f" }, "geometry": { "type": "Point", "coordinates": [ -73.992735, 40.718875 ] } },
{ "type": "Feature", "properties": { "agency": "DPR", "station_name": "DPR - 1521-1529 E 102Nd St, Brooklyn", "charger_types": [ "EV Solar Arc Charger" ], "no_of_ports": 1, "street": "1521-1529 E 102Nd St", "city": "Brooklyn", "postcode": "11236", "borough": "Brooklyn", "public_charger_": "No", "fee_for_city_drivers": "No", "latitude": 40.635668, "longitude": -73.885339, "community_district": 318.0, "council_district": 46.0, "census_tract": 103402.0, "bin": null, "bbl": null, "nta": "BK1893", "station_id": "urn:agentwin:city:ev-charging-station:a28520746528529d0a5f5bcab7eb357e1a9667d57c46623d11aafaa330a827b2" }, "geometry": { "type": "Point", "coordinates": [ -73.885339, 40.635668 ] } },
{ "type": "Feature", "properties": { "agency": "DPR", "station_name": "DPR - 1501 E 102nd St, Brooklyn", "charger_types": [ "EV Solar Arc Charger" ], "no_of_ports": 2, "street": "1501 E 102nd St", "city": "Brooklyn", "postcode": "11236", "borough": "Brooklyn", "public_charger_": "No", "fee_for_city_drivers": "No", "latitude": 40.636143, "longitude": -73.885842, "community_district": 318.0, "council_district": 46.0, "census_tract": 103402.0, "bin": null, "bbl": null, "nta": "BK1893", "station_id": "urn:agentwin:city:ev-charging-station:b77a9d6f109d397c90e66b3199d615fb765713f9d2aa0f3835730fe21e7915bb" }, "geometry": { "type": "Point", "coordinates": [ -73.885842, 40.636143 ] } },
{ "type": "Feature", "properties": { "agency": "DPR", "station_name": "DPR - 58 Dwight St, Brooklyn", "charger_types": [ "Level 2 Charger" ], "no_of_ports": 2, "street": "58 Dwight St", "city": "Brooklyn", "postcode": "11231", "borough": "Brooklyn", "public_charger_": "No", "fee_for_city_drivers": "No", "latitude": 40.67671, "longitude": -74.008238, "community_district": 306.0, "council_district": 38.0, "census_tract": 85.0, "bin": 3008423.0, "bbl": 3005320001.0, "nta": "BK0601", "station_id": "urn:agentwin:city:ev-charging-station:df65fbb08416ab798698aba33a9ccc7da308a309ed3b34a3df7c72be4d720500" }, "geometry": { "type": "Point", "coordinates": [ -74.008238, 40.67671 ] } },
{ "type": "Feature", "properties": { "agency": "DPR", "station_name": "DPR - Central Park Gothic BridgeWest Dr, Manhattan", "charger_types": [ "Level 2 Charger" ], "no_of_ports": 2, "street": "Central Park Gothic BridgeWest Dr", "city": "New York", "postcode": "10128", "borough": "Manhattan", "public_charger_": "No", "fee_for_city_drivers": "No", "latitude": 40.78237, "longitude": -73.965238, "community_district": 164.0, "council_district": 6.0, "census_tract": 143.0, "bin": 1000000.0, "bbl": 1011110001.0, "nta": "MN6491", "station_id": "urn:agentwin:city:ev-charging-station:a05f16492577dfdf7a2fd86270dd1b022d7685a8248058ebc4a8bec10fecf1b1" }, "geometry": { "type": "Point", "coordinates": [ -73.965238, 40.78237 ] } },
{ "type": "Feature", "properties": { "agency": "DPR", "station_name": "DPR - 1700 Fulton Ave, Bronx", "charger_types": [ "Level 2 Charger" ], "no_of_ports": 2, "street": "1700 Fulton Ave", "city": "Bronx", "postcode": "10457", "borough": "Bronx", "public_charger_": "No", "fee_for_city_drivers": "No", "latitude": 40.841369, "longitude": -73.897872, "community_district": 203.0, "council_district": 15.0, "census_tract": 163.0, "bin": 2114529.0, "bbl": 2029410001.0, "nta": "BX0391", "station_id": "urn:agentwin:city:ev-charging-station:cd0e50b77f3de56dec9fffc17077051c465f9389798b6a1cea969f6e824ad04f" }, "geometry": { "type": "Point", "coordinates": [ -73.897872, 40.841369 ] } },
{ "type": "Feature", "properties": { "agency": "DPR", "station_name": "DPR - 860 E 138th St, Bronx", "charger_types": [ "Level 2 Charger" ], "no_of_ports": 16, "street": "860 E 138th St", "city": "Bronx", "postcode": "10454", "borough": "Bronx", "public_charger_": "No", "fee_for_city_drivers": "No", "latitude": 40.803059, "longitude": -73.908904, "community_district": 201.0, "council_district": 8.0, "census_tract": 1903.0, "bin": null, "bbl": null, "nta": "BX0101", "station_id": "urn:agentwin:city:ev-charging-station:ccd27fbb11e5f0135435adf6a0b46ea7b9aa8e3c3ef42fa0db55085e536780a9" }, "geometry": { "type": "Point", "coordinates": [ -73.908904, 40.803059 ] } },
{ "type": "Feature", "properties": { "agency": "DPR", "station_name": "DPR - 20 Randalls Island Park, Manhattan", "charger_types": [ "Level 2 Charger" ], "no_of_ports": 2, "street": "20 Randalls Island Park", "city": "New York", "postcode": "10035", "borough": "Manhattan", "public_charger_": "No", "fee_for_city_drivers": "No", "latitude": 40.796655, "longitude": -73.923829, "community_district": 111.0, "council_district": 8.0, "census_tract": 240.0, "bin": 1000000.0, "bbl": 1018190203.0, "nta": "MN1191", "station_id": "urn:agentwin:city:ev-charging-station:34fb9f7498e4cab622dd2931bf0c9d197cee0ec62b080fde65307b16d939d6af" }, "geometry": { "type": "Point", "coordinates": [ -73.923829, 40.796655 ] } },
{ "type": "Feature", "properties": { "agency": "DPR", "station_name": "DPR - 80-11 Myrtle Avenue, Queens", "charger_types": [ "Level 2 Charger" ], "no_of_ports": 4, "street": "80-11 Myrtle Avenue", "city": "Glendale", "postcode": "11385", "borough": "Queens", "public_charger_": "No", "fee_for_city_drivers": "No", "latitude": 40.702998, "longitude": -73.868023, "community_district": 405.0, "council_district": 32.0, "census_tract": 635.0, "bin": 4093558.0, "bbl": 4038310006.0, "nta": "QN0503", "station_id": "urn:agentwin:city:ev-charging-station:661acdce9a9c386f2881641d1dd7176ac5dce65fdcd8f732a3fe0c111dd99b86" }, "geometry": { "type": "Point", "coordinates": [ -73.868023, 40.702998 ] } },
{ "type": "Feature", "properties": { "agency": "DPR", "station_name": "DPR - 1121 86th St, Brooklyn", "charger_types": [ "EV Solar Arc Charger" ], "no_of_ports": 1, "street": "1121 86th St", "city": "Brooklyn", "postcode": "11228", "borough": "Brooklyn", "public_charger_": "No", "fee_for_city_drivers": "No", "latitude": 40.61634, "longitude": -74.017675, "community_district": 310.0, "council_district": 50.0, "census_tract": 166.0, "bin": 3165530.0, "bbl": 3063370069.0, "nta": "BK1002", "station_id": "urn:agentwin:city:ev-charging-station:f2c7eaa3d645dda084408ac2aa4a0473dcbddc10447cfb2b118da5bf867baa87" }, "geometry": { "type": "Point", "coordinates": [ -74.017675, 40.61634 ] } },
{ "type": "Feature", "properties": { "agency": "DPR", "station_name": "DPR - 7801 57th Avenue, Queens", "charger_types": [ "Level 2 Charger" ], "no_of_ports": 2, "street": "7801 57th Avenue", "city": "Queens", "postcode": "11373", "borough": "Queens", "public_charger_": "No", "fee_for_city_drivers": "No", "latitude": 40.728781, "longitude": -73.885114, "community_district": 404.0, "council_district": 30.0, "census_tract": 499.0, "bin": 4062887.0, "bbl": 4028050031.0, "nta": "QN0401", "station_id": "urn:agentwin:city:ev-charging-station:84caf5d7e179bb17edcaeeec6ed51908b49a2787b27ffd1e4818300ae6c3c34a" }, "geometry": { "type": "Point", "coordinates": [ -73.885114, 40.728781 ] } },
{ "type": "Feature", "properties": { "agency": "DPR", "station_name": "DPR - 82-92 88th Pl, Queens", "charger_types": [ "Level 2 Charger" ], "no_of_ports": 2, "street": "82-92 88th Pl", "city": "Queens", "postcode": "11385", "borough": "Queens", "public_charger_": "No", "fee_for_city_drivers": "No", "latitude": 40.701545, "longitude": -73.858223, "community_district": 405.0, "council_district": 32.0, "census_tract": 639.0, "bin": 4094694.0, "bbl": 4038660036.0, "nta": "QN0503", "station_id": "urn:agentwin:city:ev-charging-station:9471860b06a2cc4530f34cd8d0672a74842c326efbd7fe1b3f83dae5261752aa" }, "geometry": { "type": "Point", "coordinates": [ -73.858223, 40.701545 ] } },
{ "type": "Feature", "properties": { "agency": "DPR", "station_name": "DPR - 1010 Queens Plaza South, Queens", "charger_types": [ "Level 2 Charger" ], "no_of_ports": 2, "street": "1010 Queens Plaza South", "city": "Queens", "postcode": "11101", "borough": "Queens", "public_charger_": "No", "fee_for_city_drivers": "No", "latitude": 40.753521, "longitude": -73.947412, "community_district": 402.0, "council_district": 26.0, "census_tract": 1903.0, "bin": 4436827.0, "bbl": 4004600016.0, "nta": "QN0201", "station_id": "urn:agentwin:city:ev-charging-station:20cd74d21d070f3f9cfe3d18e9923196aeeabfaad7aad1b3e0b8d9fc5437cff9" }, "geometry": { "type": "Point", "coordinates": [ -73.947412, 40.753521 ] } },
{ "type": "Feature", "properties": { "agency": "DPR", "station_name": "DPR - 40 W 143rd St, Manhattan", "charger_types": [ "EV Solar Arc Charger" ], "no_of_ports": 1, "street": "40 W 143rd St", "city": "New York", "postcode": "10037", "borough": "Manhattan", "public_charger_": "No", "fee_for_city_drivers": "No", "latitude": 40.818365, "longitude": -73.935359, "community_district": 110.0, "council_district": 9.0, "census_tract": 214.0, "bin": 1053944.0, "bbl": 1017400017.0, "nta": "MN1002", "station_id": "urn:agentwin:city:ev-charging-station:f6617a606f23b3f40256e01e08200081067bd6b00db4c51f598590e2b3e2e86c" }, "geometry": { "type": "Point", "coordinates": [ -73.935359, 40.818365 ] } },
{ "type": "Feature", "properties": { "agency": "DPR", "station_name": "DPR - 25-50 84th St, Queens", "charger_types": [ "Level 2 Charger" ], "no_of_ports": 2, "street": "25-50 84th St", "city": "Queens", "postcode": "11370", "borough": "Queens", "public_charger_": "No", "fee_for_city_drivers": "No", "latitude": 40.762959, "longitude": -73.884827, "community_district": 403.0, "council_district": 22.0, "census_tract": 329.0, "bin": 4032142.0, "bbl": 4013570031.0, "nta": "QN0302", "station_id": "urn:agentwin:city:ev-charging-station:72f147b5214adfbac6947d910f8438a82861b1799b73d231feda4ec356bc1ddd" }, "geometry": { "type": "Point", "coordinates": [ -73.884827, 40.762959 ] } },
{ "type": "Feature", "properties": { "agency": "DPR", "station_name": "DPR - 181 East End Ave, Manhattan", "charger_types": [ "Level 2 Charger" ], "no_of_ports": 2, "street": "181 East End Ave", "city": "New York", "postcode": "10028", "borough": "Manhattan", "public_charger_": "No", "fee_for_city_drivers": "No", "latitude": 40.776309, "longitude": -73.943758, "community_district": 108.0, "council_district": 5.0, "census_tract": 14402.0, "bin": 1085796.0, "bbl": 1015920001.0, "nta": "MN0803", "station_id": "urn:agentwin:city:ev-charging-station:06a069be112329c253f91fbf8d3705481eb17d59e2f33c4d57f56074f35bd7ec" }, "geometry": { "type": "Point", "coordinates": [ -73.943758, 40.776309 ] } },
{ "type": "Feature", "properties": { "agency": "DPR", "station_name": "DPR - 2301 Amsterdam Avenue, Manhattan", "charger_types": [ "Level 2 Charger" ], "no_of_ports": 2, "street": "2301 Amsterdam Avenue", "city": "New York", "postcode": "10033", "borough": "Manhattan", "public_charger_": "No", "fee_for_city_drivers": "No", "latitude": 40.843434, "longitude": -73.934301, "community_district": 112.0, "council_district": 10.0, "census_tract": 311.0, "bin": 1085868.0, "bbl": 1021060001.0, "nta": "MN1291", "station_id": "urn:agentwin:city:ev-charging-station:2d651673f14c11c3a1517c7c5a29268d763f07b585c057ba34cb7ac702f35fcd" }, "geometry": { "type": "Point", "coordinates": [ -73.934301, 40.843434 ] } },
{ "type": "Feature", "properties": { "agency": "DPR", "station_name": "DPR - 10 Central Rd, Manhattan", "charger_types": [ "Level 3 Fast Charger" ], "no_of_ports": 3, "street": "10 Central Rd", "city": "New York", "postcode": "10035", "borough": "Manhattan", "public_charger_": "NYC DC Fast Public Charging", "fee_for_city_drivers": "No", "latitude": 40.792269, "longitude": -73.923827, "community_district": 111.0, "council_district": 8.0, "census_tract": 240.0, "bin": 1085645.0, "bbl": 1018190203.0, "nta": "MN1191", "station_id": "urn:agentwin:city:ev-charging-station:f86140f543319ac109ac59ef4b58eb0a27bab52af637a92cd9e164db94b5bfa9" }, "geometry": { "type": "Point", "coordinates": [ -73.923827, 40.792269 ] } },
{ "type": "Feature", "properties": { "agency": "DPR", "station_name": "DPR - 62- 45 71st Street, Queens", "charger_types": [ "Level 2 Charger" ], "no_of_ports": 4, "street": "62- 45 71st Street", "city": "Queens", "postcode": "11379", "borough": "Queens", "public_charger_": "No", "fee_for_city_drivers": "No", "latitude": 40.718332, "longitude": -73.884865, "community_district": 405.0, "council_district": 30.0, "census_tract": 66302.0, "bin": 4068180.0, "bbl": 4029600002.0, "nta": "QN0504", "station_id": "urn:agentwin:city:ev-charging-station:49a2179e3644d5f1d2559186b7f2e5644ccfb0a7397ee99d8fed598511363e33" }, "geometry": { "type": "Point", "coordinates": [ -73.884865, 40.718332 ] } },
{ "type": "Feature", "properties": { "agency": "DPR", "station_name": "DPR - 2529 Neptune Ave, Brooklyn", "charger_types": [ "Level 2 Charger" ], "no_of_ports": 2, "street": "2529 Neptune Ave", "city": "Brooklyn", "postcode": "11224", "borough": "Brooklyn", "public_charger_": "No", "fee_for_city_drivers": "No", "latitude": 40.578084, "longitude": -73.992966, "community_district": 313.0, "council_district": 47.0, "census_tract": 330.0, "bin": 3188219.0, "bbl": 3069650100.0, "nta": "BK1302", "station_id": "urn:agentwin:city:ev-charging-station:3ab5b0161fcdffe3911c893da38ec662ce53464fe4271b9e3cbda12a1977e034" }, "geometry": { "type": "Point", "coordinates": [ -73.992966, 40.578084 ] } },
{ "type": "Feature", "properties": { "agency": "DPR", "station_name": "DPR - 160-2 Oak Avenue, Queens", "charger_types": [ "Level 2 Charger" ], "no_of_ports": 2, "street": "160-2 Oak Avenue", "city": "Queens", "postcode": "11365", "borough": "Queens", "public_charger_": "No", "fee_for_city_drivers": "No", "latitude": 40.7501, "longitude": -73.807119, "community_district": 407.0, "council_district": 20.0, "census_tract": 1211.0, "bin": 4442398.0, "bbl": 4055090301.0, "nta": "QN0791", "station_id": "urn:agentwin:city:ev-charging-station:0c089099323c2aec5f32343d68d6fe9ceaa6f07c271526c936cbd61fbb92cec8" }, "geometry": { "type": "Point", "coordinates": [ -73.807119, 40.7501 ] } },
{ "type": "Feature", "properties": { "agency": "DPR", "station_name": "DPR - 3 W 124th St, Manhattan", "charger_types": [ "Level 2 Charger" ], "no_of_ports": 2, "street": "3 W 124th St", "city": "New York", "postcode": "10027", "borough": "Manhattan", "public_charger_": "No", "fee_for_city_drivers": "No", "latitude": 40.805856, "longitude": -73.943, "community_district": 110.0, "council_district": 9.0, "census_tract": 200.0, "bin": 1053461.0, "bbl": 1017220033.0, "nta": "MN1001", "station_id": "urn:agentwin:city:ev-charging-station:818ecdbb30abc106e3aa19e78d828392de28adfafaf0b21e735ca1defa9fc752" }, "geometry": { "type": "Point", "coordinates": [ -73.943, 40.805856 ] } },
{ "type": "Feature", "properties": { "agency": "DPR", "station_name": "DPR - 3 Iroquois St., Staten Island", "charger_types": [ "EV Solar Arc Charger", "Level 2 Charger" ], "no_of_ports": 2, "street": "3 Iroquois St.", "city": "Midland Beach", "postcode": "10305", "borough": "Staten Island", "public_charger_": "No", "fee_for_city_drivers": "No", "latitude": 40.574514, "longitude": -74.085629, "community_district": 502.0, "council_district": 50.0, "census_tract": 11201.0, "bin": 5000000.0, "bbl": 5038590021.0, "nta": "SI0202", "station_id": "urn:agentwin:city:ev-charging-station:6f69418d8855580f993ed7b9f23578e2dcbe1052bda3519c95dce15a3e24fbf2" }, "geometry": { "type": "Point", "coordinates": [ -74.085629, 40.574514 ] } },
{ "type": "Feature", "properties": { "agency": "DPR", "station_name": "DPR - 5968 Maj Wm Deegan Blvd, Bronx", "charger_types": [ "EV Solar Arc Charger" ], "no_of_ports": 1, "street": "5968 Maj Wm Deegan Blvd", "city": "The Bronx", "postcode": "10451", "borough": "Bronx", "public_charger_": "No", "fee_for_city_drivers": "No", "latitude": 40.82064, "longitude": -73.931104, "community_district": 204.0, "council_district": 8.0, "census_tract": 6301.0, "bin": null, "bbl": null, "nta": "BX0401", "station_id": "urn:agentwin:city:ev-charging-station:e02a98bfc63331f98f358fc9596aa3d6302bd57c2b5e2a43ac08f7c5dbd6e75b" }, "geometry": { "type": "Point", "coordinates": [ -73.931104, 40.82064 ] } },
{ "type": "Feature", "properties": { "agency": "DPR", "station_name": "DPR - 760 Oriental Blvd, Brooklyn", "charger_types": [ "Level 2 Charger" ], "no_of_ports": 2, "street": "760 Oriental Blvd", "city": "Brooklyn", "postcode": "11235", "borough": "Brooklyn", "public_charger_": "No", "fee_for_city_drivers": "No", "latitude": 40.577846, "longitude": -73.944047, "community_district": 315.0, "council_district": 48.0, "census_tract": 616.0, "bin": 3347138.0, "bbl": 3087600485.0, "nta": "BK1503", "station_id": "urn:agentwin:city:ev-charging-station:a4050c58ea9bb5d8393f2a1c74afdd25e8f43ac611768ae9046df8dca90bcc0f" }, "geometry": { "type": "Point", "coordinates": [ -73.944047, 40.577846 ] } },
{ "type": "Feature", "properties": { "agency": "DPR", "station_name": "DPR - 54-8 43rd St, Queens", "charger_types": [ "Level 2 Charger" ], "no_of_ports": 2, "street": "54-8 43rd St", "city": "Queens", "postcode": "11378", "borough": "Queens", "public_charger_": "No", "fee_for_city_drivers": "No", "latitude": 40.731943, "longitude": -73.924672, "community_district": 402.0, "council_district": 26.0, "census_tract": 205.0, "bin": 4000000.0, "bbl": 4025150022.0, "nta": "QN0202", "station_id": "urn:agentwin:city:ev-charging-station:14faa2906fc3403d511d7d103010639884b8e8c8d059215fc50f10e6dfeb21eb" }, "geometry": { "type": "Point", "coordinates": [ -73.924672, 40.731943 ] } },
{ "type": "Feature", "properties": { "agency": "DPR", "station_name": "DPR - 1 Forest Park Dr, Queens", "charger_types": [ "Level 3 Fast Charger" ], "no_of_ports": 2, "street": "1 Forest Park Dr", "city": "Queens", "postcode": "11421", "borough": "Queens", "public_charger_": "No", "fee_for_city_drivers": "No", "latitude": 40.696323, "longitude": -73.866356, "community_district": 482.0, "council_district": 32.0, "census_tract": 64102.0, "bin": 4558619.0, "bbl": 4038660070.0, "nta": "QN8291", "station_id": "urn:agentwin:city:ev-charging-station:ab80127817c51f53715ac9e08b033a0fbdd99bf1c61df213665ea4b180cc6361" }, "geometry": { "type": "Point", "coordinates": [ -73.866356, 40.696323 ] } },
{ "type": "Feature", "properties": { "agency": "DPR", "station_name": "DPR - 12 Olmsted Dr, Queens", "charger_types": [ "EV Solar Arc Charger", "Level 2 Charger" ], "no_of_ports": 16, "street": "12 Olmsted Dr", "city": "Queens", "postcode": "11368", "borough": "Queens", "public_charger_": "No", "fee_for_city_drivers": "No", "latitude": 40.752161, "longitude": -73.849609, "community_district": 481.0, "council_district": 21.0, "census_tract": 38302.0, "bin": 4619884.0, "bbl": 4020180500.0, "nta": "QN8191", "station_id": "urn:agentwin:city:ev-charging-station:5f545aee5ef8438989fb43e99e68e8d9cf206dad7f2c25a6195637a56e3c22e9" }, "geometry": { "type": "Point", "coordinates": [ -73.849609, 40.752161 ] } },
{ "type": "Feature", "properties": { "agency": "DPR", "station_name": "DPR - 80-30 Park Ln, Queens", "charger_types": [ "EV Solar Arc Charger", "Level 2 Charger" ], "no_of_ports": 6, "street": "80-30 Park Ln", "city": "Kew Gardens", "postcode": "11415", "borough": "Queens", "public_charger_": "No", "fee_for_city_drivers": "No", "latitude": 40.710954, "longitude": -73.835147, "community_district": 482.0, "council_district": 29.0, "census_tract": 773.0, "bin": 4442874.0, "bbl": 4033122000.0, "nta": "QN0901", "station_id": "urn:agentwin:city:ev-charging-station:f11f3626d885f330ec602377256c8979782069a5da2bae30cfc5bd1cf8a42ed6" }, "geometry": { "type": "Point", "coordinates": [ -73.835147, 40.710954 ] } },
{ "type": "Feature", "properties": { "agency": "DPR", "station_name": "DPR - 1001 Queens Plaza S, Queens", "charger_types": [ "Level 2 Charger" ], "no_of_ports": 8, "street": "1001 Queens Plaza S", "city": "LIC", "postcode": "11101", "borough": "Queens", "public_charger_": "No", "fee_for_city_drivers": "No", "latitude": 40.753562, "longitude": -73.947466, "community_district": 402.0, "council_district": 26.0, "census_tract": 1903.0, "bin": 4000000.0, "bbl": 4004650400.0, "nta": "QN0201", "station_id": "urn:agentwin:city:ev-charging-station:45987fb9d3676f6f1f52eca43f8fcd270e444ddef35ce691b96c60ae625aacfb" }, "geometry": { "type": "Point", "coordinates": [ -73.947466, 40.753562 ] } },
{ "type": "Feature", "properties": { "agency": "DPR", "station_name": "DPR - 1954-1962 Birchall Ave, Bronx", "charger_types": [ "Level 2 Charger" ], "no_of_ports": 4, "street": "1954-1962 Birchall Ave", "city": "New York", "postcode": "10462", "borough": "Bronx", "public_charger_": "No", "fee_for_city_drivers": "No", "latitude": 40.848615, "longitude": -73.868576, "community_district": 211.0, "council_district": 13.0, "census_tract": 220.0, "bin": 2119362.0, "bbl": 2040110120.0, "nta": "BX0601", "station_id": "urn:agentwin:city:ev-charging-station:c45e8ccfe06befd88e483891fdc46e42a060a2e1df6a934a624a99aa56fa7a40" }, "geometry": { "type": "Point", "coordinates": [ -73.868576, 40.848615 ] } },
{ "type": "Feature", "properties": { "agency": "DPR", "station_name": "DPR - 1 Bronx River Pkwy, Bronx", "charger_types": [ "Level 2 Charger", "Level 3 Fast Charger" ], "no_of_ports": 14, "street": "1 Bronx River Pkwy", "city": "Bronx", "postcode": "10462", "borough": "Bronx", "public_charger_": "No", "fee_for_city_drivers": "No", "latitude": 40.847311, "longitude": -73.870827, "community_district": 227.0, "council_district": 15.0, "census_tract": 334.0, "bin": 2101002.0, "bbl": 2043330001.0, "nta": "BX2791", "station_id": "urn:agentwin:city:ev-charging-station:44e54b795ea6056cd9eb703f038eb3329c3afae181e938d807d8b237e277dd8d" }, "geometry": { "type": "Point", "coordinates": [ -73.870827, 40.847311 ] } },
{ "type": "Feature", "properties": { "agency": "DPR", "station_name": "DPR - 126 Hell Gate Circle, Manhattan", "charger_types": [ "Level 2 Charger" ], "no_of_ports": 2, "street": "126 Hell Gate Circle", "city": "New York", "postcode": "10035", "borough": "Manhattan", "public_charger_": "No", "fee_for_city_drivers": "No", "latitude": 40.786761, "longitude": -73.928799, "community_district": 111.0, "council_district": 8.0, "census_tract": 240.0, "bin": 1088303.0, "bbl": 1018190010.0, "nta": "MN1191", "station_id": "urn:agentwin:city:ev-charging-station:61c4666ab78e2b3d15ea32c070db1022b5dd4fd7d77986fe1f5903b990ab47a2" }, "geometry": { "type": "Point", "coordinates": [ -73.928799, 40.786761 ] } },
{ "type": "Feature", "properties": { "agency": "DPR", "station_name": "DPR - 111 Sunken Garden Loop, Manhattan", "charger_types": [ "Level 2 Charger" ], "no_of_ports": 5, "street": "111 Sunken Garden Loop", "city": "New York", "postcode": "10035", "borough": "Manhattan", "public_charger_": "No", "fee_for_city_drivers": "No", "latitude": 40.786373, "longitude": -73.931656, "community_district": 111.0, "council_district": 8.0, "census_tract": 240.0, "bin": 1088087.0, "bbl": 1018190010.0, "nta": "MN1191", "station_id": "urn:agentwin:city:ev-charging-station:2d1218f658c92adc2dbc530c77574a055819c22d802510eb195587a600a064cb" }, "geometry": { "type": "Point", "coordinates": [ -73.931656, 40.786373 ] } },
{ "type": "Feature", "properties": { "agency": "DPR", "station_name": "DPR - 177-01 Baisley Blvd, Queens", "charger_types": [ "Level 2 Charger" ], "no_of_ports": 4, "street": "177-01 Baisley Blvd", "city": "Jamaica", "postcode": "11434", "borough": "Queens", "public_charger_": "No", "fee_for_city_drivers": "No", "latitude": 40.686284, "longitude": -73.768455, "community_district": 412.0, "council_district": 27.0, "census_tract": 426.0, "bin": 4268835.0, "bbl": 4124060180.0, "nta": "QN1205", "station_id": "urn:agentwin:city:ev-charging-station:eaa5356404589609c42c23c4a221adc9446e8feffc02f27619e25cd886388da0" }, "geometry": { "type": "Point", "coordinates": [ -73.768455, 40.686284 ] } },
{ "type": "Feature", "properties": { "agency": "DPR", "station_name": "DPR - 150-03 Jamaica Ave, Queens", "charger_types": [ "Level 2 Charger" ], "no_of_ports": 1, "street": "150-03 Jamaica Ave", "city": "Jamaica", "postcode": "11432", "borough": "Queens", "public_charger_": "No", "fee_for_city_drivers": "No", "latitude": 40.702376, "longitude": -73.803607, "community_district": 412.0, "council_district": 27.0, "census_tract": 240.0, "bin": 4438667.0, "bbl": 4096820001.0, "nta": "QN1201", "station_id": "urn:agentwin:city:ev-charging-station:96b0ac3d7472fe66764d45723351d5380598149c7bcf953320492133419ef853" }, "geometry": { "type": "Point", "coordinates": [ -73.803607, 40.702376 ] } },
{ "type": "Feature", "properties": { "agency": "DPR", "station_name": "DPR - 500 W 129th St, Manhattan", "charger_types": [ "Level 2 Charger" ], "no_of_ports": 2, "street": "500 W 129th St", "city": "New York", "postcode": "10027", "borough": "Manhattan", "public_charger_": "No", "fee_for_city_drivers": "No", "latitude": 40.815204, "longitude": -73.955246, "community_district": 109.0, "council_district": 7.0, "census_tract": 219.0, "bin": 1076683.0, "bbl": 1019830006.0, "nta": "MN0902", "station_id": "urn:agentwin:city:ev-charging-station:356841256f76d3452f761d9cc126d79b4dd759d29c1514e7efec90aac637b85b" }, "geometry": { "type": "Point", "coordinates": [ -73.955246, 40.815204 ] } },
{ "type": "Feature", "properties": { "agency": "DSNY", "station_name": "DSNY - 650 W 57th St, Manhattan", "charger_types": [ "Level 2 Charger", "Level 3 Fast Charger" ], "no_of_ports": 13, "street": "650 W 57th St", "city": "New York", "postcode": "10019", "borough": "Manhattan", "public_charger_": "No", "fee_for_city_drivers": "No", "latitude": 40.771149, "longitude": -73.993415, "community_district": 104.0, "council_district": 6.0, "census_tract": 13502.0, "bin": 1087609.0, "bbl": 1011040001.0, "nta": "MN0402", "station_id": "urn:agentwin:city:ev-charging-station:b984082028cbc0c62115ec9190ddec738e950d3e818e2201ef27e21b51f48de7" }, "geometry": { "type": "Point", "coordinates": [ -73.993415, 40.771149 ] } },
{ "type": "Feature", "properties": { "agency": "DPR", "station_name": "DPR - 1150 Clove Road, Staten Island", "charger_types": [ "Level 2 Charger" ], "no_of_ports": 4, "street": "1150 Clove Road", "city": "Staten Island", "postcode": "10301", "borough": "Staten Island", "public_charger_": "No", "fee_for_city_drivers": "No", "latitude": 40.618239, "longitude": -74.105161, "community_district": 501.0, "council_district": 49.0, "census_tract": 147.0, "bin": 5112426.0, "bbl": 5003190001.0, "nta": "SI0105", "station_id": "urn:agentwin:city:ev-charging-station:d503b5c3ef393a043ceef3f94bbb7534a55ef683b1a28e6a31f9d14817a7c1d2" }, "geometry": { "type": "Point", "coordinates": [ -74.105161, 40.618239 ] } },
{ "type": "Feature", "properties": { "agency": "DPR", "station_name": "DPR - 4119 7th Ave, Brooklyn", "charger_types": [ "Level 2 Charger" ], "no_of_ports": 1, "street": "4119 7th Ave", "city": "Brooklyn", "postcode": "11232", "borough": "Brooklyn", "public_charger_": "No", "fee_for_city_drivers": "No", "latitude": 40.647324, "longitude": -74.000818, "community_district": 307.0, "council_district": 38.0, "census_tract": 9201.0, "bin": 3018162.0, "bbl": 3009220002.0, "nta": "BK0703", "station_id": "urn:agentwin:city:ev-charging-station:84cda3d47140098b6e489f71229b6edd152ed69f0eb2ddbcccbe8fee3f548575" }, "geometry": { "type": "Point", "coordinates": [ -74.000818, 40.647324 ] } },
{ "type": "Feature", "properties": { "agency": "DPR", "station_name": "DPR - 5788 Broadway, Bronx", "charger_types": [ "EV Solar Arc Charger" ], "no_of_ports": 1, "street": "5788 Broadway", "city": "North Riverdale", "postcode": "10471", "borough": "Bronx", "public_charger_": "No", "fee_for_city_drivers": "No", "latitude": 40.884065, "longitude": -73.901217, "community_district": 208.0, "council_district": 11.0, "census_tract": 283.0, "bin": 2016176.0, "bbl": 2032700009.0, "nta": "BX0802", "station_id": "urn:agentwin:city:ev-charging-station:77af4889c9c0ab20ed4e201e10f98687da9e6e480f6ae112380550a32a1a81ab" }, "geometry": { "type": "Point", "coordinates": [ -73.901217, 40.884065 ] } },
{ "type": "Feature", "properties": { "agency": "DPR", "station_name": "DPR - David Sheridan Plaza, Bronx", "charger_types": [ "EV Solar Arc Charger" ], "no_of_ports": 2, "street": "David Sheridan Plaza", "city": "The Bronx", "postcode": "10471", "borough": "Bronx", "public_charger_": "No", "fee_for_city_drivers": "No", "latitude": 40.904759, "longitude": -73.896715, "community_district": 208.0, "council_district": 11.0, "census_tract": 345.0, "bin": null, "bbl": null, "nta": "BX0803", "station_id": "urn:agentwin:city:ev-charging-station:4ccee779bf817f035134e9a86e56ffebd71ff8685778c3e59b93bc416ac18700" }, "geometry": { "type": "Point", "coordinates": [ -73.896715, 40.904759 ] } },
{ "type": "Feature", "properties": { "agency": "DPR", "station_name": "DPR - 698 West 135Th Street, Manhattan", "charger_types": [ "Level 2 Charger" ], "no_of_ports": 2, "street": "698 West 135Th Street", "city": "New York", "postcode": "10031", "borough": "Manhattan", "public_charger_": "No", "fee_for_city_drivers": "No", "latitude": 40.821351, "longitude": -73.958067, "community_district": 109.0, "council_district": 7.0, "census_tract": 22302.0, "bin": 1076688.0, "bbl": 1020050027.0, "nta": "MN0902", "station_id": "urn:agentwin:city:ev-charging-station:850364effcbeefaec9efcdb74567bd217364b595974a66d37ff306fda8bdbf57" }, "geometry": { "type": "Point", "coordinates": [ -73.958067, 40.821351 ] } },
{ "type": "Feature", "properties": { "agency": "DPR", "station_name": "DPR - 161 Chester Ave, Staten Island", "charger_types": [ "EV Solar Arc Charger" ], "no_of_ports": 1, "street": "161 Chester Ave", "city": "Staten Island", "postcode": "10312", "borough": "Staten Island", "public_charger_": "No", "fee_for_city_drivers": "No", "latitude": 40.52066, "longitude": -74.184425, "community_district": 503.0, "council_district": 51.0, "census_tract": 198.0, "bin": null, "bbl": null, "nta": "SI0304", "station_id": "urn:agentwin:city:ev-charging-station:8b6db22a6330f0203f68745092a711f8fa6c3d152282ad4852f7785da1be1173" }, "geometry": { "type": "Point", "coordinates": [ -74.184425, 40.52066 ] } },
{ "type": "Feature", "properties": { "agency": "DPR", "station_name": "DPR - 830 5th Avenue, Manhattan", "charger_types": [ "Level 2 Charger" ], "no_of_ports": 4, "street": "830 5th Avenue", "city": "New York", "postcode": "10065", "borough": "Manhattan", "public_charger_": "No", "fee_for_city_drivers": "No", "latitude": 40.767711, "longitude": -73.970516, "community_district": 164.0, "council_district": 6.0, "census_tract": 143.0, "bin": 1083811.0, "bbl": 1011110001.0, "nta": "MN6491", "station_id": "urn:agentwin:city:ev-charging-station:8b89d5ebe6d1f5327d293877a8052e47cb3ea657f269e3409222b25160540131" }, "geometry": { "type": "Point", "coordinates": [ -73.970516, 40.767711 ] } },
{ "type": "Feature", "properties": { "agency": "DPR", "station_name": "DPR - 20 Bronx Shore Rd, Manhattan", "charger_types": [ "Level 2 Charger", "Level 3 Fast Charger" ], "no_of_ports": 14, "street": "20 Bronx Shore Rd", "city": "New York", "postcode": "10035", "borough": "Manhattan", "public_charger_": "No", "fee_for_city_drivers": "No", "latitude": 40.79952, "longitude": -73.92227, "community_district": 111.0, "council_district": 8.0, "census_tract": 240.0, "bin": 1085922.0, "bbl": 1018190203.0, "nta": "MN1191", "station_id": "urn:agentwin:city:ev-charging-station:2cff884552ad5fa9d04f330cadcdb99f07543e226b6917af4d4d9eef0fcc0c1d" }, "geometry": { "type": "Point", "coordinates": [ -73.92227, 40.79952 ] } },
{ "type": "Feature", "properties": { "agency": "DPR", "station_name": "DPR - 50 85Th St Transverse, Manhattan", "charger_types": [ "Level 2 Charger" ], "no_of_ports": 2, "street": "50 85Th St Transverse", "city": "New York", "postcode": "10128", "borough": "Manhattan", "public_charger_": "No", "fee_for_city_drivers": "No", "latitude": 40.781339, "longitude": -73.962508, "community_district": 164.0, "council_district": 6.0, "census_tract": 143.0, "bin": null, "bbl": null, "nta": "MN6491", "station_id": "urn:agentwin:city:ev-charging-station:a32f84e17abbc4b490728993de015a28be1d3a4b6f7b68f78dcb42544a8ab58c" }, "geometry": { "type": "Point", "coordinates": [ -73.962508, 40.781339 ] } },
{ "type": "Feature", "properties": { "agency": "DPR", "station_name": "DPR - 95 Prospect Park West, Brooklyn", "charger_types": [ "Level 2 Charger" ], "no_of_ports": 18, "street": "95 Prospect Park West", "city": "Brooklyn", "postcode": "11215", "borough": "Brooklyn", "public_charger_": "No", "fee_for_city_drivers": "No", "latitude": 40.667391, "longitude": -73.974508, "community_district": 355.0, "council_district": 39.0, "census_tract": 177.0, "bin": 3339260.0, "bbl": 3011170001.0, "nta": "BK5591", "station_id": "urn:agentwin:city:ev-charging-station:ded87206d70c2cd9c271ebf9a8375a1a6b7c0b1054c7a666198e6ea70c13d960" }, "geometry": { "type": "Point", "coordinates": [ -73.974508, 40.667391 ] } },
{ "type": "Feature", "properties": { "agency": "DPR", "station_name": "DPR - 222 Poillon Ave, Staten Island", "charger_types": [ "Level 2 Charger" ], "no_of_ports": 2, "street": "222 Poillon Ave", "city": "Annadale", "postcode": "10312", "borough": "Staten Island", "public_charger_": "No", "fee_for_city_drivers": "No", "latitude": 40.530065, "longitude": -74.176447, "community_district": 503.0, "council_district": 51.0, "census_tract": 176.0, "bin": 5133519.0, "bbl": 5064610002.0, "nta": "SI0304", "station_id": "urn:agentwin:city:ev-charging-station:bf704b3d1f085321470027cec591a82cf000ba794fe5c1a8dbbe8eceedb2460c" }, "geometry": { "type": "Point", "coordinates": [ -74.176447, 40.530065 ] } },
{ "type": "Feature", "properties": { "agency": "DPR", "station_name": "DPR - 575 Arthur Kill Rd, Staten Island", "charger_types": [ "Level 2 Charger" ], "no_of_ports": 8, "street": "575 Arthur Kill Rd", "city": "Staten Island", "postcode": "10308", "borough": "Staten Island", "public_charger_": "No", "fee_for_city_drivers": "No", "latitude": 40.56161, "longitude": -74.160443, "community_district": 503.0, "council_district": 51.0, "census_tract": 279.0, "bin": 5153576.0, "bbl": 5055550001.0, "nta": "SI0203", "station_id": "urn:agentwin:city:ev-charging-station:376b7946c8abb9fff7b317d6c963dad3287c91b1e5eefb36923249206ca3be65" }, "geometry": { "type": "Point", "coordinates": [ -74.160443, 40.56161 ] } },
{ "type": "Feature", "properties": { "agency": "DPR", "station_name": "DPR - 334 Furman St, Brooklyn", "charger_types": [ "Level 2 Charger" ], "no_of_ports": 2, "street": "334 Furman St", "city": "Brooklyn Heights", "postcode": "11201", "borough": "Brooklyn", "public_charger_": "No", "fee_for_city_drivers": "No", "latitude": 40.693999, "longitude": -73.999196, "community_district": 302.0, "council_district": 33.0, "census_tract": 301.0, "bin": 3423338.0, "bbl": 3002450015.0, "nta": "BK0201", "station_id": "urn:agentwin:city:ev-charging-station:e85b294eeeffdd0045b9a2cc68b85b0b686bd8ad5c4128e16f70cf66f052e247" }, "geometry": { "type": "Point", "coordinates": [ -73.999196, 40.693999 ] } },
{ "type": "Feature", "properties": { "agency": "DPR", "station_name": "DPR - 110 Kent Ave, Brooklyn", "charger_types": [ "Level 2 Charger" ], "no_of_ports": 2, "street": "110 Kent Ave", "city": "Brooklyn", "postcode": "11249", "borough": "Brooklyn", "public_charger_": "No", "fee_for_city_drivers": "No", "latitude": 40.720795, "longitude": -73.961226, "community_district": 301.0, "council_district": 33.0, "census_tract": 557.0, "bin": 3061864.0, "bbl": 3023160049.0, "nta": "BK0102", "station_id": "urn:agentwin:city:ev-charging-station:88a62d2f822c5d53c8b2217cfaac75e1343bfd82e5067e3ee5efeb42f3d66ed0" }, "geometry": { "type": "Point", "coordinates": [ -73.961226, 40.720795 ] } },
{ "type": "Feature", "properties": { "agency": "DPR", "station_name": "DPR - 2-42 N 10Th St, Brooklyn", "charger_types": [ "Level 2 Charger" ], "no_of_ports": 2, "street": "2-42 N 10Th St", "city": "Williamsburg", "postcode": "11249", "borough": "Brooklyn", "public_charger_": "No", "fee_for_city_drivers": "No", "latitude": 40.717655, "longitude": -73.953014, "community_district": 301.0, "council_district": 33.0, "census_tract": 519.0, "bin": 3398096.0, "bbl": 3023070001.0, "nta": "BK0102", "station_id": "urn:agentwin:city:ev-charging-station:de441f1a7114410de60893bcff148df0faf5f914250d9f48ecfea47f248f1ba1" }, "geometry": { "type": "Point", "coordinates": [ -73.953014, 40.717655 ] } },
{ "type": "Feature", "properties": { "agency": "DPR", "station_name": "DPR - 1831 Unionport Rd, Bronx", "charger_types": [ "Level 2 Charger" ], "no_of_ports": 12, "street": "1831 Unionport Rd", "city": "East Bronx", "postcode": "10462", "borough": "Bronx", "public_charger_": "No", "fee_for_city_drivers": "No", "latitude": 40.845802, "longitude": -73.868694, "community_district": 211.0, "council_district": 13.0, "census_tract": 220.0, "bin": 2042490.0, "bbl": 2040110011.0, "nta": "BX0601", "station_id": "urn:agentwin:city:ev-charging-station:1871bb16e603ed964d46f55c46bb8f584da30380f50f01633ef66990ea0941ca" }, "geometry": { "type": "Point", "coordinates": [ -73.868694, 40.845802 ] } },
{ "type": "Feature", "properties": { "agency": "DPR", "station_name": "DPR - 14 Bronx Shore Rd, Manhattan", "charger_types": [ "Level 2 Charger" ], "no_of_ports": 12, "street": "14 Bronx Shore Rd", "city": "New York", "postcode": "10035", "borough": "Manhattan", "public_charger_": "No", "fee_for_city_drivers": "No", "latitude": 40.79872, "longitude": -73.921194, "community_district": 111.0, "council_district": 8.0, "census_tract": 240.0, "bin": 1088069.0, "bbl": 1018190203.0, "nta": "MN1191", "station_id": "urn:agentwin:city:ev-charging-station:cc6a2b495e2542e388d057b5c0eade9a8f678a3c1dbcbfeb457fecf9dc484adc" }, "geometry": { "type": "Point", "coordinates": [ -73.921194, 40.79872 ] } },
{ "type": "Feature", "properties": { "agency": "DPR", "station_name": "DPR - 37-49 Bronx Shore Rd, Manhattan", "charger_types": [ "Level 2 Charger" ], "no_of_ports": 2, "street": "37-49 Bronx Shore Rd", "city": "New York", "postcode": "10035", "borough": "Manhattan", "public_charger_": "No", "fee_for_city_drivers": "No", "latitude": 40.800068, "longitude": -73.925671, "community_district": 111.0, "council_district": 8.0, "census_tract": 240.0, "bin": 1088067.0, "bbl": 1018190203.0, "nta": "MN1191", "station_id": "urn:agentwin:city:ev-charging-station:aa62f7e91be40043b4acd867ac0d3fd9d6338c20a0825cd27b4db256db40d195" }, "geometry": { "type": "Point", "coordinates": [ -73.925671, 40.800068 ] } },
{ "type": "Feature", "properties": { "agency": "DPR", "station_name": "DPR - 298 Satterlee St, Staten Island", "charger_types": [ "Level 2 Charger" ], "no_of_ports": 2, "street": "298 Satterlee St", "city": "Tottenville", "postcode": "10307", "borough": "Staten Island", "public_charger_": "No", "fee_for_city_drivers": "No", "latitude": 40.502357, "longitude": -74.25144, "community_district": 503.0, "council_district": 51.0, "census_tract": 24402.0, "bin": 5126463.0, "bbl": 5078570001.0, "nta": "SI0305", "station_id": "urn:agentwin:city:ev-charging-station:7df47aa451f147e487999b9f8be548061a267912d2bbade931f9036500d22c2b" }, "geometry": { "type": "Point", "coordinates": [ -74.25144, 40.502357 ] } },
{ "type": "Feature", "properties": { "agency": "DPR", "station_name": "DPR - 19600 Union Tpke, Queens", "charger_types": [ "EV Solar Arc Charger", "Level 2 Charger" ], "no_of_ports": 5, "street": "19600 Union Tpke", "city": "Fresh Meadows", "postcode": "11366", "borough": "Queens", "public_charger_": "No", "fee_for_city_drivers": "No", "latitude": 40.730929, "longitude": -73.774773, "community_district": 408.0, "council_district": 23.0, "census_tract": 1283.0, "bin": 4591812.0, "bbl": 4072900001.0, "nta": "QN0891", "station_id": "urn:agentwin:city:ev-charging-station:3310880b6f6107e093f0d2e1486ac221ae9196bf66c52b5831356f13c63fe7a6" }, "geometry": { "type": "Point", "coordinates": [ -73.774773, 40.730929 ] } },
{ "type": "Feature", "properties": { "agency": "DPR", "station_name": "DPR - 196-03 Grand Central Pkwy, Queens", "charger_types": [ "Level 2 Charger" ], "no_of_ports": 2, "street": "196-03 Grand Central Pkwy", "city": "Queens", "postcode": "11423", "borough": "Queens", "public_charger_": "No", "fee_for_city_drivers": "No", "latitude": 40.725107, "longitude": -73.771463, "community_district": 408.0, "council_district": 23.0, "census_tract": 1283.0, "bin": 4552141.0, "bbl": 4200069999.0, "nta": "QN0891", "station_id": "urn:agentwin:city:ev-charging-station:539f92482045f031d85dcea3169ce31eed9f95925c40e71bd0b709cbbd364045" }, "geometry": { "type": "Point", "coordinates": [ -73.771463, 40.725107 ] } },
{ "type": "Feature", "properties": { "agency": "DPR", "station_name": "DPR - Cunningham Park State Rte, Queens", "charger_types": [ "EV Solar Arc Charger" ], "no_of_ports": 2, "street": "Cunningham Park State Rte", "city": "Fresh Meadows", "postcode": "11366", "borough": "Queens", "public_charger_": "No", "fee_for_city_drivers": "No", "latitude": 40.728776, "longitude": -73.764505, "community_district": 408.0, "council_district": 23.0, "census_tract": 1283.0, "bin": 4000000.0, "bbl": 4073000001.0, "nta": "QN0891", "station_id": "urn:agentwin:city:ev-charging-station:e6dc53e126d80f85ca7368e260d00f0cd8cef4f3091e3239c3c5126e15e318e1" }, "geometry": { "type": "Point", "coordinates": [ -73.764505, 40.728776 ] } },
{ "type": "Feature", "properties": { "agency": "DPR", "station_name": "DPR - 196-10 Union Tpke, Queens", "charger_types": [ "EV Solar Arc Charger" ], "no_of_ports": 1, "street": "196-10 Union Tpke", "city": "Queens", "postcode": "11366", "borough": "Queens", "public_charger_": "No", "fee_for_city_drivers": "No", "latitude": 40.730954, "longitude": -73.77464, "community_district": 408.0, "council_district": 23.0, "census_tract": 1283.0, "bin": 4156608.0, "bbl": 4072900001.0, "nta": "QN0891", "station_id": "urn:agentwin:city:ev-charging-station:c73dbfde7f0f5d59df0884e3fd3831ef306b6ab78deeacafadc2da8f7a2af4b1" }, "geometry": { "type": "Point", "coordinates": [ -73.77464, 40.730954 ] } },
{ "type": "Feature", "properties": { "agency": "DPR", "station_name": "DPR - 8 Olmsted Dr, Queens", "charger_types": [ "EV Solar Arc Charger", "Level 2 Charger" ], "no_of_ports": 15, "street": "8 Olmsted Dr", "city": "Queens", "postcode": "11368", "borough": "Queens", "public_charger_": "No", "fee_for_city_drivers": "No", "latitude": 40.752164, "longitude": -73.84963, "community_district": 481.0, "council_district": 21.0, "census_tract": 38302.0, "bin": 4541448.0, "bbl": 4020180500.0, "nta": "QN8191", "station_id": "urn:agentwin:city:ev-charging-station:1d846b74b3e9895fefc5d71839362b85b0f30fcca0adcfea1660cb99e39d20ae" }, "geometry": { "type": "Point", "coordinates": [ -73.84963, 40.752164 ] } },
{ "type": "Feature", "properties": { "agency": "DPR", "station_name": "DPR - 125-40 Roosevelt Ave, Queens", "charger_types": [ "Level 2 Charger" ], "no_of_ports": 3, "street": "125-40 Roosevelt Ave", "city": "Flushing", "postcode": "11355", "borough": "Queens", "public_charger_": "No", "fee_for_city_drivers": "No", "latitude": 40.752442, "longitude": -73.837885, "community_district": 481.0, "council_district": 21.0, "census_tract": 38302.0, "bin": 4540097.0, "bbl": 4020180001.0, "nta": "QN8191", "station_id": "urn:agentwin:city:ev-charging-station:e9d5cd6a60762dd5ab85bf8fd0f8d255fd4a7cf09ce3f7446fdbb2b8aae12973" }, "geometry": { "type": "Point", "coordinates": [ -73.837885, 40.752442 ] } },
{ "type": "Feature", "properties": { "agency": "DPR", "station_name": "DPR - 501 Brielle Ave, Staten Island", "charger_types": [ "Level 2 Charger" ], "no_of_ports": 2, "street": "501 Brielle Ave", "city": "Staten Island", "postcode": "10314", "borough": "Staten Island", "public_charger_": "No", "fee_for_city_drivers": "No", "latitude": 40.592224, "longitude": -74.13628, "community_district": 502.0, "council_district": 50.0, "census_tract": 27302.0, "bin": 5107273.0, "bbl": 5019550001.0, "nta": "SI0203", "station_id": "urn:agentwin:city:ev-charging-station:d5eb3c135109f4c9ab3ee4190154b97ae18949f45d710f60b1453ce61d0a079d" }, "geometry": { "type": "Point", "coordinates": [ -74.13628, 40.592224 ] } },
{ "type": "Feature", "properties": { "agency": "DPR", "station_name": "DPR - 25-10 Queens Plaza S, Queens", "charger_types": [ "Level 2 Charger" ], "no_of_ports": 2, "street": "25-10 Queens Plaza S", "city": "Queens", "postcode": "11101", "borough": "Queens", "public_charger_": "No", "fee_for_city_drivers": "No", "latitude": 40.750369, "longitude": -73.940301, "community_district": 402.0, "council_district": 26.0, "census_tract": 1902.0, "bin": 4000000.0, "bbl": 4004230025.0, "nta": "QN0201", "station_id": "urn:agentwin:city:ev-charging-station:c6e7f01dda6c64316c5cfd919538fd0959d9f6d105b2ed433216bc0c260f73fa" }, "geometry": { "type": "Point", "coordinates": [ -73.940301, 40.750369 ] } },
{ "type": "Feature", "properties": { "agency": "DPR", "station_name": "DPR - 191-249 Nevada Ave, Staten Island", "charger_types": [ "Level 2 Charger" ], "no_of_ports": 1, "street": "191-249 Nevada Ave", "city": "Staten Island", "postcode": "10306", "borough": "Staten Island", "public_charger_": "No", "fee_for_city_drivers": "No", "latitude": 40.584008, "longitude": -74.125528, "community_district": 502.0, "council_district": 50.0, "census_tract": 181.0, "bin": 5158050.0, "bbl": 5009520275.0, "nta": "SI0203", "station_id": "urn:agentwin:city:ev-charging-station:4111ce8fa95cda344d015dc114b74f9a18a16c2097ba053d3f14725fee14bac5" }, "geometry": { "type": "Point", "coordinates": [ -74.125528, 40.584008 ] } },
{ "type": "Feature", "properties": { "agency": "DPR", "station_name": "DPR - 2900 Flatbush Ave, Brooklyn", "charger_types": [ "EV Solar Arc Charger" ], "no_of_ports": 3, "street": "2900 Flatbush Ave", "city": "Brooklyn", "postcode": "11234", "borough": "Brooklyn", "public_charger_": "No", "fee_for_city_drivers": "No", "latitude": 40.600248, "longitude": -73.912051, "community_district": 318.0, "council_district": 46.0, "census_tract": 666.0, "bin": 3397327.0, "bbl": 3085900600.0, "nta": "BK1891", "station_id": "urn:agentwin:city:ev-charging-station:bb9101ffb3b47ceb751e2242fb37dc079862e9f4d4204a9cf8ee39ab82cc1a29" }, "geometry": { "type": "Point", "coordinates": [ -73.912051, 40.600248 ] } },
{ "type": "Feature", "properties": { "agency": "DPR", "station_name": "DPR - 20 Randalls Is Rd, Manhattan", "charger_types": [ "Level 2 Charger" ], "no_of_ports": 2, "street": "20 Randalls Is Rd", "city": "New York", "postcode": "10035", "borough": "Manhattan", "public_charger_": "No", "fee_for_city_drivers": "No", "latitude": 40.795535, "longitude": -73.922671, "community_district": 111.0, "council_district": 8.0, "census_tract": 240.0, "bin": 1000000.0, "bbl": 1018190203.0, "nta": "MN1191", "station_id": "urn:agentwin:city:ev-charging-station:33c45dcac726d415d808c1d97d2507df9cd98481890e4dafff1bc0337c43ce77" }, "geometry": { "type": "Point", "coordinates": [ -73.922671, 40.795535 ] } },
{ "type": "Feature", "properties": { "agency": "DPR", "station_name": "DPR - 600 W 218th St, Manhattan", "charger_types": [ "EV Solar Arc Charger" ], "no_of_ports": 2, "street": "600 W 218th St", "city": "New York", "postcode": "10034", "borough": "Manhattan", "public_charger_": "No", "fee_for_city_drivers": "No", "latitude": 40.872891, "longitude": -73.918159, "community_district": 112.0, "council_district": 10.0, "census_tract": 307.0, "bin": 1065082.0, "bbl": 1022500058.0, "nta": "MN1203", "station_id": "urn:agentwin:city:ev-charging-station:c7d58d12202275481464bc45fd6abe0d7b692a0235f41e157ba0553526cf7cdd" }, "geometry": { "type": "Point", "coordinates": [ -73.918159, 40.872891 ] } },
{ "type": "Feature", "properties": { "agency": "DPR", "station_name": "DPR - 15 Murray Hulbert Ave, Staten Island", "charger_types": [ "Level 2 Charger" ], "no_of_ports": 2, "street": "15 Murray Hulbert Ave", "city": "Staten Island", "postcode": "10301", "borough": "Staten Island", "public_charger_": "No", "fee_for_city_drivers": "No", "latitude": 40.636297, "longitude": -74.073382, "community_district": 501.0, "council_district": 49.0, "census_tract": 21.0, "bin": 5155219.0, "bbl": 5004870100.0, "nta": "SI0102", "station_id": "urn:agentwin:city:ev-charging-station:f1a6e2ca8f0383187c14f94595f8a4f9031c07a03b08585be41e454ad01b9f86" }, "geometry": { "type": "Point", "coordinates": [ -74.073382, 40.636297 ] } },
{ "type": "Feature", "properties": { "agency": "DPR", "station_name": "DPR - 405 Capodanno Blvd, Staten Island", "charger_types": [ "EV Solar Arc Charger" ], "no_of_ports": 3, "street": "405 Capodanno Blvd", "city": "Tompkinsville", "postcode": "10304", "borough": "Staten Island", "public_charger_": "No", "fee_for_city_drivers": "No", "latitude": 40.587755, "longitude": -74.069261, "community_district": 502.0, "council_district": 50.0, "census_tract": 7002.0, "bin": 5145877.0, "bbl": 5034910116.0, "nta": "SI0201", "station_id": "urn:agentwin:city:ev-charging-station:3ef08c1be1b3f03c802a11dfe833299eb26192f1e17d7326e6ba27bc3118c014" }, "geometry": { "type": "Point", "coordinates": [ -74.069261, 40.587755 ] } },
{ "type": "Feature", "properties": { "agency": "DPR", "station_name": "DPR - 829 Father Capodanno Blvd, Staten Island", "charger_types": [ "EV Solar Arc Charger" ], "no_of_ports": 2, "street": "829 Father Capodanno Blvd", "city": "Midland Beach", "postcode": "10305", "borough": "Staten Island", "public_charger_": "No", "fee_for_city_drivers": "No", "latitude": 40.575685, "longitude": -74.083179, "community_district": 502.0, "council_district": 50.0, "census_tract": 11201.0, "bin": 5174902.0, "bbl": 5038327501.0, "nta": "SI0202", "station_id": "urn:agentwin:city:ev-charging-station:a882f95a6709959a3fd9b0ce6abfbaf45b9e5ddbdf299967905ec65701697f7e" }, "geometry": { "type": "Point", "coordinates": [ -74.083179, 40.575685 ] } },
{ "type": "Feature", "properties": { "agency": "DPR", "station_name": "DPR - 920 Father Capodanno Blvd, Staten Island", "charger_types": [ "Level 3 Fast Charger" ], "no_of_ports": 2, "street": "920 Father Capodanno Blvd", "city": "Midland Beach", "postcode": "10305", "borough": "Staten Island", "public_charger_": "NYC DC Fast Public Charging", "fee_for_city_drivers": "No", "latitude": 40.575993, "longitude": -74.082618, "community_district": 595.0, "council_district": 50.0, "census_tract": 11201.0, "bin": null, "bbl": null, "nta": "SI0202", "station_id": "urn:agentwin:city:ev-charging-station:bf378f54f30c29e5d339e28dc9a3e905112630a27017921fe50c654cb528e4ca" }, "geometry": { "type": "Point", "coordinates": [ -74.082618, 40.575993 ] } },
{ "type": "Feature", "properties": { "agency": "DPR", "station_name": "DPR - 625 Father Capodanno Blvd, Staten Island", "charger_types": [ "Level 3 Fast Charger" ], "no_of_ports": 2, "street": "625 Father Capodanno Blvd", "city": "South Beach", "postcode": "10305", "borough": "Staten Island", "public_charger_": "NYC DC Fast Public Charging", "fee_for_city_drivers": "No", "latitude": 40.582243, "longitude": -74.074594, "community_district": 502.0, "council_district": 50.0, "census_tract": 7002.0, "bin": 5164735.0, "bbl": 5033550001.0, "nta": "SI0201", "station_id": "urn:agentwin:city:ev-charging-station:170faba4004446eae3da986a62cf28aaf94c52859c505b721ec5e47f81abb331" }, "geometry": { "type": "Point", "coordinates": [ -74.074594, 40.582243 ] } },
{ "type": "Feature", "properties": { "agency": "DPR", "station_name": "DPR - 631-643 Father Capodanno Blvd, Staten Island", "charger_types": [ "Level 2 Charger" ], "no_of_ports": 4, "street": "631-643 Father Capodanno Blvd", "city": "South Beach", "postcode": "10305", "borough": "Staten Island", "public_charger_": "No", "fee_for_city_drivers": "No", "latitude": 40.581606, "longitude": -74.075187, "community_district": 502.0, "council_district": 50.0, "census_tract": 7002.0, "bin": 5170654.0, "bbl": 5033550001.0, "nta": "SI0201", "station_id": "urn:agentwin:city:ev-charging-station:0ec541ee303b267dab6ca655bf9cb53262027b6b1f00f9976bc54f41936d450e" }, "geometry": { "type": "Point", "coordinates": [ -74.075187, 40.581606 ] } },
{ "type": "Feature", "properties": { "agency": "DPR", "station_name": "DPR - 117-2 Roosevelt Ave, Queens", "charger_types": [ "Level 2 Charger" ], "no_of_ports": 22, "street": "117-2 Roosevelt Ave", "city": "Corona", "postcode": "11368", "borough": "Queens", "public_charger_": "No", "fee_for_city_drivers": "No", "latitude": 40.751876, "longitude": -73.849331, "community_district": 481.0, "council_district": 21.0, "census_tract": 38302.0, "bin": 4050124.0, "bbl": 4020180500.0, "nta": "QN8191", "station_id": "urn:agentwin:city:ev-charging-station:ea0f918772507f8fcaf702ba194e347992c2efbaf8254cae4a2ec6b7f7d1f942" }, "geometry": { "type": "Point", "coordinates": [ -73.849331, 40.751876 ] } },
{ "type": "Feature", "properties": { "agency": "DPR", "station_name": "DPR - 6 Olmsted Dr, Queens", "charger_types": [ "Level 2 Charger" ], "no_of_ports": 10, "street": "6 Olmsted Dr", "city": "Corona", "postcode": "11368", "borough": "Queens", "public_charger_": "No", "fee_for_city_drivers": "No", "latitude": 40.752167, "longitude": -73.849641, "community_district": 481.0, "council_district": 21.0, "census_tract": 38302.0, "bin": 4050124.0, "bbl": 4020180500.0, "nta": "QN8191", "station_id": "urn:agentwin:city:ev-charging-station:9466632fdc67cb432fdaeaebafc9cfb5846be93adbc7544b973ba7ecb2f0e127" }, "geometry": { "type": "Point", "coordinates": [ -73.849641, 40.752167 ] } },
{ "type": "Feature", "properties": { "agency": "DPR", "station_name": "DPR - 397 Coney Island Ave, Brooklyn", "charger_types": [ "Level 2 Charger" ], "no_of_ports": 4, "street": "397 Coney Island Ave", "city": "Flatbush", "postcode": "11218", "borough": "Brooklyn", "public_charger_": "No", "fee_for_city_drivers": "No", "latitude": 40.649009, "longitude": -73.971603, "community_district": 314.0, "council_district": 40.0, "census_tract": 177.0, "bin": 3256655.0, "bbl": 3050510001.0, "nta": "BK5591", "station_id": "urn:agentwin:city:ev-charging-station:a7658699e9cb0d667b3b097254b3160c5b6d13b5904bc49b13f8e42c027591e3" }, "geometry": { "type": "Point", "coordinates": [ -73.971603, 40.649009 ] } },
{ "type": "Feature", "properties": { "agency": "DPR", "station_name": "DPR - 269 Dyckman St, Manhattan", "charger_types": [ "Level 2 Charger" ], "no_of_ports": 2, "street": "269 Dyckman St", "city": "New York", "postcode": "10034", "borough": "Manhattan", "public_charger_": "No", "fee_for_city_drivers": "No", "latitude": 40.866824, "longitude": -73.928811, "community_district": 112.0, "council_district": 10.0, "census_tract": 297.0, "bin": 1089222.0, "bbl": 1022552000.0, "nta": "MN1292", "station_id": "urn:agentwin:city:ev-charging-station:61a10acd55bc09d5c8cc17941a2c501f869c3164445e6e0104785efe9a9d9f53" }, "geometry": { "type": "Point", "coordinates": [ -73.928811, 40.866824 ] } },
{ "type": "Feature", "properties": { "agency": "DPR", "station_name": "DPR - 2029 Burr Ave, Bronx", "charger_types": [ "EV Solar Arc Charger" ], "no_of_ports": 3, "street": "2029 Burr Ave", "city": "Bronx", "postcode": "10461", "borough": "Bronx", "public_charger_": "No", "fee_for_city_drivers": "No", "latitude": 40.853828, "longitude": -73.827513, "community_district": 210.0, "council_district": 13.0, "census_tract": 300.0, "bin": 2047778.0, "bbl": 2042490041.0, "nta": "BX1003", "station_id": "urn:agentwin:city:ev-charging-station:6e8613788dcb714548da61da3c8d2ee63ad240ffc0279a12a2dc67e3f3276cd6" }, "geometry": { "type": "Point", "coordinates": [ -73.827513, 40.853828 ] } },
{ "type": "Feature", "properties": { "agency": "DPR", "station_name": "DPR - 103-68 41st Ave, Queens", "charger_types": [ "Level 2 Charger" ], "no_of_ports": 2, "street": "103-68 41st Ave", "city": "Corona", "postcode": "11368", "borough": "Queens", "public_charger_": "No", "fee_for_city_drivers": "No", "latitude": 40.74913, "longitude": -73.861966, "community_district": 404.0, "council_district": 21.0, "census_tract": 40501.0, "bin": null, "bbl": null, "nta": "QN0402", "station_id": "urn:agentwin:city:ev-charging-station:a50e9ae7eb10d4fa6055edc2d53e39e47928529bdbf0e9d7d9008a6bc1f9695c" }, "geometry": { "type": "Point", "coordinates": [ -73.861966, 40.74913 ] } },
{ "type": "Feature", "properties": { "agency": "DPR", "station_name": "DPR - 23-10 Queens Plaza S, Queens", "charger_types": [ "Level 2 Charger" ], "no_of_ports": 2, "street": "23-10 Queens Plaza S", "city": "Long Island City", "postcode": "11101", "borough": "Queens", "public_charger_": "No", "fee_for_city_drivers": "No", "latitude": 40.751136, "longitude": -73.94204, "community_district": 402.0, "council_district": 26.0, "census_tract": 1903.0, "bin": 4005066.0, "bbl": 4004250005.0, "nta": "QN0201", "station_id": "urn:agentwin:city:ev-charging-station:841a6b13600766247730cb70d3e9825bbacd98f24a58be6e32280a422f5890ac" }, "geometry": { "type": "Point", "coordinates": [ -73.94204, 40.751136 ] } },
{ "type": "Feature", "properties": { "agency": "DPR", "station_name": "DPR - 8298 88Th Pl, Queens", "charger_types": [ "Level 2 Charger" ], "no_of_ports": 4, "street": "8298 88Th Pl", "city": "Flushing", "postcode": "11385", "borough": "Queens", "public_charger_": "No", "fee_for_city_drivers": "No", "latitude": 40.701474, "longitude": -73.858238, "community_district": 405.0, "council_district": 32.0, "census_tract": 639.0, "bin": null, "bbl": null, "nta": "QN0503", "station_id": "urn:agentwin:city:ev-charging-station:52c93a73059cd52f7c54b3b2e79a610cf8dcd745975f7cf33bd023b4b34d1036" }, "geometry": { "type": "Point", "coordinates": [ -73.858238, 40.701474 ] } },
{ "type": "Feature", "properties": { "agency": "DPR", "station_name": "DPR - 43 Flushing Meadows Corona Park Rd, Queens", "charger_types": [ "Level 2 Charger" ], "no_of_ports": 4, "street": "43 Flushing Meadows Corona Park Rd", "city": "Queens", "postcode": "11368", "borough": "Queens", "public_charger_": "No", "fee_for_city_drivers": "No", "latitude": 40.742377, "longitude": -73.842157, "community_district": 481.0, "council_district": 21.0, "census_tract": 38302.0, "bin": 4000000.0, "bbl": 4020180001.0, "nta": "QN8191", "station_id": "urn:agentwin:city:ev-charging-station:b0dde174eefc82bd8b00fb4d4205ec37e3e9798c6ae3eaba90e4195dc6d0e838" }, "geometry": { "type": "Point", "coordinates": [ -73.842157, 40.742377 ] } },
{ "type": "Feature", "properties": { "agency": "DPR", "station_name": "DPR - 223 Riverside Dr, Manhattan", "charger_types": [ "EV Solar Arc Charger" ], "no_of_ports": 2, "street": "223 Riverside Dr", "city": "New York", "postcode": "10025", "borough": "Manhattan", "public_charger_": "No", "fee_for_city_drivers": "No", "latitude": 40.795089, "longitude": -73.976207, "community_district": 107.0, "council_district": 6.0, "census_tract": 183.0, "bin": 1034176.0, "bbl": 1012530004.0, "nta": "MN0702", "station_id": "urn:agentwin:city:ev-charging-station:47daf1977084c2141a93c00c11a3dde7defe3be16fe61cea5859b7fc7041c460" }, "geometry": { "type": "Point", "coordinates": [ -73.976207, 40.795089 ] } },
{ "type": "Feature", "properties": { "agency": "DPR", "station_name": "DPR - 16-25 Seagirt Blvd, Queens", "charger_types": [ "Level 2 Charger" ], "no_of_ports": 2, "street": "16-25 Seagirt Blvd", "city": "Rockaway Park", "postcode": "11694", "borough": "Queens", "public_charger_": "No", "fee_for_city_drivers": "No", "latitude": 40.595127, "longitude": -73.750371, "community_district": 414.0, "council_district": 31.0, "census_tract": 101004.0, "bin": 4299407.0, "bbl": 4156490001.0, "nta": "QN1401", "station_id": "urn:agentwin:city:ev-charging-station:461a935687b613520c00adcf63d236e264fc8dd911d1cd4efb27f9482fd795f3" }, "geometry": { "type": "Point", "coordinates": [ -73.750371, 40.595127 ] } },
{ "type": "Feature", "properties": { "agency": "DPR", "station_name": "DPR - 1 Beach 56th Pl, Queens", "charger_types": [ "EV Solar Arc Charger" ], "no_of_ports": 1, "street": "1 Beach 56th Pl", "city": "Queens", "postcode": "11692", "borough": "Queens", "public_charger_": "No", "fee_for_city_drivers": "No", "latitude": 40.590278, "longitude": -73.786049, "community_district": 414.0, "council_district": 31.0, "census_tract": 97202.0, "bin": null, "bbl": null, "nta": "QN1402", "station_id": "urn:agentwin:city:ev-charging-station:6eea0f1471db01a225986c855e7d1fae65c268ade0b8193fcd91d95a26b402b2" }, "geometry": { "type": "Point", "coordinates": [ -73.786049, 40.590278 ] } },
{ "type": "Feature", "properties": { "agency": "DPR", "station_name": "DPR - 9111 Shore Front Pkwy, Queens", "charger_types": [ "EV Solar Arc Charger" ], "no_of_ports": 1, "street": "9111 Shore Front Pkwy", "city": "Queens", "postcode": "11693", "borough": "Queens", "public_charger_": "No", "fee_for_city_drivers": "No", "latitude": 40.584396, "longitude": -73.813149, "community_district": 414.0, "council_district": 32.0, "census_tract": 94203.0, "bin": null, "bbl": null, "nta": "QN1402", "station_id": "urn:agentwin:city:ev-charging-station:50a0b2d7ad4ac86401702ebd0176115f56851c9f8b4ba71ddc8877b41633e5b6" }, "geometry": { "type": "Point", "coordinates": [ -73.813149, 40.584396 ] } },
{ "type": "Feature", "properties": { "agency": "DPR", "station_name": "DPR - 8601 Shore Front Pkwy, Queens", "charger_types": [ "EV Solar Arc Charger" ], "no_of_ports": 1, "street": "8601 Shore Front Pkwy", "city": "Far Rockaway", "postcode": "11691", "borough": "Queens", "public_charger_": "No", "fee_for_city_drivers": "No", "latitude": 40.584972, "longitude": -73.810876, "community_district": 414.0, "council_district": 32.0, "census_tract": 94203.0, "bin": 4303674.0, "bbl": 4161500100.0, "nta": "QN1402", "station_id": "urn:agentwin:city:ev-charging-station:5ad90f02f90cb30f3ff53f5041c43d7d4e88fddb86f8df5d086f6f2490efb816" }, "geometry": { "type": "Point", "coordinates": [ -73.810876, 40.584972 ] } },
{ "type": "Feature", "properties": { "agency": "DPR", "station_name": "DPR - 9701 Shore Front Pkwy, Queens", "charger_types": [ "EV Solar Arc Charger" ], "no_of_ports": 1, "street": "9701 Shore Front Pkwy", "city": "Far Rockaway", "postcode": "11694", "borough": "Queens", "public_charger_": "No", "fee_for_city_drivers": "No", "latitude": 40.583177, "longitude": -73.817764, "community_district": 414.0, "council_district": 32.0, "census_tract": 94201.0, "bin": 4549352.0, "bbl": 4161890050.0, "nta": "QN1402", "station_id": "urn:agentwin:city:ev-charging-station:597c7cea7196475ebfb0168fa4ff12451333a5a97e447281d8c55dc1a5fa69db" }, "geometry": { "type": "Point", "coordinates": [ -73.817764, 40.583177 ] } },
{ "type": "Feature", "properties": { "agency": "DPR", "station_name": "DPR - 858-918 Victory Blvd, Staten Island", "charger_types": [ "Level 2 Charger" ], "no_of_ports": 2, "street": "858-918 Victory Blvd", "city": "Staten Island", "postcode": "10301", "borough": "Staten Island", "public_charger_": "No", "fee_for_city_drivers": "No", "latitude": 40.62368, "longitude": -74.094745, "community_district": 501.0, "council_district": 49.0, "census_tract": 39.0, "bin": null, "bbl": null, "nta": "SI0104", "station_id": "urn:agentwin:city:ev-charging-station:203d6869775e564c4bb9f3192df29bec3737caa2859ab461eee8b1b9ea4e70a7" }, "geometry": { "type": "Point", "coordinates": [ -74.094745, 40.62368 ] } },
{ "type": "Feature", "properties": { "agency": "DPR", "station_name": "DPR - 42 Revere St, Staten Island", "charger_types": [ "EV Solar Arc Charger", "Level 2 Charger" ], "no_of_ports": 13, "street": "42 Revere St", "city": "Silver Lake", "postcode": "10301", "borough": "Staten Island", "public_charger_": "No", "fee_for_city_drivers": "No", "latitude": 40.62852, "longitude": -74.100238, "community_district": 501.0, "council_district": 49.0, "census_tract": 5901.0, "bin": 5156178.0, "bbl": 5002390001.0, "nta": "SI0104", "station_id": "urn:agentwin:city:ev-charging-station:dde1bedba9c590ec442b34d4ef42f81079c80d8382babbf1d779bbe94fe7f642" }, "geometry": { "type": "Point", "coordinates": [ -74.100238, 40.62852 ] } },
{ "type": "Feature", "properties": { "agency": "DPR", "station_name": "DPR - 1550 Lafayette Ave, Bronx", "charger_types": [ "Level 2 Charger" ], "no_of_ports": 1, "street": "1550 Lafayette Ave", "city": "Clason Point", "postcode": "10473", "borough": "Bronx", "public_charger_": "No", "fee_for_city_drivers": "No", "latitude": 40.819343, "longitude": -73.878396, "community_district": 209.0, "council_district": 18.0, "census_tract": 24.0, "bin": 2125611.0, "bbl": 2035430001.0, "nta": "BX0991", "station_id": "urn:agentwin:city:ev-charging-station:3239c31b8e343f0e9e72c94f7f08d32e58f8fbcdd33d8e112d818a10ea19e100" }, "geometry": { "type": "Point", "coordinates": [ -73.878396, 40.819343 ] } },
{ "type": "Feature", "properties": { "agency": "DPR", "station_name": "DPR - 375 Sand Ln, Staten Island", "charger_types": [ "Level 2 Charger" ], "no_of_ports": 2, "street": "375 Sand Ln", "city": "Staten Island", "postcode": "10305", "borough": "Staten Island", "public_charger_": "No", "fee_for_city_drivers": "No", "latitude": 40.59048, "longitude": -74.06675, "community_district": 502.0, "council_district": 50.0, "census_tract": 74.0, "bin": 5174859.0, "bbl": 5031227501.0, "nta": "SI0201", "station_id": "urn:agentwin:city:ev-charging-station:a4f81b8e776281c0a942150c55bdc0145fd4ea4e984d131e437bb7c18091a7f2" }, "geometry": { "type": "Point", "coordinates": [ -74.06675, 40.59048 ] } },
{ "type": "Feature", "properties": { "agency": "DPR", "station_name": "DPR - 208 Totten Ave, Queens", "charger_types": [ "Level 2 Charger" ], "no_of_ports": 1, "street": "208 Totten Ave", "city": "Bayside", "postcode": "11359", "borough": "Queens", "public_charger_": "No", "fee_for_city_drivers": "No", "latitude": 40.792442, "longitude": -73.777563, "community_district": 407.0, "council_district": 19.0, "census_tract": 999.0, "bin": 4539849.0, "bbl": 4059170001.0, "nta": "QN0761", "station_id": "urn:agentwin:city:ev-charging-station:f594de46e4ae1a68175bbb52093599c10e70547e557a03307174d0aab99ad60e" }, "geometry": { "type": "Point", "coordinates": [ -73.777563, 40.792442 ] } },
{ "type": "Feature", "properties": { "agency": "DPR", "station_name": "DPR - 431 Walter Reed Rd, Queens", "charger_types": [ "Level 2 Charger" ], "no_of_ports": 2, "street": "431 Walter Reed Rd", "city": "Bayside", "postcode": "11359", "borough": "Queens", "public_charger_": "No", "fee_for_city_drivers": "No", "latitude": 40.794148, "longitude": -73.775415, "community_district": 407.0, "council_district": 19.0, "census_tract": 999.0, "bin": 4539884.0, "bbl": 4059170001.0, "nta": "QN0761", "station_id": "urn:agentwin:city:ev-charging-station:b6eb2440e2588876016e8f111406ad33618fee01bb76c3f18bb1e4f908187f8a" }, "geometry": { "type": "Point", "coordinates": [ -73.775415, 40.794148 ] } },
{ "type": "Feature", "properties": { "agency": "DPR", "station_name": "DPR - 1 Marina Rd, Queens", "charger_types": [ "EV Solar Arc Charger" ], "no_of_ports": 1, "street": "1 Marina Rd", "city": "Queens", "postcode": "11368", "borough": "Queens", "public_charger_": "Solar Carport Charging", "fee_for_city_drivers": "No", "latitude": 40.760974, "longitude": -73.857649, "community_district": 403.0, "council_district": 21.0, "census_tract": 38302.0, "bin": null, "bbl": null, "nta": "QN8191", "station_id": "urn:agentwin:city:ev-charging-station:7db573b1a97f6363b4314a1b90d6030462411033564ae8a8931dbbb4bcb7cacf" }, "geometry": { "type": "Point", "coordinates": [ -73.857649, 40.760974 ] } },
{ "type": "Feature", "properties": { "agency": "DSNY", "station_name": "DSNY - 161 Varick Ave, Brooklyn", "charger_types": [ "Level 2 Charger", "Level 3 Fast Charger" ], "no_of_ports": 21, "street": "161 Varick Ave", "city": "East Williamsburg", "postcode": "11237", "borough": "Brooklyn", "public_charger_": "No", "fee_for_city_drivers": "No", "latitude": 40.711118, "longitude": -73.928548, "community_district": 301.0, "council_district": 34.0, "census_tract": 44902.0, "bin": 3400387.0, "bbl": 3029620001.0, "nta": "BK0104", "station_id": "urn:agentwin:city:ev-charging-station:096b66e8a8bc40b513c750be7504a958f0e099d73506cc8057de38042383677d" }, "geometry": { "type": "Point", "coordinates": [ -73.928548, 40.711118 ] } },
{ "type": "Feature", "properties": { "agency": "DSNY", "station_name": "DSNY - 52-35 58th St, Queens", "charger_types": [ "Level 2 Charger", "Level 3 Fast Charger" ], "no_of_ports": 42, "street": "52-35 58th St", "city": "Queens", "postcode": "11377", "borough": "Queens", "public_charger_": "No", "fee_for_city_drivers": "No", "latitude": 40.734883, "longitude": -73.909957, "community_district": 402.0, "council_district": 26.0, "census_tract": 243.0, "bin": 4462505.0, "bbl": 4023610268.0, "nta": "QN0203", "station_id": "urn:agentwin:city:ev-charging-station:f9e1bd29261bdbb5fe9428619eb6a63536f54b9c49d8c6045a8a19cfc5ee078c" }, "geometry": { "type": "Point", "coordinates": [ -73.909957, 40.734883 ] } },
{ "type": "Feature", "properties": { "agency": "DSNY", "station_name": "DSNY - 606 Milford Street, Brooklyn", "charger_types": [ "Level 2 Charger" ], "no_of_ports": 6, "street": "606 Milford Street", "city": "East New York", "postcode": "11208", "borough": "Brooklyn", "public_charger_": "No", "fee_for_city_drivers": "No", "latitude": 40.660832, "longitude": -73.8697, "community_district": 305.0, "council_district": 42.0, "census_tract": 1078.0, "bin": 3099068.0, "bbl": 3045620001.0, "nta": "BK0503", "station_id": "urn:agentwin:city:ev-charging-station:e33e76cdc63590ddf1a52620188255dd4a11115a442587575679dd94fa2dd262" }, "geometry": { "type": "Point", "coordinates": [ -73.8697, 40.660832 ] } },
{ "type": "Feature", "properties": { "agency": "DSNY", "station_name": "DSNY - 127 2Nd Ave, Brooklyn", "charger_types": [ "Level 2 Charger" ], "no_of_ports": 3, "street": "127 2Nd Ave", "city": "Brooklyn", "postcode": "11215", "borough": "Brooklyn", "public_charger_": "No", "fee_for_city_drivers": "No", "latitude": 40.671308, "longitude": -73.994452, "community_district": 306.0, "council_district": 38.0, "census_tract": 117.0, "bin": 3022747.0, "bbl": 3010200001.0, "nta": "BK0601", "station_id": "urn:agentwin:city:ev-charging-station:87c002e90f795b24814a1a1ff02badc3304765c0092e219d927bbbdc274aba5c" }, "geometry": { "type": "Point", "coordinates": [ -73.994452, 40.671308 ] } },
{ "type": "Feature", "properties": { "agency": "DSNY", "station_name": "DSNY - 1595 Washington Ave, Bronx", "charger_types": [ "Level 2 Charger" ], "no_of_ports": 4, "street": "1595 Washington Ave", "city": "Bronx", "postcode": "10457", "borough": "Bronx", "public_charger_": "No", "fee_for_city_drivers": "No", "latitude": 40.839498, "longitude": -73.90231, "community_district": 203.0, "council_district": 15.0, "census_tract": 167.0, "bin": 2009477.0, "bbl": 2029040034.0, "nta": "BX0302", "station_id": "urn:agentwin:city:ev-charging-station:d277e94c66d00e4b3ba8abffc1e2889b1a202fbbc0c18d7befef1d18d3450ed9" }, "geometry": { "type": "Point", "coordinates": [ -73.90231, 40.839498 ] } },
{ "type": "Feature", "properties": { "agency": "DSNY", "station_name": "DSNY - 1755 Pacific St, Brooklyn", "charger_types": [ "Level 2 Charger" ], "no_of_ports": 2, "street": "1755 Pacific St", "city": "Crown Heights", "postcode": "11213", "borough": "Brooklyn", "public_charger_": "No", "fee_for_city_drivers": "No", "latitude": 40.67669, "longitude": -73.931938, "community_district": 308.0, "council_district": 36.0, "census_tract": 309.0, "bin": 3330693.0, "bbl": 3013360018.0, "nta": "BK0802", "station_id": "urn:agentwin:city:ev-charging-station:c2eb31f2d7529c137182bc5378e2acd5c88ce3234382366927cbd388a525fa2b" }, "geometry": { "type": "Point", "coordinates": [ -73.931938, 40.67669 ] } },
{ "type": "Feature", "properties": { "agency": "DSNY", "station_name": "DSNY - 690 New York Ave, Brooklyn", "charger_types": [ "Level 2 Charger" ], "no_of_ports": 2, "street": "690 New York Ave", "city": "Prospect Lefferts Gardens", "postcode": "11203", "borough": "Brooklyn", "public_charger_": "No", "fee_for_city_drivers": "No", "latitude": 40.657155, "longitude": -73.947351, "community_district": 309.0, "council_district": 40.0, "census_tract": 804.0, "bin": 3327687.0, "bbl": 3048270039.0, "nta": "BK0902", "station_id": "urn:agentwin:city:ev-charging-station:cfd8885d4bc7de6e3832921b7065b7f11c8fe5e7ffe4b182ad6b8987222282dc" }, "geometry": { "type": "Point", "coordinates": [ -73.947351, 40.657155 ] } },
{ "type": "Feature", "properties": { "agency": "DSNY", "station_name": "DSNY - 5100 1St Ave, Brooklyn", "charger_types": [ "Level 2 Charger" ], "no_of_ports": 2, "street": "5100 1St Ave", "city": "Brooklyn", "postcode": "11232", "borough": "Brooklyn", "public_charger_": "No", "fee_for_city_drivers": "No", "latitude": 40.649977, "longitude": -74.02012, "community_district": 307.0, "council_district": 38.0, "census_tract": 1803.0, "bin": 3332515.0, "bbl": 3008030005.0, "nta": "BK0702", "station_id": "urn:agentwin:city:ev-charging-station:71cf13301fa7fcb53ee10b48726cffa50e2b44745c2a14471c0ca5c6ab79f73f" }, "geometry": { "type": "Point", "coordinates": [ -74.02012, 40.649977 ] } },
{ "type": "Feature", "properties": { "agency": "DSNY", "station_name": "DSNY - 1824 Shore Parkway, Brooklyn", "charger_types": [ "EV Solar Arc Charger", "Level 2 Charger" ], "no_of_ports": 8, "street": "1824 Shore Parkway", "city": "Brooklyn", "postcode": "11214", "borough": "Brooklyn", "public_charger_": "No", "fee_for_city_drivers": "No", "latitude": 40.591314, "longitude": -73.994488, "community_district": 311.0, "council_district": 47.0, "census_tract": 304.0, "bin": 3378180.0, "bbl": 3069430030.0, "nta": "BK1103", "station_id": "urn:agentwin:city:ev-charging-station:55b20dc0a58783c6279921579ffb90576e44ddba6a92238820892fa28b52e328" }, "geometry": { "type": "Point", "coordinates": [ -73.994488, 40.591314 ] } },
{ "type": "Feature", "properties": { "agency": "DSNY", "station_name": "DSNY - 5602 19th Ave, Brooklyn", "charger_types": [ "EV Solar Arc Charger", "Level 2 Charger" ], "no_of_ports": 4, "street": "5602 19th Ave", "city": "Mapleton", "postcode": "11204", "borough": "Brooklyn", "public_charger_": "No", "fee_for_city_drivers": "No", "latitude": 40.622889, "longitude": -73.982824, "community_district": 312.0, "council_district": 44.0, "census_tract": 468.0, "bin": 3328495.0, "bbl": 3054940089.0, "nta": "BK1204", "station_id": "urn:agentwin:city:ev-charging-station:ab06a0d6a780a55073cb7aa80683954ac46c9e66938d75c08dd3c1b638e75374" }, "geometry": { "type": "Point", "coordinates": [ -73.982824, 40.622889 ] } },
{ "type": "Feature", "properties": { "agency": "DSNY", "station_name": "DSNY - 2012 Neptune Ave, Brooklyn", "charger_types": [ "EV Solar Arc Charger" ], "no_of_ports": 1, "street": "2012 Neptune Ave", "city": "Brooklyn", "postcode": "11224", "borough": "Brooklyn", "public_charger_": "No", "fee_for_city_drivers": "No", "latitude": 40.578665, "longitude": -73.987588, "community_district": 313.0, "council_district": 47.0, "census_tract": 326.0, "bin": 3387557.0, "bbl": 3070180007.0, "nta": "BK1302", "station_id": "urn:agentwin:city:ev-charging-station:7cf4bb5963cdc31fc47ad55a9eafa3d81749a0100459dbe7901aab5a2ebcce6e" }, "geometry": { "type": "Point", "coordinates": [ -73.987588, 40.578665 ] } },
{ "type": "Feature", "properties": { "agency": "DSNY", "station_name": "DSNY - 1397 Ralph Ave, Brooklyn", "charger_types": [ "Level 2 Charger" ], "no_of_ports": 2, "street": "1397 Ralph Ave", "city": "Canarsie", "postcode": "11236", "borough": "Brooklyn", "public_charger_": "No", "fee_for_city_drivers": "No", "latitude": 40.642674, "longitude": -73.919717, "community_district": 318.0, "council_district": 42.0, "census_tract": 960.0, "bin": 3221978.0, "bbl": 3079180145.0, "nta": "BK1803", "station_id": "urn:agentwin:city:ev-charging-station:6db1eb8d3b71900cf792be501e4c47ef1f34a9660f49bb2261881724734c6086" }, "geometry": { "type": "Point", "coordinates": [ -73.919717, 40.642674 ] } },
{ "type": "Feature", "properties": { "agency": "DSNY", "station_name": "DSNY - 50 Wortman Ave, Brooklyn", "charger_types": [ "Level 3 Fast Charger" ], "no_of_ports": 2, "street": "50 Wortman Ave", "city": "Brooklyn", "postcode": "11207", "borough": "Brooklyn", "public_charger_": "No", "fee_for_city_drivers": "No", "latitude": 40.654488, "longitude": -73.890676, "community_district": 305.0, "council_district": 42.0, "census_tract": 1104.0, "bin": 3097871.0, "bbl": 3043880001.0, "nta": "BK0503", "station_id": "urn:agentwin:city:ev-charging-station:97e2c4d3263d3e67c81dea995e81d9fce0bf8c041ff1e4b14d9333c8db3bc339" }, "geometry": { "type": "Point", "coordinates": [ -73.890676, 40.654488 ] } },
{ "type": "Feature", "properties": { "agency": "DSNY", "station_name": "DSNY - 10502 Avenue D, Brooklyn", "charger_types": [ "Level 2 Charger", "Level 3 Fast Charger" ], "no_of_ports": 3, "street": "10502 Avenue D", "city": "Brooklyn", "postcode": "11236", "borough": "Brooklyn", "public_charger_": "No", "fee_for_city_drivers": "No", "latitude": 40.653831, "longitude": -73.901511, "community_district": 318.0, "council_district": 42.0, "census_tract": 1098.0, "bin": 3256921.0, "bbl": 3081380001.0, "nta": "BK0503", "station_id": "urn:agentwin:city:ev-charging-station:c2c439dd462d296c7cd1cb5afa0c02933ecb31bb7c98045ff5f1be6aff6cf358" }, "geometry": { "type": "Point", "coordinates": [ -73.901511, 40.653831 ] } },
{ "type": "Feature", "properties": { "agency": "DSNY", "station_name": "DSNY - 105-01 Foster Ave, Brooklyn", "charger_types": [ "Level 2 Charger", "Level 3 Fast Charger" ], "no_of_ports": 4, "street": "105-01 Foster Ave", "city": "Brooklyn", "postcode": "11236", "borough": "Brooklyn", "public_charger_": "No", "fee_for_city_drivers": "No", "latitude": 40.627727, "longitude": -73.976281, "community_district": 314.0, "council_district": 40.0, "census_tract": 480.0, "bin": 3398029.0, "bbl": 3054260001.0, "nta": "BK1402", "station_id": "urn:agentwin:city:ev-charging-station:307e75e7cb58e2267ea312357804cd0ddb97cd6af190dcde93157619c9a76c9c" }, "geometry": { "type": "Point", "coordinates": [ -73.976281, 40.627727 ] } },
{ "type": "Feature", "properties": { "agency": "DSNY", "station_name": "DSNY - 110 E 131st St, Manhattan", "charger_types": [ "Level 2 Charger" ], "no_of_ports": 8, "street": "110 E 131st St", "city": "New York", "postcode": "10037", "borough": "Manhattan", "public_charger_": "No", "fee_for_city_drivers": "No", "latitude": 40.808657, "longitude": -73.935809, "community_district": 111.0, "council_district": 9.0, "census_tract": 242.0, "bin": 1054511.0, "bbl": 1017790001.0, "nta": "MN1102", "station_id": "urn:agentwin:city:ev-charging-station:302dfe2de0e3a213098a42d87f68619e5e9f92040f2714dd6b61eebdcaccf491" }, "geometry": { "type": "Point", "coordinates": [ -73.935809, 40.808657 ] } },
{ "type": "Feature", "properties": { "agency": "DSNY", "station_name": "DSNY - 650 Casanova St, Bronx", "charger_types": [ "Level 2 Charger" ], "no_of_ports": 2, "street": "650 Casanova St", "city": "West Bronx", "postcode": "10474", "borough": "Bronx", "public_charger_": "No", "fee_for_city_drivers": "No", "latitude": 40.812786, "longitude": -73.889857, "community_district": 202.0, "council_district": 17.0, "census_tract": 9301.0, "bin": 2006621.0, "bbl": 2027650177.0, "nta": "BX0201", "station_id": "urn:agentwin:city:ev-charging-station:67d26548356c4a50dbccbf6e460d724988a8529c7e4bd0e58922a2d9f291b176" }, "geometry": { "type": "Point", "coordinates": [ -73.889857, 40.812786 ] } },
{ "type": "Feature", "properties": { "agency": "DSNY", "station_name": "DSNY - 525 Johnson Ave, Brooklyn", "charger_types": [ "Level 2 Charger" ], "no_of_ports": 4, "street": "525 Johnson Ave", "city": "East Williamsburg", "postcode": "11237", "borough": "Brooklyn", "public_charger_": "No", "fee_for_city_drivers": "No", "latitude": 40.708726, "longitude": -73.926318, "community_district": 301.0, "council_district": 34.0, "census_tract": 44902.0, "bin": 3070584.0, "bbl": 3029870016.0, "nta": "BK0104", "station_id": "urn:agentwin:city:ev-charging-station:ff5f5c0328278523cb22dc9a5409814f17fca65d444421c7e48683793b5e31b8" }, "geometry": { "type": "Point", "coordinates": [ -73.926318, 40.708726 ] } },
{ "type": "Feature", "properties": { "agency": "DSNY", "station_name": "DSNY - 1331 Cromwell Ave, Bronx", "charger_types": [ "Level 2 Charger" ], "no_of_ports": 1, "street": "1331 Cromwell Ave", "city": "Bronx", "postcode": "10452", "borough": "Bronx", "public_charger_": "No", "fee_for_city_drivers": "No", "latitude": 40.839273, "longitude": -73.920629, "community_district": 204.0, "council_district": 16.0, "census_tract": 219.0, "bin": 2008640.0, "bbl": 2028710077.0, "nta": "BX0403", "station_id": "urn:agentwin:city:ev-charging-station:a17155509df6482a3c54e2fe5391c7f1c31a6e2db7fb0601e79c2fb95bbb27f2" }, "geometry": { "type": "Point", "coordinates": [ -73.920629, 40.839273 ] } },
{ "type": "Feature", "properties": { "agency": "DSNY", "station_name": "DSNY - 465 Hamilton Ave, Brooklyn", "charger_types": [ "Level 2 Charger" ], "no_of_ports": 2, "street": "465 Hamilton Ave", "city": "Gowanus", "postcode": "11232", "borough": "Brooklyn", "public_charger_": "No", "fee_for_city_drivers": "No", "latitude": 40.669156, "longitude": -73.996907, "community_district": 306.0, "council_district": 38.0, "census_tract": 11902.0, "bin": 3023562.0, "bbl": 3010380001.0, "nta": "BK0601", "station_id": "urn:agentwin:city:ev-charging-station:85240fc004e3cea63fdcc9b86042fd11596c3f1a80ad1ac9a1984baeec9d057f" }, "geometry": { "type": "Point", "coordinates": [ -73.996907, 40.669156 ] } },
{ "type": "Feature", "properties": { "agency": "DSNY", "station_name": "DSNY - 800 E 176Th St, Bronx", "charger_types": [ "Level 2 Charger", "Level 3 Fast Charger" ], "no_of_ports": 9, "street": "800 E 176Th St", "city": "Bronx", "postcode": "10460", "borough": "Bronx", "public_charger_": "No", "fee_for_city_drivers": "No", "latitude": 40.842053, "longitude": -73.889504, "community_district": 206.0, "council_district": 15.0, "census_tract": 367.0, "bin": 2097277.0, "bbl": 2029530021.0, "nta": "BX0602", "station_id": "urn:agentwin:city:ev-charging-station:1c2b66918ab43f362e7279ac3a98d6ac319b141c9cfe32f4de76d509d6adabdd" }, "geometry": { "type": "Point", "coordinates": [ -73.889504, 40.842053 ] } },
{ "type": "Feature", "properties": { "agency": "DSNY", "station_name": "DSNY - 850 Zerega Ave, Bronx", "charger_types": [ "Level 2 Charger" ], "no_of_ports": 4, "street": "850 Zerega Ave", "city": "East Bronx", "postcode": "10473", "borough": "Bronx", "public_charger_": "No", "fee_for_city_drivers": "No", "latitude": 40.825144, "longitude": -73.843139, "community_district": 209.0, "council_district": 18.0, "census_tract": 90.0, "bin": 2094841.0, "bbl": 2037020001.0, "nta": "BX0903", "station_id": "urn:agentwin:city:ev-charging-station:de383f1fab307fa353d87ba66145585dbcd0147ca323ede9c3a3aa1bf2e7f83e" }, "geometry": { "type": "Point", "coordinates": [ -73.843139, 40.825144 ] } },
{ "type": "Feature", "properties": { "agency": "DSNY", "station_name": "DSNY - 1635 E 233Rd St, Bronx", "charger_types": [ "Level 2 Charger" ], "no_of_ports": 8, "street": "1635 E 233Rd St", "city": "East Bronx", "postcode": "10475", "borough": "Bronx", "public_charger_": "No", "fee_for_city_drivers": "No", "latitude": 40.888188, "longitude": -73.826903, "community_district": 212.0, "council_district": 12.0, "census_tract": 456.0, "bin": 2090261.0, "bbl": 2049740028.0, "nta": "BX1202", "station_id": "urn:agentwin:city:ev-charging-station:c2590329ce02c509554e93d9275977c5b54777aaad58c66210d00d1947a7fe46" }, "geometry": { "type": "Point", "coordinates": [ -73.826903, 40.888188 ] } },
{ "type": "Feature", "properties": { "agency": "DSNY", "station_name": "DSNY - 10601 Avenue D, Brooklyn", "charger_types": [ "Level 2 Charger" ], "no_of_ports": 4, "street": "10601 Avenue D", "city": "Brooklyn", "postcode": "11236", "borough": "Brooklyn", "public_charger_": "No", "fee_for_city_drivers": "No", "latitude": 40.654363, "longitude": -73.900725, "community_district": 318.0, "council_district": 42.0, "census_tract": 1098.0, "bin": 3252759.0, "bbl": 3038710001.0, "nta": "BK0503", "station_id": "urn:agentwin:city:ev-charging-station:f0f43ad3f51fcab63c422cf318e56cbb32230e985758a965b8d05272677bccc0" }, "geometry": { "type": "Point", "coordinates": [ -73.900725, 40.654363 ] } },
{ "type": "Feature", "properties": { "agency": "DSNY", "station_name": "DSNY - 401 E 105th St, Brooklyn", "charger_types": [ "Level 2 Charger" ], "no_of_ports": 2, "street": "401 E 105th St", "city": "Canarsie", "postcode": "11236", "borough": "Brooklyn", "public_charger_": "No", "fee_for_city_drivers": "No", "latitude": 40.653513, "longitude": -73.901371, "community_district": 318.0, "council_district": 42.0, "census_tract": 1098.0, "bin": 3256921.0, "bbl": 3081380001.0, "nta": "BK0503", "station_id": "urn:agentwin:city:ev-charging-station:00ccc3beb0965612aea872beca68d73932281af2cf4baaeef5cc2e0c3ede8e36" }, "geometry": { "type": "Point", "coordinates": [ -73.901371, 40.653513 ] } },
{ "type": "Feature", "properties": { "agency": "DSNY", "station_name": "DSNY - 50 Aviation Rd, Brooklyn", "charger_types": [ "EV Solar Arc Charger" ], "no_of_ports": 3, "street": "50 Aviation Rd", "city": "Brooklyn", "postcode": "11234", "borough": "Brooklyn", "public_charger_": "No", "fee_for_city_drivers": "No", "latitude": 40.591839, "longitude": -73.882699, "community_district": 356.0, "council_district": 46.0, "census_tract": 70202.0, "bin": 3397818.0, "bbl": 3085910075.0, "nta": "BK5691", "station_id": "urn:agentwin:city:ev-charging-station:5abe1a83273937237b866f7446472f23fc6c2e5415901df8ede46a1404325db6" }, "geometry": { "type": "Point", "coordinates": [ -73.882699, 40.591839 ] } },
{ "type": "Feature", "properties": { "agency": "DSNY", "station_name": "DSNY - 80 Henry Street, Manhattan", "charger_types": [ "Level 2 Charger" ], "no_of_ports": 3, "street": "80 Henry Street", "city": "New York", "postcode": "10002", "borough": "Manhattan", "public_charger_": "No", "fee_for_city_drivers": "No", "latitude": 40.71307, "longitude": -73.993821, "community_district": 103.0, "council_district": 1.0, "census_tract": 8.0, "bin": 1079607.0, "bbl": 1002750003.0, "nta": "MN0301", "station_id": "urn:agentwin:city:ev-charging-station:ca867638b63758b66df564f796b2db9bcb98ddb40b4c30b5dcc5f989ca52a518" }, "geometry": { "type": "Point", "coordinates": [ -73.993821, 40.71307 ] } },
{ "type": "Feature", "properties": { "agency": "DSNY", "station_name": "DSNY - 640 West 26Th Street, Manhattan", "charger_types": [ "Level 2 Charger", "Level 3 Fast Charger" ], "no_of_ports": 9, "street": "640 West 26Th Street", "city": "New York", "postcode": "10001", "borough": "Manhattan", "public_charger_": "No", "fee_for_city_drivers": "No", "latitude": 40.751183, "longitude": -74.006594, "community_district": 104.0, "council_district": 3.0, "census_tract": 9901.0, "bin": 1012267.0, "bbl": 1006700050.0, "nta": "MN0401", "station_id": "urn:agentwin:city:ev-charging-station:8572c6a0db1874a91f05b90a7f244d3c03274d75274e7f03317d0386e09984b9" }, "geometry": { "type": "Point", "coordinates": [ -74.006594, 40.751183 ] } },
{ "type": "Feature", "properties": { "agency": "DSNY", "station_name": "DSNY - 353 Spring St, Manhattan", "charger_types": [ "Level 2 Charger", "Level 3 Fast Charger" ], "no_of_ports": 12, "street": "353 Spring St", "city": "New York", "postcode": "10013", "borough": "Manhattan", "public_charger_": "No", "fee_for_city_drivers": "No", "latitude": 40.726159, "longitude": -74.010712, "community_district": 102.0, "council_district": 3.0, "census_tract": 37.0, "bin": 1089625.0, "bbl": 1005967501.0, "nta": "MN0201", "station_id": "urn:agentwin:city:ev-charging-station:41a297847859cbf9307e61235994dc8802a79eaf9c75dede95825e2c13f41583" }, "geometry": { "type": "Point", "coordinates": [ -74.010712, 40.726159 ] } },
{ "type": "Feature", "properties": { "agency": "DSNY", "station_name": "DSNY - 299 South St, Manhattan", "charger_types": [ "Level 3 Fast Charger" ], "no_of_ports": 4, "street": "299 South St", "city": "New York", "postcode": "10002", "borough": "Manhattan", "public_charger_": "No", "fee_for_city_drivers": "No", "latitude": 40.710508, "longitude": -73.986196, "community_district": 103.0, "council_district": 1.0, "census_tract": 201.0, "bin": 1079600.0, "bbl": 1002410013.0, "nta": "MN0301", "station_id": "urn:agentwin:city:ev-charging-station:6130e0217b51a1e59e3fc087586d282a48006446f44edce0bcdc65921159b6b5" }, "geometry": { "type": "Point", "coordinates": [ -73.986196, 40.710508 ] } },
{ "type": "Feature", "properties": { "agency": "DSNY", "station_name": "DSNY - 1787 W Farms Rd, Bronx", "charger_types": [ "Level 2 Charger" ], "no_of_ports": 2, "street": "1787 W Farms Rd", "city": "Bronx", "postcode": "10460", "borough": "Bronx", "public_charger_": "No", "fee_for_city_drivers": "No", "latitude": 40.836086, "longitude": -73.882066, "community_district": 203.0, "council_district": 17.0, "census_tract": 161.0, "bin": 2010955.0, "bbl": 2030150058.0, "nta": "BX0303", "station_id": "urn:agentwin:city:ev-charging-station:804630000a8761cbc5330d28a2e971c1c6125ce2285094f60da201db5eb402bc" }, "geometry": { "type": "Point", "coordinates": [ -73.882066, 40.836086 ] } },
{ "type": "Feature", "properties": { "agency": "DSNY", "station_name": "DSNY - 4036 9th Ave, Manhattan", "charger_types": [ "Level 2 Charger" ], "no_of_ports": 2, "street": "4036 9th Ave", "city": "New York", "postcode": "10034", "borough": "Manhattan", "public_charger_": "No", "fee_for_city_drivers": "No", "latitude": 40.869218, "longitude": -73.913033, "community_district": 112.0, "council_district": 10.0, "census_tract": 299.0, "bin": 1082037.0, "bbl": 1022120001.0, "nta": "MN1203", "station_id": "urn:agentwin:city:ev-charging-station:4bcca6c171ac409e09da5043f796b0e006cd47160bfc6c5d6e109faf59b9c70d" }, "geometry": { "type": "Point", "coordinates": [ -73.913033, 40.869218 ] } },
{ "type": "Feature", "properties": { "agency": "DSNY", "station_name": "DSNY - 125 E 149th St, Bronx", "charger_types": [ "Level 2 Charger" ], "no_of_ports": 2, "street": "125 E 149th St", "city": "West Bronx", "postcode": "10451", "borough": "Bronx", "public_charger_": "No", "fee_for_city_drivers": "No", "latitude": 40.818987, "longitude": -73.928909, "community_district": 204.0, "council_district": 8.0, "census_tract": 6301.0, "bin": 2001102.0, "bbl": 2023520028.0, "nta": "BX0401", "station_id": "urn:agentwin:city:ev-charging-station:86816d640834796d24768cb4645075c5dd42c6a8c0b10431d7dad282a2c2ab72" }, "geometry": { "type": "Point", "coordinates": [ -73.928909, 40.818987 ] } },
{ "type": "Feature", "properties": { "agency": "DSNY", "station_name": "DSNY - 1921 Park Ave, Manhattan", "charger_types": [ "Level 2 Charger" ], "no_of_ports": 2, "street": "1921 Park Ave", "city": "New York", "postcode": "10037", "borough": "Manhattan", "public_charger_": "No", "fee_for_city_drivers": "No", "latitude": 40.808361, "longitude": -73.936604, "community_district": 111.0, "council_district": 9.0, "census_tract": 242.0, "bin": 1054511.0, "bbl": 1017790001.0, "nta": "MN1102", "station_id": "urn:agentwin:city:ev-charging-station:66952b02e7dab526f1fb93bb01d237650d4609921ca4ef6f485f5e2531d7381d" }, "geometry": { "type": "Point", "coordinates": [ -73.936604, 40.808361 ] } },
{ "type": "Feature", "properties": { "agency": "DSNY", "station_name": "DSNY - 110 E 130th St, Manhattan", "charger_types": [ "Level 2 Charger" ], "no_of_ports": 2, "street": "110 E 130th St", "city": "New York", "postcode": "10037", "borough": "Manhattan", "public_charger_": "No", "fee_for_city_drivers": "No", "latitude": 40.808023, "longitude": -73.936268, "community_district": 111.0, "council_district": 9.0, "census_tract": 242.0, "bin": 1000000.0, "bbl": 1017780006.0, "nta": "MN1102", "station_id": "urn:agentwin:city:ev-charging-station:356f9d51c09897f5a27fa0d6d5b3cb3255c48caf6e6905afefd6327808cdd8bf" }, "geometry": { "type": "Point", "coordinates": [ -73.936268, 40.808023 ] } },
{ "type": "Feature", "properties": { "agency": "DSNY", "station_name": "DSNY - 217 E 127th St, Manhattan", "charger_types": [ "Level 2 Charger" ], "no_of_ports": 8, "street": "217 E 127th St", "city": "New York", "postcode": "10035", "borough": "Manhattan", "public_charger_": "No", "fee_for_city_drivers": "No", "latitude": 40.804756, "longitude": -73.934281, "community_district": 111.0, "council_district": 8.0, "census_tract": 242.0, "bin": 1087849.0, "bbl": 1017920005.0, "nta": "MN1102", "station_id": "urn:agentwin:city:ev-charging-station:fa4e72b981052d885b415353afadbea1610c6625bf0b6af6b29fe0a6c4552625" }, "geometry": { "type": "Point", "coordinates": [ -73.934281, 40.804756 ] } },
{ "type": "Feature", "properties": { "agency": "DSNY", "station_name": "DSNY - 301 W 215 St, Manhattan", "charger_types": [ "Level 2 Charger", "Level 3 Fast Charger" ], "no_of_ports": 4, "street": "301 W 215 St", "city": "New York", "postcode": "10034", "borough": "Manhattan", "public_charger_": "No", "fee_for_city_drivers": "No", "latitude": 40.868199, "longitude": -73.911997, "community_district": 112.0, "council_district": 10.0, "census_tract": 299.0, "bin": 1064485.0, "bbl": 1021960001.0, "nta": "MN1203", "station_id": "urn:agentwin:city:ev-charging-station:f7d6d1cc3ccbac91bf14a7a4cadffea6bf689d5b5729f5027cda33670420f9f8" }, "geometry": { "type": "Point", "coordinates": [ -73.911997, 40.868199 ] } },
{ "type": "Feature", "properties": { "agency": "DSNY", "station_name": "DSNY - 34-28 21st St, Queens", "charger_types": [ "Level 3 Fast Charger" ], "no_of_ports": 2, "street": "34-28 21st St", "city": "Queens", "postcode": "11106", "borough": "Queens", "public_charger_": "No", "fee_for_city_drivers": "No", "latitude": 40.762336, "longitude": -73.934464, "community_district": 401.0, "council_district": 26.0, "census_tract": 43.0, "bin": 4005787.0, "bbl": 4005230012.0, "nta": "QN0105", "station_id": "urn:agentwin:city:ev-charging-station:06eaa8ca5b755899932fde2312667c117ea0764c1ba7f4a10344c21f7af48bc7" }, "geometry": { "type": "Point", "coordinates": [ -73.934464, 40.762336 ] } },
{ "type": "Feature", "properties": { "agency": "DSNY", "station_name": "DSNY - 58-1 52 Rd, Queens", "charger_types": [ "Level 2 Charger" ], "no_of_ports": 1, "street": "58-1 52 Rd", "city": "Woodside", "postcode": "11377", "borough": "Queens", "public_charger_": "No", "fee_for_city_drivers": "No", "latitude": 40.734957, "longitude": -73.909719, "community_district": 402.0, "council_district": 26.0, "census_tract": 243.0, "bin": 4054170.0, "bbl": 4023470055.0, "nta": "QN0203", "station_id": "urn:agentwin:city:ev-charging-station:3239fcc736e236d2b74a7385d26a103dbd359fc6d8c0a021909a526315b1dad5" }, "geometry": { "type": "Point", "coordinates": [ -73.909719, 40.734957 ] } },
{ "type": "Feature", "properties": { "agency": "DSNY", "station_name": "DSNY - 48-01 58 Rd, Queens", "charger_types": [ "Level 2 Charger", "Level 3 Fast Charger" ], "no_of_ports": 11, "street": "48-01 58 Rd", "city": "Maspeth", "postcode": "11378", "borough": "Queens", "public_charger_": "No", "fee_for_city_drivers": "No", "latitude": 40.720249, "longitude": -73.922845, "community_district": 405.0, "council_district": 26.0, "census_tract": 219.0, "bin": 4307983.0, "bbl": 4026000001.0, "nta": "QN0501", "station_id": "urn:agentwin:city:ev-charging-station:bff540aa91a463da5851cf6c1399fe4cb411bb081ef6f4843ded10d6926bd4d3" }, "geometry": { "type": "Point", "coordinates": [ -73.922845, 40.720249 ] } },
{ "type": "Feature", "properties": { "agency": "DSNY", "station_name": "DSNY - 120-15 31St Ave, Queens", "charger_types": [ "Level 2 Charger", "Level 3 Fast Charger" ], "no_of_ports": 5, "street": "120-15 31St Ave", "city": "Flushing", "postcode": "11354", "borough": "Queens", "public_charger_": "No", "fee_for_city_drivers": "No", "latitude": 40.769692, "longitude": -73.847197, "community_district": 407.0, "council_district": 19.0, "census_tract": 907.0, "bin": 4610396.0, "bbl": 4043460075.0, "nta": "QN0701", "station_id": "urn:agentwin:city:ev-charging-station:b9b0aa1dc03cca0488947c4b478be2c0432c0fe4997f1dd495c82dd10c3ac92f" }, "geometry": { "type": "Point", "coordinates": [ -73.847197, 40.769692 ] } },
{ "type": "Feature", "properties": { "agency": "DSNY", "station_name": "DSNY - 30-19 122Nd St, Queens", "charger_types": [ "Level 2 Charger" ], "no_of_ports": 7, "street": "30-19 122Nd St", "city": "Flushing", "postcode": "11354", "borough": "Queens", "public_charger_": "No", "fee_for_city_drivers": "No", "latitude": 40.770849, "longitude": -73.846552, "community_district": 407.0, "council_district": 19.0, "census_tract": 907.0, "bin": 4570021.0, "bbl": 4043500001.0, "nta": "QN0701", "station_id": "urn:agentwin:city:ev-charging-station:5306f6462540e412e2f5dfd1c8ae01b02f9c4c21edfae1664708c61dae32c6dc" }, "geometry": { "type": "Point", "coordinates": [ -73.846552, 40.770849 ] } },
{ "type": "Feature", "properties": { "agency": "DSNY", "station_name": "DSNY - 13287 Atlantic Ave, Queens", "charger_types": [ "Level 2 Charger", "Level 3 Fast Charger" ], "no_of_ports": 3, "street": "13287 Atlantic Ave", "city": "Queens", "postcode": "11418", "borough": "Queens", "public_charger_": "No", "fee_for_city_drivers": "No", "latitude": 40.69657, "longitude": -73.816405, "community_district": 409.0, "council_district": 29.0, "census_tract": 14202.0, "bin": null, "bbl": null, "nta": "QN0902", "station_id": "urn:agentwin:city:ev-charging-station:0cfa6fe2f116cff0fbb84bc0e09f20e2b2636d7d0120ad631b76806b1c24218e" }, "geometry": { "type": "Point", "coordinates": [ -73.816405, 40.69657 ] } },
{ "type": "Feature", "properties": { "agency": "DSNY", "station_name": "DSNY - 133-20 Atlantic Ave, Queens", "charger_types": [ "Level 2 Charger" ], "no_of_ports": 2, "street": "133-20 Atlantic Ave", "city": "Queens", "postcode": "11418", "borough": "Queens", "public_charger_": "No", "fee_for_city_drivers": "No", "latitude": 40.696682, "longitude": -73.81595, "community_district": 409.0, "council_district": 29.0, "census_tract": 152.0, "bin": null, "bbl": null, "nta": "QN0903", "station_id": "urn:agentwin:city:ev-charging-station:c7f64f3ae9df951ebd6fffb7e2d68eb8892e0b66f48e75a0ec633ff79f1f981b" }, "geometry": { "type": "Point", "coordinates": [ -73.81595, 40.696682 ] } },
{ "type": "Feature", "properties": { "agency": "DSNY", "station_name": "DSNY - 130-23 150Th Ave, Queens", "charger_types": [ "Level 2 Charger" ], "no_of_ports": 10, "street": "130-23 150Th Ave", "city": "Jamaica", "postcode": "11430", "borough": "Queens", "public_charger_": "No", "fee_for_city_drivers": "No", "latitude": 40.664778, "longitude": -73.810159, "community_district": 410.0, "council_district": 28.0, "census_tract": 84602.0, "bin": 4257531.0, "bbl": 4118840001.0, "nta": "QN1001", "station_id": "urn:agentwin:city:ev-charging-station:d75bff23260175da66e231ab10d6e4e872d25a739bebde503adff91f9f133554" }, "geometry": { "type": "Point", "coordinates": [ -73.810159, 40.664778 ] } },
{ "type": "Feature", "properties": { "agency": "DSNY", "station_name": "DSNY - 153-67 146Th Ave, Queens", "charger_types": [ "Level 2 Charger" ], "no_of_ports": 4, "street": "153-67 146Th Ave", "city": "Jamaica", "postcode": "11434", "borough": "Queens", "public_charger_": "No", "fee_for_city_drivers": "No", "latitude": 40.664629, "longitude": -73.784675, "community_district": 413.0, "council_district": 31.0, "census_tract": 306.0, "bin": 4433112.0, "bbl": 4150010073.0, "nta": "QN1306", "station_id": "urn:agentwin:city:ev-charging-station:be9058ae8aec8119021e5f0bd38714925b2460017cbe859342c7608c8084b960" }, "geometry": { "type": "Point", "coordinates": [ -73.784675, 40.664629 ] } },
{ "type": "Feature", "properties": { "agency": "DSNY", "station_name": "DSNY - 74-75 Douglaston Parkway, Queens", "charger_types": [ "Level 3 Fast Charger" ], "no_of_ports": 2, "street": "74-75 Douglaston Parkway", "city": "Queens", "postcode": "11362", "borough": "Queens", "public_charger_": "No", "fee_for_city_drivers": "No", "latitude": 40.743829, "longitude": -73.734509, "community_district": 411.0, "council_district": 23.0, "census_tract": 152901.0, "bin": null, "bbl": null, "nta": "QN1103", "station_id": "urn:agentwin:city:ev-charging-station:304298e54da4071f8bb3e3287005a12488483e2a0a658acdb14fa01f4e9f3b9b" }, "geometry": { "type": "Point", "coordinates": [ -73.734509, 40.743829 ] } },
{ "type": "Feature", "properties": { "agency": "DSNY", "station_name": "DSNY - 51-10 Almeda Ave, Queens", "charger_types": [ "Level 2 Charger", "Level 3 Fast Charger" ], "no_of_ports": 6, "street": "51-10 Almeda Ave", "city": "Far Rockaway", "postcode": "11691", "borough": "Queens", "public_charger_": "No", "fee_for_city_drivers": "No", "latitude": 40.597844, "longitude": -73.782485, "community_district": 414.0, "council_district": 31.0, "census_tract": 97207.0, "bin": 4616024.0, "bbl": 4159800100.0, "nta": "QN1491", "station_id": "urn:agentwin:city:ev-charging-station:dc7639638ad43962deb1f99bdeaf46906e86d55185dbd4119648a01d62093d34" }, "geometry": { "type": "Point", "coordinates": [ -73.782485, 40.597844 ] } },
{ "type": "Feature", "properties": { "agency": "DSNY", "station_name": "DSNY - 52-07 58th St, Queens", "charger_types": [ "Level 2 Charger", "Level 3 Fast Charger" ], "no_of_ports": 13, "street": "52-07 58th St", "city": "Woodside", "postcode": "11377", "borough": "Queens", "public_charger_": "No", "fee_for_city_drivers": "No", "latitude": 40.735462, "longitude": -73.909675, "community_district": 402.0, "council_district": 26.0, "census_tract": 243.0, "bin": 4054170.0, "bbl": 4023470055.0, "nta": "QN0203", "station_id": "urn:agentwin:city:ev-charging-station:77a172dbfbc8fee4f4cc4f57e40d5388a4b3b8bc9018cdb959ebe998c78258d0" }, "geometry": { "type": "Point", "coordinates": [ -73.909675, 40.735462 ] } },
{ "type": "Feature", "properties": { "agency": "DSNY", "station_name": "DSNY - 2 Muldoon Ave, Staten Island", "charger_types": [ "Level 2 Charger" ], "no_of_ports": 1, "street": "2 Muldoon Ave", "city": "Staten Island", "postcode": "10314", "borough": "Staten Island", "public_charger_": "No", "fee_for_city_drivers": "No", "latitude": 40.575017, "longitude": -74.196645, "community_district": 503.0, "council_district": 51.0, "census_tract": 22801.0, "bin": 5158124.0, "bbl": 5059000500.0, "nta": "SI0391", "station_id": "urn:agentwin:city:ev-charging-station:ad54ef819825183432b6565f26542e86d60e456283b37ffc044d0a42d6608d17" }, "geometry": { "type": "Point", "coordinates": [ -74.196645, 40.575017 ] } },
{ "type": "Feature", "properties": { "agency": "DSNY", "station_name": "DSNY - 1000 W. Service RD, Staten Island", "charger_types": [ "EV Solar Arc Charger", "Level 2 Charger" ], "no_of_ports": 16, "street": "1000 W. Service RD", "city": "Staten Island", "postcode": "10314", "borough": "Staten Island", "public_charger_": "No", "fee_for_city_drivers": "No", "latitude": 40.571144, "longitude": -74.195327, "community_district": 503.0, "council_district": 51.0, "census_tract": 22801.0, "bin": 5130986.0, "bbl": 5059000500.0, "nta": "SI0391", "station_id": "urn:agentwin:city:ev-charging-station:da3b6492cb6aad7bd3f5b8def813caae3b13d371ec67fb55e2c3324c94f79e00" }, "geometry": { "type": "Point", "coordinates": [ -74.195327, 40.571144 ] } },
{ "type": "Feature", "properties": { "agency": "DSNY", "station_name": "DSNY - 2538 Richmond Ave, Staten Island", "charger_types": [ "EV Solar Arc Charger", "Level 3 Fast Charger" ], "no_of_ports": 3, "street": "2538 Richmond Ave", "city": "Staten Island", "postcode": "10314", "borough": "Staten Island", "public_charger_": "No", "fee_for_city_drivers": "No", "latitude": 40.586223, "longitude": -74.168484, "community_district": 502.0, "council_district": 51.0, "census_tract": 22802.0, "bin": null, "bbl": null, "nta": "SI0291", "station_id": "urn:agentwin:city:ev-charging-station:2ae2142f46e2731ec0c380875307a179fcbb1cfbaade37d33c796d6d11be5a5d" }, "geometry": { "type": "Point", "coordinates": [ -74.168484, 40.586223 ] } },
{ "type": "Feature", "properties": { "agency": "DSNY", "station_name": "DSNY - 3 Muldoon Ave, Staten Island", "charger_types": [ "EV Solar Arc Charger" ], "no_of_ports": 6, "street": "3 Muldoon Ave", "city": "Staten Island", "postcode": "10314", "borough": "Staten Island", "public_charger_": "No", "fee_for_city_drivers": "No", "latitude": 40.575234, "longitude": -74.196696, "community_district": 503.0, "council_district": 51.0, "census_tract": 22801.0, "bin": 5158125.0, "bbl": 5059000500.0, "nta": "SI0391", "station_id": "urn:agentwin:city:ev-charging-station:5fa5b8e445224f0b5f7adb91ea99b28c0d22f1f33a280f2a9efc4f2eb964da9e" }, "geometry": { "type": "Point", "coordinates": [ -74.196696, 40.575234 ] } },
{ "type": "Feature", "properties": { "agency": "DSNY", "station_name": "DSNY - 2500 Richmond Ave, Staten Island", "charger_types": [ "Level 2 Charger" ], "no_of_ports": 4, "street": "2500 Richmond Ave", "city": "Heartland Village", "postcode": "10314", "borough": "Staten Island", "public_charger_": "No", "fee_for_city_drivers": "No", "latitude": 40.586997, "longitude": -74.168316, "community_district": 502.0, "council_district": 51.0, "census_tract": 22802.0, "bin": 5041599.0, "bbl": 5025200001.0, "nta": "SI0291", "station_id": "urn:agentwin:city:ev-charging-station:db1362d5776b43e2c82928bb9db2387a68ffed87a8fc7120220a214bd16d84b8" }, "geometry": { "type": "Point", "coordinates": [ -74.168316, 40.586997 ] } },
{ "type": "Feature", "properties": { "agency": "DSNY", "station_name": "DSNY - 450 West Service Road, Staten Island", "charger_types": [ "Level 2 Charger" ], "no_of_ports": 2, "street": "450 West Service Road", "city": "Staten Island", "postcode": "10314", "borough": "Staten Island", "public_charger_": "No", "fee_for_city_drivers": "No", "latitude": 40.583744, "longitude": -74.193041, "community_district": 502.0, "council_district": 50.0, "census_tract": 22802.0, "bin": 5141714.0, "bbl": 5026850100.0, "nta": "SI0291", "station_id": "urn:agentwin:city:ev-charging-station:9b1608b8bfea49cf8cd2ff9c1fda998edfc5b12596ce9950d4e87f30ad14af44" }, "geometry": { "type": "Point", "coordinates": [ -74.193041, 40.583744 ] } },
{ "type": "Feature", "properties": { "agency": "DSNY", "station_name": "DSNY - 600 West Service Road, Staten Island", "charger_types": [ "EV Solar Arc Charger" ], "no_of_ports": 1, "street": "600 West Service Road", "city": "Travis - Chelsea", "postcode": "10314", "borough": "Staten Island", "public_charger_": "No", "fee_for_city_drivers": "No", "latitude": 40.583069, "longitude": -74.192892, "community_district": 502.0, "council_district": 50.0, "census_tract": 22802.0, "bin": 5141714.0, "bbl": 5026850100.0, "nta": "SI0291", "station_id": "urn:agentwin:city:ev-charging-station:e0979af6f4e05d862bfc4cee78e0d4211e17487b3091348231ae8859220dc0e0" }, "geometry": { "type": "Point", "coordinates": [ -74.192892, 40.583069 ] } },
{ "type": "Feature", "properties": { "agency": "FDNY", "station_name": "FDNY - 48-34 35Th St, Queens", "charger_types": [ "Level 2 Charger" ], "no_of_ports": 3, "street": "48-34 35Th St", "city": "Long Island City", "postcode": "11101", "borough": "Queens", "public_charger_": "No", "fee_for_city_drivers": "No", "latitude": 40.740165, "longitude": -73.930693, "community_district": 402.0, "council_district": 26.0, "census_tract": 19901.0, "bin": 4003451.0, "bbl": 4002540001.0, "nta": "QN0202", "station_id": "urn:agentwin:city:ev-charging-station:7f1ed844ce3af9f7693d979c82acfc1f9c880a5db0924e5edd7bd83854f33a2b" }, "geometry": { "type": "Point", "coordinates": [ -73.930693, 40.740165 ] } },
{ "type": "Feature", "properties": { "agency": "FDNY", "station_name": "FDNY - 48-58 35Th St, Queens", "charger_types": [ "Level 2 Charger" ], "no_of_ports": 1, "street": "48-58 35Th St", "city": "Long Island City", "postcode": "11101", "borough": "Queens", "public_charger_": "No", "fee_for_city_drivers": "No", "latitude": 40.740126, "longitude": -73.9307, "community_district": 402.0, "council_district": 26.0, "census_tract": 19901.0, "bin": 4003451.0, "bbl": 4002540001.0, "nta": "QN0202", "station_id": "urn:agentwin:city:ev-charging-station:6905825e8573edf6021162b3701e3d34551fb5e65e7fb011bbbe45fdb02c8ab2" }, "geometry": { "type": "Point", "coordinates": [ -73.9307, 40.740126 ] } },
{ "type": "Feature", "properties": { "agency": "FDNY", "station_name": "FDNY - 35 Empire Blvd, Brooklyn", "charger_types": [ "Level 2 Charger" ], "no_of_ports": 1, "street": "35 Empire Blvd", "city": "Brooklyn", "postcode": "11205", "borough": "Brooklyn", "public_charger_": "No", "fee_for_city_drivers": "No", "latitude": 40.663276, "longitude": -73.961227, "community_district": 355.0, "council_district": 35.0, "census_tract": 177.0, "bin": 3029669.0, "bbl": 3011830051.0, "nta": "BK5591", "station_id": "urn:agentwin:city:ev-charging-station:8420c0afa9b82c5ed2225582754ec1e806e2259a578b4a844a4b939825686e28" }, "geometry": { "type": "Point", "coordinates": [ -73.961227, 40.663276 ] } },
{ "type": "Feature", "properties": { "agency": "FDNY", "station_name": "FDNY - 418 A Weaver Ave, Queens", "charger_types": [ "Level 2 Charger" ], "no_of_ports": 1, "street": "418 A Weaver Ave", "city": "Queens", "postcode": "11359", "borough": "Queens", "public_charger_": "No", "fee_for_city_drivers": "No", "latitude": 40.793414, "longitude": -73.775096, "community_district": 407.0, "council_district": 19.0, "census_tract": 999.0, "bin": 4459162.0, "bbl": 4059170001.0, "nta": "QN0761", "station_id": "urn:agentwin:city:ev-charging-station:0957ae905834c00f32986bedc774fee31e93ee3c135ddc600cdf6239d6b48364" }, "geometry": { "type": "Point", "coordinates": [ -73.775096, 40.793414 ] } },
{ "type": "Feature", "properties": { "agency": "FDNY", "station_name": "FDNY - 5600 1st Ave, Brooklyn", "charger_types": [ "Level 2 Charger" ], "no_of_ports": 2, "street": "5600 1st Ave", "city": "Brooklyn", "postcode": "11220", "borough": "Brooklyn", "public_charger_": "No", "fee_for_city_drivers": "No", "latitude": 40.646985, "longitude": -74.022721, "community_district": 307.0, "council_district": 38.0, "census_tract": 1803.0, "bin": 3255737.0, "bbl": 3008190001.0, "nta": "BK0702", "station_id": "urn:agentwin:city:ev-charging-station:dded177871bd858a974788418f38008cb30709dc8c70630a7e22a249e9908531" }, "geometry": { "type": "Point", "coordinates": [ -74.022721, 40.646985 ] } },
{ "type": "Feature", "properties": { "agency": "FDNY", "station_name": "FDNY - 453 E 176th St, Bronx", "charger_types": [ "Level 2 Charger" ], "no_of_ports": 1, "street": "453 E 176th St", "city": "Bronx", "postcode": "10457", "borough": "Bronx", "public_charger_": "No", "fee_for_city_drivers": "No", "latitude": 40.846206, "longitude": -73.899394, "community_district": 206.0, "council_district": 15.0, "census_tract": 395.0, "bin": 2009541.0, "bbl": 2029090040.0, "nta": "BX0602", "station_id": "urn:agentwin:city:ev-charging-station:34daafa5c9a559e8bd22f725542a8f19d6bbf545323b4d9adfa233be52551359" }, "geometry": { "type": "Point", "coordinates": [ -73.899394, 40.846206 ] } },
{ "type": "Feature", "properties": { "agency": "FDNY", "station_name": "FDNY - 1647 Washington Ave, Bronx", "charger_types": [ "Level 3 Fast Charger" ], "no_of_ports": 1, "street": "1647 Washington Ave", "city": "The Bronx", "postcode": "10457", "borough": "Bronx", "public_charger_": "No", "fee_for_city_drivers": "No", "latitude": 40.840839, "longitude": -73.901556, "community_district": 203.0, "council_district": 15.0, "census_tract": 167.0, "bin": 2117924.0, "bbl": 2029050030.0, "nta": "BX0302", "station_id": "urn:agentwin:city:ev-charging-station:bff352d7d0f261492e656897b4e106118d69d14ca64ba0356f30a339298e1db7" }, "geometry": { "type": "Point", "coordinates": [ -73.901556, 40.840839 ] } },
{ "type": "Feature", "properties": { "agency": "FDNY", "station_name": "FDNY - 100 Duane Street, Manhattan", "charger_types": [ "Level 2 Charger" ], "no_of_ports": 1, "street": "100 Duane Street", "city": "New York", "postcode": "10007", "borough": "Manhattan", "public_charger_": "No", "fee_for_city_drivers": "No", "latitude": 40.715463, "longitude": -74.005938, "community_district": 101.0, "council_district": 1.0, "census_tract": 33.0, "bin": 1001647.0, "bbl": 1001500025.0, "nta": "MN0102", "station_id": "urn:agentwin:city:ev-charging-station:151db265e17e54187313bb4a976c6cead4d431f7f58c44a48ffdabcf4b6fddac" }, "geometry": { "type": "Point", "coordinates": [ -74.005938, 40.715463 ] } },
{ "type": "Feature", "properties": { "agency": "FDNY", "station_name": "FDNY - Randalls Island Fire Academy, Manhattan", "charger_types": [ "Level 2 Charger" ], "no_of_ports": 2, "street": "Randalls Island Fire Academy", "city": "New York", "postcode": "10035", "borough": "Manhattan", "public_charger_": "No", "fee_for_city_drivers": "No", "latitude": 40.795535, "longitude": -73.922671, "community_district": 111.0, "council_district": 8.0, "census_tract": 240.0, "bin": 1000000.0, "bbl": 1018190203.0, "nta": "MN1191", "station_id": "urn:agentwin:city:ev-charging-station:eacdd5844ec1ba2e7980c0fdc9159aedbc02db1ac7434fb2ffc964ec31a62fa1" }, "geometry": { "type": "Point", "coordinates": [ -73.922671, 40.795535 ] } },
{ "type": "Feature", "properties": { "agency": "FDNY", "station_name": "FDNY - 400 Murray Ave, Queens", "charger_types": [ "Level 2 Charger" ], "no_of_ports": 1, "street": "400 Murray Ave", "city": "Queens", "postcode": "11359", "borough": "Queens", "public_charger_": "No", "fee_for_city_drivers": "No", "latitude": 40.79273, "longitude": -73.777616, "community_district": 407.0, "council_district": 19.0, "census_tract": 999.0, "bin": 4453917.0, "bbl": 4059170001.0, "nta": "QN0761", "station_id": "urn:agentwin:city:ev-charging-station:f4686866c64fe5e2e6ce6aa511f4bf5ce0207f9ac6b6d0e11f4b4fce1763c760" }, "geometry": { "type": "Point", "coordinates": [ -73.777616, 40.79273 ] } },
{ "type": "Feature", "properties": { "agency": "FDNY", "station_name": "FDNY - 402 Murray Ave, Queens", "charger_types": [ "Level 2 Charger" ], "no_of_ports": 2, "street": "402 Murray Ave", "city": "Queens", "postcode": "11359", "borough": "Queens", "public_charger_": "No", "fee_for_city_drivers": "No", "latitude": 40.79314, "longitude": -73.777925, "community_district": 407.0, "council_district": 19.0, "census_tract": 999.0, "bin": 4539822.0, "bbl": 4059170001.0, "nta": "QN0761", "station_id": "urn:agentwin:city:ev-charging-station:d9c9715a8b5e9145a4b4968546eb62c32697e2038012aecaa1d5894394791848" }, "geometry": { "type": "Point", "coordinates": [ -73.777925, 40.79314 ] } },
{ "type": "Feature", "properties": { "agency": "FDNY", "station_name": "FDNY - 30-30 Review Ave, Queens", "charger_types": [ "Level 2 Charger" ], "no_of_ports": 2, "street": "30-30 Review Ave", "city": "Queens", "postcode": "11101", "borough": "Queens", "public_charger_": "No", "fee_for_city_drivers": "No", "latitude": 40.736818, "longitude": -73.939753, "community_district": 402.0, "council_district": 26.0, "census_tract": 19902.0, "bin": 4003565.0, "bbl": 4002940173.0, "nta": "QN0202", "station_id": "urn:agentwin:city:ev-charging-station:1268066d5b2d8b96566c54aeb6068ce1db69d00866f507b054a8a44c1ea840ef" }, "geometry": { "type": "Point", "coordinates": [ -73.939753, 40.736818 ] } },
{ "type": "Feature", "properties": { "agency": "FDNY", "station_name": "FDNY - 9 Metrotech Center, Brooklyn", "charger_types": [ "Level 2 Charger" ], "no_of_ports": 10, "street": "9 Metrotech Center", "city": "Brooklyn", "postcode": "11201", "borough": "Brooklyn", "public_charger_": "No", "fee_for_city_drivers": "No", "latitude": 40.69486, "longitude": -73.984674, "community_district": 302.0, "council_district": 33.0, "census_tract": 1502.0, "bin": 3058187.0, "bbl": 3020470011.0, "nta": "BK0202", "station_id": "urn:agentwin:city:ev-charging-station:f4e5db4a69493e8984dcef1a7f3bdb5186ef2154538c03c9acabb5b1107f17c4" }, "geometry": { "type": "Point", "coordinates": [ -73.984674, 40.69486 ] } },
{ "type": "Feature", "properties": { "agency": "FDNY", "station_name": "FDNY - 475 Brielle Ave, Staten Island", "charger_types": [ "Level 2 Charger" ], "no_of_ports": 2, "street": "475 Brielle Ave", "city": "Staten Island", "postcode": "10314", "borough": "Staten Island", "public_charger_": "No", "fee_for_city_drivers": "No", "latitude": 40.593273, "longitude": -74.135732, "community_district": 502.0, "council_district": 50.0, "census_tract": 27302.0, "bin": 5134761.0, "bbl": 5019550001.0, "nta": "SI0203", "station_id": "urn:agentwin:city:ev-charging-station:1cb21c4a3f7f97e2f2973dab9d5eefa3a1db3cf6819eedfd8d689f66a0e58d78" }, "geometry": { "type": "Point", "coordinates": [ -74.135732, 40.593273 ] } },
{ "type": "Feature", "properties": { "agency": "FDNY", "station_name": "FDNY - 135-16 38th Ave, Queens", "charger_types": [ "Level 2 Charger" ], "no_of_ports": 1, "street": "135-16 38th Ave", "city": "Queens", "postcode": "11354", "borough": "Queens", "public_charger_": "No", "fee_for_city_drivers": "No", "latitude": 40.760328, "longitude": -73.832112, "community_district": 407.0, "council_district": 20.0, "census_tract": 871.0, "bin": 4112309.0, "bbl": 4049750031.0, "nta": "QN0707", "station_id": "urn:agentwin:city:ev-charging-station:680cacc574420c967bcae4fff4b04d850c86b2203344b2b324198b264e8d823e" }, "geometry": { "type": "Point", "coordinates": [ -73.832112, 40.760328 ] } },
{ "type": "Feature", "properties": { "agency": "HPD", "station_name": "HPD - 701 Euclid Ave, Brooklyn", "charger_types": [ "Level 3 Fast Charger" ], "no_of_ports": 2, "street": "701 Euclid Ave", "city": "East New York", "postcode": "11208", "borough": "Brooklyn", "public_charger_": "No", "fee_for_city_drivers": "No", "latitude": 40.669676, "longitude": -73.870515, "community_district": 305.0, "council_district": 42.0, "census_tract": 120801.0, "bin": 3098536.0, "bbl": 3044610001.0, "nta": "BK0505", "station_id": "urn:agentwin:city:ev-charging-station:52cf1b344822402e5d9f024cf9dc1f9afc668cb1c47d4ef90ce83faf582d68f4" }, "geometry": { "type": "Point", "coordinates": [ -73.870515, 40.669676 ] } },
{ "type": "Feature", "properties": { "agency": "HRA", "station_name": "HRA - 260 11th Ave, Manhattan", "charger_types": [ "Level 2 Charger" ], "no_of_ports": 16, "street": "260 11th Ave", "city": "New York", "postcode": "10001", "borough": "Manhattan", "public_charger_": "No", "fee_for_city_drivers": "No", "latitude": 40.75131, "longitude": -74.005233, "community_district": 104.0, "council_district": 3.0, "census_tract": 9902.0, "bin": 1012389.0, "bbl": 1006980001.0, "nta": "MN0401", "station_id": "urn:agentwin:city:ev-charging-station:b01b5154c27d74819b01d2aac220ad2b2b8a4d854c81f3c3ceb8b0bc03726fde" }, "geometry": { "type": "Point", "coordinates": [ -74.005233, 40.75131 ] } },
{ "type": "Feature", "properties": { "agency": "HRA", "station_name": "HRA - 95 Evergreen Avenue, Brooklyn", "charger_types": [ "Level 3 Fast Charger" ], "no_of_ports": 2, "street": "95 Evergreen Avenue", "city": "Brooklyn", "postcode": "11206", "borough": "Brooklyn", "public_charger_": "No", "fee_for_city_drivers": "No", "latitude": 40.699927, "longitude": -73.932531, "community_district": 304.0, "council_district": 34.0, "census_tract": 425.0, "bin": 3071940.0, "bbl": 3031560001.0, "nta": "BK0401", "station_id": "urn:agentwin:city:ev-charging-station:24498caee6de7091b121d367a6bea547bfe1e9ddc74f6a41131bdb2190c1c9df" }, "geometry": { "type": "Point", "coordinates": [ -73.932531, 40.699927 ] } },
{ "type": "Feature", "properties": { "agency": "HRA", "station_name": "HRA - 10300 Foster Avenue, Brooklyn", "charger_types": [ "EV Solar Arc Charger" ], "no_of_ports": 1, "street": "10300 Foster Avenue", "city": "Brooklyn", "postcode": "11236", "borough": "Brooklyn", "public_charger_": "No", "fee_for_city_drivers": "No", "latitude": 40.651177, "longitude": -73.901274, "community_district": 318.0, "council_district": 42.0, "census_tract": 1098.0, "bin": 3229150.0, "bbl": 3081490300.0, "nta": "BK0503", "station_id": "urn:agentwin:city:ev-charging-station:0b702c9f9dc7fff2b94cce66e9d8aa58b8a20e111f1c2c083ebc8d60185adf99" }, "geometry": { "type": "Point", "coordinates": [ -73.901274, 40.651177 ] } },
{ "type": "Feature", "properties": { "agency": "NYCHA", "station_name": "NYCHA - 23 Ash St, Brooklyn", "charger_types": [ "Level 2 Charger" ], "no_of_ports": 6, "street": "23 Ash St", "city": "Greenpoint", "postcode": "11222", "borough": "Brooklyn", "public_charger_": "No", "fee_for_city_drivers": "No", "latitude": 40.738096, "longitude": -73.954533, "community_district": 301.0, "council_district": 33.0, "census_tract": 57901.0, "bin": 3063679.0, "bbl": 3024770060.0, "nta": "BK0101", "station_id": "urn:agentwin:city:ev-charging-station:3e7afb9d9ce81df149bac5e6f0330867354b369b5f69289b6b8c87fb0763c7f4" }, "geometry": { "type": "Point", "coordinates": [ -73.954533, 40.738096 ] } },
{ "type": "Feature", "properties": { "agency": "NYCHA", "station_name": "NYCHA - 1260 Sutter Ave, Brooklyn", "charger_types": [ "EV Solar Arc Charger" ], "no_of_ports": 1, "street": "1260 Sutter Ave", "city": "Brooklyn", "postcode": "11208", "borough": "Brooklyn", "public_charger_": "No", "fee_for_city_drivers": "No", "latitude": 40.672807, "longitude": -73.871627, "community_district": 305.0, "council_district": 42.0, "census_tract": 1210.0, "bin": 3337020.0, "bbl": 3042920061.0, "nta": "BK0505", "station_id": "urn:agentwin:city:ev-charging-station:341b0cf828ff024db54e4a24dde9d32f2cfda19f1815439b236b30ebfcfd07c4" }, "geometry": { "type": "Point", "coordinates": [ -73.871627, 40.672807 ] } },
{ "type": "Feature", "properties": { "agency": "NYCHA", "station_name": "NYCHA - 67 35th St, Brooklyn", "charger_types": [ "EV Solar Arc Charger" ], "no_of_ports": 1, "street": "67 35th St", "city": "Brooklyn", "postcode": "11232", "borough": "Brooklyn", "public_charger_": "No", "fee_for_city_drivers": "No", "latitude": 40.656695, "longitude": -74.006815, "community_district": 307.0, "council_district": 38.0, "census_tract": 1802.0, "bin": 3336900.0, "bbl": 3006870001.0, "nta": "BK0702", "station_id": "urn:agentwin:city:ev-charging-station:9843703e2fc7d06999e57d977d359da1523bfa96006c9d9f31fa614053fdbee3" }, "geometry": { "type": "Point", "coordinates": [ -74.006815, 40.656695 ] } },
{ "type": "Feature", "properties": { "agency": "NYCHA", "station_name": "NYCHA - 1980 Lexington Ave, Manhattan", "charger_types": [ "Level 2 Charger" ], "no_of_ports": 1, "street": "1980 Lexington Ave", "city": "New York", "postcode": "10035", "borough": "Manhattan", "public_charger_": "No", "fee_for_city_drivers": "No", "latitude": 40.801789, "longitude": -73.939319, "community_district": 111.0, "council_district": 9.0, "census_tract": 196.0, "bin": 1054377.0, "bbl": 1017690005.0, "nta": "MN1102", "station_id": "urn:agentwin:city:ev-charging-station:b5bf90538c6c8d717851454c2782db3163d291e9f08d4bafbf6e5c93d208d719" }, "geometry": { "type": "Point", "coordinates": [ -73.939319, 40.801789 ] } },
{ "type": "Feature", "properties": { "agency": "NYCHA", "station_name": "NYCHA - 90-20 170Th St, Queens", "charger_types": [ "Level 2 Charger" ], "no_of_ports": 1, "street": "90-20 170Th St", "city": "Jamaica", "postcode": "11432", "borough": "Queens", "public_charger_": "No", "fee_for_city_drivers": "No", "latitude": 40.708578, "longitude": -73.790579, "community_district": 412.0, "council_district": 27.0, "census_tract": 460.0, "bin": 4209721.0, "bbl": 4098020041.0, "nta": "QN1201", "station_id": "urn:agentwin:city:ev-charging-station:59bdc4fef993ed3d7e9101b068b6b8bf756d150afbfbe329d884f29f7c3a62b5" }, "geometry": { "type": "Point", "coordinates": [ -73.790579, 40.708578 ] } },
{ "type": "Feature", "properties": { "agency": "NYCHA", "station_name": "NYCHA - 35-35 21st St, Queens", "charger_types": [ "EV Solar Arc Charger" ], "no_of_ports": 1, "street": "35-35 21st St", "city": "Queens", "postcode": "11106", "borough": "Queens", "public_charger_": "No", "fee_for_city_drivers": "No", "latitude": 40.760888, "longitude": -73.935819, "community_district": 401.0, "council_district": 26.0, "census_tract": 47.0, "bin": 4430706.0, "bbl": 4003350002.0, "nta": "QN0105", "station_id": "urn:agentwin:city:ev-charging-station:3b6d22123937bf6813a43f9a33172b9e6606e9d59967013cff7db1916d2f7fbb" }, "geometry": { "type": "Point", "coordinates": [ -73.935819, 40.760888 ] } },
{ "type": "Feature", "properties": { "agency": "NYCHA", "station_name": "NYCHA - 1741 Bruckner Blvd, Bronx", "charger_types": [ "EV Solar Arc Charger" ], "no_of_ports": 1, "street": "1741 Bruckner Blvd", "city": "The Bronx", "postcode": "10472", "borough": "Bronx", "public_charger_": "No", "fee_for_city_drivers": "No", "latitude": 40.825243, "longitude": -73.867481, "community_district": 209.0, "council_district": 18.0, "census_tract": 44.0, "bin": null, "bbl": null, "nta": "BX0901", "station_id": "urn:agentwin:city:ev-charging-station:61c6dd692563efee6d696f5b9e5c2fb6146c35e285daf02fa97026eb22c0286c" }, "geometry": { "type": "Point", "coordinates": [ -73.867481, 40.825243 ] } },
{ "type": "Feature", "properties": { "agency": "NYCHA", "station_name": "NYCHA - 3 St. James Pl, Manhattan", "charger_types": [ "EV Solar Arc Charger", "Level 2 Charger" ], "no_of_ports": 3, "street": "3 St. James Pl", "city": "New York", "postcode": "10038", "borough": "Manhattan", "public_charger_": "No", "fee_for_city_drivers": "No", "latitude": 40.71108, "longitude": -74.000397, "community_district": 103.0, "council_district": 1.0, "census_tract": 25.0, "bin": 1077416.0, "bbl": 1001110100.0, "nta": "MN0301", "station_id": "urn:agentwin:city:ev-charging-station:7f18862ed5d27edec2c396d3a8d134b0cf53a90d77ba7414b3a5d1163251e2b7" }, "geometry": { "type": "Point", "coordinates": [ -74.000397, 40.71108 ] } },
{ "type": "Feature", "properties": { "agency": "NYPD", "station_name": "NYPD - 87-34 118th St, Queens", "charger_types": [ "Level 2 Charger" ], "no_of_ports": 2, "street": "87-34 118th St", "city": "Queens", "postcode": "11418", "borough": "Queens", "public_charger_": "No", "fee_for_city_drivers": "No", "latitude": 40.699311, "longitude": -73.83157, "community_district": 409.0, "council_district": 29.0, "census_tract": 122.0, "bin": 4195880.0, "bbl": 4093270021.0, "nta": "QN0902", "station_id": "urn:agentwin:city:ev-charging-station:45c31f100a8ba70c7b0282fb1ad1550def1675c5b4f6a9b6f42f4d8168930ca9" }, "geometry": { "type": "Point", "coordinates": [ -73.83157, 40.699311 ] } },
{ "type": "Feature", "properties": { "agency": "NYPD", "station_name": "NYPD - 103-53 101st St, Queens", "charger_types": [ "Level 2 Charger" ], "no_of_ports": 1, "street": "103-53 101st St", "city": "Queens", "postcode": "11417", "borough": "Queens", "public_charger_": "No", "fee_for_city_drivers": "No", "latitude": 40.682344, "longitude": -73.840046, "community_district": 410.0, "council_district": 29.0, "census_tract": 112.0, "bin": 4201325.0, "bbl": 4095050061.0, "nta": "QN0904", "station_id": "urn:agentwin:city:ev-charging-station:e103f83af4ede6d5614a9711e3ae00c7e9a64359d366998b81b7a2661a35cda4" }, "geometry": { "type": "Point", "coordinates": [ -73.840046, 40.682344 ] } },
{ "type": "Feature", "properties": { "agency": "NYPD", "station_name": "NYPD - 71-01 Parsons Blvd, Queens", "charger_types": [ "Level 2 Charger" ], "no_of_ports": 1, "street": "71-01 Parsons Blvd", "city": "Queens", "postcode": "11365", "borough": "Queens", "public_charger_": "No", "fee_for_city_drivers": "No", "latitude": 40.7301, "longitude": -73.810908, "community_district": 408.0, "council_district": 24.0, "census_tract": 122704.0, "bin": 4445325.0, "bbl": 4067970040.0, "nta": "QN0802", "station_id": "urn:agentwin:city:ev-charging-station:a6523cd762275e0ccb37f8b734e3d2ed55dd419f1d0007d9afa26be061a98b5f" }, "geometry": { "type": "Point", "coordinates": [ -73.810908, 40.7301 ] } },
{ "type": "Feature", "properties": { "agency": "NYPD", "station_name": "NYPD - 68-40 Austin St, Queens", "charger_types": [ "Level 2 Charger" ], "no_of_ports": 1, "street": "68-40 Austin St", "city": "Forest Hills", "postcode": "11375", "borough": "Queens", "public_charger_": "No", "fee_for_city_drivers": "No", "latitude": 40.722429, "longitude": -73.850982, "community_district": 406.0, "council_district": 29.0, "census_tract": 711.0, "bin": 4077446.0, "bbl": 4032340022.0, "nta": "QN0602", "station_id": "urn:agentwin:city:ev-charging-station:83533d58c363ac90eae731800d11f2b5a75f250addb2a44c09349ac833091962" }, "geometry": { "type": "Point", "coordinates": [ -73.850982, 40.722429 ] } },
{ "type": "Feature", "properties": { "agency": "NYPD", "station_name": "NYPD - 167-02 Baisley Blvd, Queens", "charger_types": [ "Level 2 Charger" ], "no_of_ports": 1, "street": "167-02 Baisley Blvd", "city": "Jamaica", "postcode": "11434", "borough": "Queens", "public_charger_": "No", "fee_for_city_drivers": "No", "latitude": 40.679976, "longitude": -73.776214, "community_district": 412.0, "council_district": 28.0, "census_tract": 33403.0, "bin": 4270044.0, "bbl": 4124950045.0, "nta": "QN1204", "station_id": "urn:agentwin:city:ev-charging-station:f6e5a1ed7fc183a2dd2c60854d5d0737a32823fc6358c2ce031cfb548a236fa8" }, "geometry": { "type": "Point", "coordinates": [ -73.776214, 40.679976 ] } },
{ "type": "Feature", "properties": { "agency": "NYPD", "station_name": "NYPD - 3416 Astoria Blvd, Queens", "charger_types": [ "Level 3 Fast Charger" ], "no_of_ports": 1, "street": "3416 Astoria Blvd", "city": "Long Island City", "postcode": "11103", "borough": "Queens", "public_charger_": "No", "fee_for_city_drivers": "No", "latitude": 40.769581, "longitude": -73.915593, "community_district": 401.0, "council_district": 22.0, "census_tract": 6501.0, "bin": 4009361.0, "bbl": 4006320030.0, "nta": "QN0103", "station_id": "urn:agentwin:city:ev-charging-station:b8065ced72f4b0ab9949abf3adeec8c0aced7ecb949eddc6ed92247ddabfa245" }, "geometry": { "type": "Point", "coordinates": [ -73.915593, 40.769581 ] } },
{ "type": "Feature", "properties": { "agency": "NYPD", "station_name": "NYPD - 92-01 Northern Blvd, Queens", "charger_types": [ "Level 3 Fast Charger" ], "no_of_ports": 1, "street": "92-01 Northern Blvd", "city": "Flushing", "postcode": "11372", "borough": "Queens", "public_charger_": "No", "fee_for_city_drivers": "No", "latitude": 40.75656, "longitude": -73.87593, "community_district": 403.0, "council_district": 21.0, "census_tract": 351.0, "bin": 4034862.0, "bbl": 4014220034.0, "nta": "QN0301", "station_id": "urn:agentwin:city:ev-charging-station:c08839bf5c42d5a193e26becb5a5210cf9cbd2e7c4e3077f609604a097bff052" }, "geometry": { "type": "Point", "coordinates": [ -73.87593, 40.75656 ] } },
{ "type": "Feature", "properties": { "agency": "NYPD", "station_name": "NYPD - 244-04 North Conduit Avenue, Queens", "charger_types": [ "Level 2 Charger", "Level 3 Fast Charger" ], "no_of_ports": 9, "street": "244-04 North Conduit Avenue", "city": "Queens", "postcode": "11422", "borough": "Queens", "public_charger_": "No", "fee_for_city_drivers": "No", "latitude": 40.666567, "longitude": -73.733465, "community_district": 413.0, "council_district": 31.0, "census_tract": 65401.0, "bin": 4518258.0, "bbl": 4132650030.0, "nta": "QN1307", "station_id": "urn:agentwin:city:ev-charging-station:e30cc7a693b402d12392daaf73f838ca55690cfd456e6426dece626eb2d3dab2" }, "geometry": { "type": "Point", "coordinates": [ -73.733465, 40.666567 ] } },
{ "type": "Feature", "properties": { "agency": "NYPD", "station_name": "NYPD - 242-20 N Conduit Ave, Queens", "charger_types": [ "Level 2 Charger" ], "no_of_ports": 1, "street": "242-20 N Conduit Ave", "city": "Queens", "postcode": "11422", "borough": "Queens", "public_charger_": "No", "fee_for_city_drivers": "No", "latitude": 40.666572, "longitude": -73.735563, "community_district": 413.0, "council_district": 31.0, "census_tract": 65401.0, "bin": 4620957.0, "bbl": 4132650030.0, "nta": "QN1307", "station_id": "urn:agentwin:city:ev-charging-station:7831be1033f27cc6e0979f128a7ffbd3f624f887356f74efad4c9c0b18c2bf8e" }, "geometry": { "type": "Point", "coordinates": [ -73.735563, 40.666572 ] } },
{ "type": "Feature", "properties": { "agency": "NYPD", "station_name": "NYPD - 970 Richmond Ave, Staten Island", "charger_types": [ "Level 2 Charger" ], "no_of_ports": 5, "street": "970 Richmond Ave", "city": "Staten Island", "postcode": "10314", "borough": "Staten Island", "public_charger_": "No", "fee_for_city_drivers": "No", "latitude": 40.623595, "longitude": -74.149133, "community_district": 501.0, "council_district": 49.0, "census_tract": 30302.0, "bin": 5165197.0, "bbl": 5017040001.0, "nta": "SI0107", "station_id": "urn:agentwin:city:ev-charging-station:d5896806b482d2dc59c7d34a16627255262c928d29e96c2ba4dfb240b4a44295" }, "geometry": { "type": "Point", "coordinates": [ -74.149133, 40.623595 ] } },
{ "type": "Feature", "properties": { "agency": "NYPD", "station_name": "NYPD - 116 Main St, Staten Island", "charger_types": [ "Level 2 Charger" ], "no_of_ports": 1, "street": "116 Main St", "city": "Staten Island", "postcode": "10307", "borough": "Staten Island", "public_charger_": "No", "fee_for_city_drivers": "No", "latitude": 40.512, "longitude": -74.249725, "community_district": 503.0, "council_district": 51.0, "census_tract": 248.0, "bin": 5088926.0, "bbl": 5080280056.0, "nta": "SI0305", "station_id": "urn:agentwin:city:ev-charging-station:9a9cce3849a86607f9d3027cc42c40480cbabcc7f8658565a8228b3f8e57918b" }, "geometry": { "type": "Point", "coordinates": [ -74.249725, 40.512 ] } },
{ "type": "Feature", "properties": { "agency": "NYPD", "station_name": "NYPD - 167 E 51st St, Manhattan", "charger_types": [ "Level 2 Charger" ], "no_of_ports": 1, "street": "167 E 51st St", "city": "New York", "postcode": "10022", "borough": "Manhattan", "public_charger_": "No", "fee_for_city_drivers": "No", "latitude": 40.756812, "longitude": -73.971142, "community_district": 106.0, "council_district": 4.0, "census_tract": 100.0, "bin": 1036462.0, "bbl": 1013060033.0, "nta": "MN0604", "station_id": "urn:agentwin:city:ev-charging-station:ca92aa4ecd85ea360a061ce9f131d1a2a31af39754cc17d85b6266703ff02e27" }, "geometry": { "type": "Point", "coordinates": [ -73.971142, 40.756812 ] } },
{ "type": "Feature", "properties": { "agency": "NYPD", "station_name": "NYPD - 844 3rd Ave, Manhattan", "charger_types": [ "Level 2 Charger" ], "no_of_ports": 1, "street": "844 3rd Ave", "city": "New York", "postcode": "10022", "borough": "Manhattan", "public_charger_": "No", "fee_for_city_drivers": "No", "latitude": 40.756738, "longitude": -73.970117, "community_district": 106.0, "council_district": 4.0, "census_tract": 100.0, "bin": 1036462.0, "bbl": 1013060033.0, "nta": "MN0604", "station_id": "urn:agentwin:city:ev-charging-station:ece17e6ee6bbe9ab843fc86a9a2b739df7302f2ffd5f50e8ccbbe395dbbabc5b" }, "geometry": { "type": "Point", "coordinates": [ -73.970117, 40.756738 ] } },
{ "type": "Feature", "properties": { "agency": "NYPD", "station_name": "NYPD - 157 E 67th St, Manhattan", "charger_types": [ "Level 3 Fast Charger" ], "no_of_ports": 1, "street": "157 E 67th St", "city": "New York", "postcode": "10065", "borough": "Manhattan", "public_charger_": "No", "fee_for_city_drivers": "No", "latitude": 40.76696, "longitude": -73.963856, "community_district": 108.0, "council_district": 4.0, "census_tract": 120.0, "bin": 1072190.0, "bbl": 1014020029.0, "nta": "MN0802", "station_id": "urn:agentwin:city:ev-charging-station:e0f5509cafab6a5bf253cf9614ec4893aba0e1ed0541b38160108438e22752b4" }, "geometry": { "type": "Point", "coordinates": [ -73.963856, 40.76696 ] } },
{ "type": "Feature", "properties": { "agency": "NYPD", "station_name": "NYPD - 120 E 119th St, Manhattan", "charger_types": [ "Level 2 Charger" ], "no_of_ports": 3, "street": "120 E 119th St", "city": "New York", "postcode": "10035", "borough": "Manhattan", "public_charger_": "No", "fee_for_city_drivers": "No", "latitude": 40.800892, "longitude": -73.941025, "community_district": 111.0, "council_district": 9.0, "census_tract": 182.0, "bin": 1054360.0, "bbl": 1017670062.0, "nta": "MN1102", "station_id": "urn:agentwin:city:ev-charging-station:99bb3c3ba04047995d860bf6ead22dd916f96ef1409bc198b819274cb4371871" }, "geometry": { "type": "Point", "coordinates": [ -73.941025, 40.800892 ] } },
{ "type": "Feature", "properties": { "agency": "NYPD", "station_name": "NYPD - 451 W 151st St, Manhattan", "charger_types": [ "Level 2 Charger", "Level 3 Fast Charger" ], "no_of_ports": 4, "street": "451 W 151st St", "city": "New York", "postcode": "10031", "borough": "Manhattan", "public_charger_": "No", "fee_for_city_drivers": "No", "latitude": 40.828615, "longitude": -73.943847, "community_district": 109.0, "council_district": 7.0, "census_tract": 23501.0, "bin": 1081826.0, "bbl": 1020660009.0, "nta": "MN0903", "station_id": "urn:agentwin:city:ev-charging-station:4b368dc8ba7903d7a818ce5d10b8ba4ba1824c035960cbd5ac5beafa237aeb04" }, "geometry": { "type": "Point", "coordinates": [ -73.943847, 40.828615 ] } },
{ "type": "Feature", "properties": { "agency": "NYPD", "station_name": "NYPD - 242 W 135th St, Manhattan", "charger_types": [ "Level 2 Charger" ], "no_of_ports": 1, "street": "242 W 135th St", "city": "New York", "postcode": "10030", "borough": "Manhattan", "public_charger_": "No", "fee_for_city_drivers": "No", "latitude": 40.815834, "longitude": -73.944978, "community_district": 110.0, "council_district": 9.0, "census_tract": 228.0, "bin": 1075467.0, "bbl": 1019400048.0, "nta": "MN1002", "station_id": "urn:agentwin:city:ev-charging-station:57c3b4e4d531f7fff732fd4cfe8dd5a2d32691642369567378b85ae5cafdbe7e" }, "geometry": { "type": "Point", "coordinates": [ -73.944978, 40.815834 ] } },
{ "type": "Feature", "properties": { "agency": "NYPD", "station_name": "NYPD - 250 W 135th St, Manhattan", "charger_types": [ "Level 2 Charger" ], "no_of_ports": 1, "street": "250 W 135th St", "city": "New York", "postcode": "10030", "borough": "Manhattan", "public_charger_": "No", "fee_for_city_drivers": "No", "latitude": 40.815908, "longitude": -73.945151, "community_district": 110.0, "council_district": 9.0, "census_tract": 228.0, "bin": 1075467.0, "bbl": 1019400048.0, "nta": "MN1002", "station_id": "urn:agentwin:city:ev-charging-station:08051533e53dbc21115290c4e07a1600d18b38b720d9cd59e63d39592fef924e" }, "geometry": { "type": "Point", "coordinates": [ -73.945151, 40.815908 ] } },
{ "type": "Feature", "properties": { "agency": "NYPD", "station_name": "NYPD - 2207 Amsterdam Ave, Manhattan", "charger_types": [ "Level 2 Charger" ], "no_of_ports": 2, "street": "2207 Amsterdam Ave", "city": "New York", "postcode": "10032", "borough": "Manhattan", "public_charger_": "No", "fee_for_city_drivers": "No", "latitude": 40.840712, "longitude": -73.93564, "community_district": 112.0, "council_district": 10.0, "census_tract": 249.0, "bin": 1086200.0, "bbl": 1021120010.0, "nta": "MN1201", "station_id": "urn:agentwin:city:ev-charging-station:8f8e4b44cab2a831c8dd3c1f7498eb347b5da446366d808e40962d60f520a810" }, "geometry": { "type": "Point", "coordinates": [ -73.93564, 40.840712 ] } },
{ "type": "Feature", "properties": { "agency": "NYPD", "station_name": "NYPD - 4295 Broadway, Manhattan", "charger_types": [ "Level 2 Charger" ], "no_of_ports": 2, "street": "4295 Broadway", "city": "New York", "postcode": "10033", "borough": "Manhattan", "public_charger_": "No", "fee_for_city_drivers": "No", "latitude": 40.85126, "longitude": -73.935186, "community_district": 112.0, "council_district": 10.0, "census_tract": 271.0, "bin": 1064415.0, "bbl": 1021800108.0, "nta": "MN1202", "station_id": "urn:agentwin:city:ev-charging-station:57785c20ef358193e6a205c9c34902f0f05ecb46f74029ecc26a07bcfa69e02f" }, "geometry": { "type": "Point", "coordinates": [ -73.935186, 40.85126 ] } },
{ "type": "Feature", "properties": { "agency": "NYPD", "station_name": "NYPD - 257 Alexander Ave, Bronx", "charger_types": [ "Level 2 Charger" ], "no_of_ports": 1, "street": "257 Alexander Ave", "city": "The Bronx", "postcode": "10454", "borough": "Bronx", "public_charger_": "No", "fee_for_city_drivers": "No", "latitude": 40.810347, "longitude": -73.924941, "community_district": 201.0, "council_district": 8.0, "census_tract": 39.0, "bin": 2000700.0, "bbl": 2023140030.0, "nta": "BX0101", "station_id": "urn:agentwin:city:ev-charging-station:e8f2d7e078204991712bab79546c67228d7551f521cb440cde5ac37a698b0b12" }, "geometry": { "type": "Point", "coordinates": [ -73.924941, 40.810347 ] } },
{ "type": "Feature", "properties": { "agency": "NYPD", "station_name": "NYPD - 555 E 149th St, Bronx", "charger_types": [ "Level 2 Charger" ], "no_of_ports": 2, "street": "555 E 149th St", "city": "The Bronx", "postcode": "10455", "borough": "Bronx", "public_charger_": "No", "fee_for_city_drivers": "No", "latitude": 40.814502, "longitude": -73.913629, "community_district": 201.0, "council_district": 17.0, "census_tract": 71.0, "bin": null, "bbl": null, "nta": "BX0102", "station_id": "urn:agentwin:city:ev-charging-station:8ed7731bc650d89c069c6d700243b929d99ee7629c1639a1711495ebe752d3a6" }, "geometry": { "type": "Point", "coordinates": [ -73.913629, 40.814502 ] } },
{ "type": "Feature", "properties": { "agency": "NYPD", "station_name": "NYPD - 1035 Longwood Avenue, Bronx", "charger_types": [ "Level 2 Charger", "Level 3 Fast Charger" ], "no_of_ports": 4, "street": "1035 Longwood Avenue", "city": "The Bronx", "postcode": "10459", "borough": "Bronx", "public_charger_": "No", "fee_for_city_drivers": "No", "latitude": 40.816198, "longitude": -73.896, "community_district": 202.0, "council_district": 17.0, "census_tract": 89.0, "bin": 2090437.0, "bbl": 2027320001.0, "nta": "BX0201", "station_id": "urn:agentwin:city:ev-charging-station:12c937cf9d318a389c9de57e606910a3edeba510f08973469f3b3ccbb180c030" }, "geometry": { "type": "Point", "coordinates": [ -73.896, 40.816198 ] } },
{ "type": "Feature", "properties": { "agency": "NYPD", "station_name": "NYPD - 1925 Bath Ave, Brooklyn", "charger_types": [ "Level 2 Charger" ], "no_of_ports": 1, "street": "1925 Bath Ave", "city": "Brooklyn", "postcode": "11214", "borough": "Brooklyn", "public_charger_": "No", "fee_for_city_drivers": "No", "latitude": 40.602329, "longitude": -74.00318, "community_district": 311.0, "council_district": 38.0, "census_tract": 282.0, "bin": 3167815.0, "bbl": 3064060045.0, "nta": "BK1102", "station_id": "urn:agentwin:city:ev-charging-station:12bfae40897d7f236a0855bd6ff43c027ebf667d6aa14e987662211f68d52c39" }, "geometry": { "type": "Point", "coordinates": [ -74.00318, 40.602329 ] } },
{ "type": "Feature", "properties": { "agency": "NYPD", "station_name": "NYPD - 5822 16th Ave, Brooklyn", "charger_types": [ "Level 2 Charger" ], "no_of_ports": 1, "street": "5822 16th Ave", "city": "Brooklyn", "postcode": "11204", "borough": "Brooklyn", "public_charger_": "No", "fee_for_city_drivers": "No", "latitude": 40.625843, "longitude": -73.990929, "community_district": 312.0, "council_district": 44.0, "census_tract": 242.0, "bin": 3131362.0, "bbl": 3055020043.0, "nta": "BK1202", "station_id": "urn:agentwin:city:ev-charging-station:8a664a5c35bac8f5a07c0a1c60e6c1d2a42ed4307321e39a46c6b81c8150313e" }, "geometry": { "type": "Point", "coordinates": [ -73.990929, 40.625843 ] } },
{ "type": "Feature", "properties": { "agency": "NYPD", "station_name": "NYPD - 2900 Snyder Ave, Brooklyn", "charger_types": [ "Level 2 Charger" ], "no_of_ports": 1, "street": "2900 Snyder Ave", "city": "Brooklyn", "postcode": "11226", "borough": "Brooklyn", "public_charger_": "No", "fee_for_city_drivers": "No", "latitude": 40.648867, "longitude": -73.950471, "community_district": 317.0, "council_district": 40.0, "census_tract": 824.0, "bin": 3117400.0, "bbl": 3051110024.0, "nta": "BK1701", "station_id": "urn:agentwin:city:ev-charging-station:d2d644e026198a422141c82ef696e2aaf01a48c775cf854957822ccbbdc11fcb" }, "geometry": { "type": "Point", "coordinates": [ -73.950471, 40.648867 ] } },
{ "type": "Feature", "properties": { "agency": "NYPD", "station_name": "NYPD - 333 65th St, Brooklyn", "charger_types": [ "Level 2 Charger" ], "no_of_ports": 2, "street": "333 65th St", "city": "Brooklyn", "postcode": "11220", "borough": "Brooklyn", "public_charger_": "No", "fee_for_city_drivers": "No", "latitude": 40.638827, "longitude": -74.022721, "community_district": 310.0, "council_district": 47.0, "census_tract": 70.0, "bin": 3144156.0, "bbl": 3058170055.0, "nta": "BK1001", "station_id": "urn:agentwin:city:ev-charging-station:27ca22261ba65b98516389fdb61f794e34fa2d1c87d207bc61133ef75991cc32" }, "geometry": { "type": "Point", "coordinates": [ -74.022721, 40.638827 ] } },
{ "type": "Feature", "properties": { "agency": "NYPD", "station_name": "NYPD - 9720 Foster Ave, Brooklyn", "charger_types": [ "Level 2 Charger" ], "no_of_ports": 2, "street": "9720 Foster Ave", "city": "Brooklyn", "postcode": "11236", "borough": "Brooklyn", "public_charger_": "No", "fee_for_city_drivers": "No", "latitude": 40.648606, "longitude": -73.905256, "community_district": 318.0, "council_district": 42.0, "census_tract": 1098.0, "bin": 3229075.0, "bbl": 3081470026.0, "nta": "BK0503", "station_id": "urn:agentwin:city:ev-charging-station:a0335795d22ef34bdabca440123d6cb3990407219e31cdaec9d3ad96a1a53a58" }, "geometry": { "type": "Point", "coordinates": [ -73.905256, 40.648606 ] } },
{ "type": "Feature", "properties": { "agency": "NYPD", "station_name": "NYPD - 421 Empire Boulevard, Brooklyn", "charger_types": [ "Level 2 Charger", "Level 3 Fast Charger" ], "no_of_ports": 4, "street": "421 Empire Boulevard", "city": "Brooklyn", "postcode": "11225", "borough": "Brooklyn", "public_charger_": "No", "fee_for_city_drivers": "No", "latitude": 40.664113, "longitude": -73.947763, "community_district": 309.0, "council_district": 35.0, "census_tract": 331.0, "bin": 3034563.0, "bbl": 3013100001.0, "nta": "BK0901", "station_id": "urn:agentwin:city:ev-charging-station:a3588a501285c3f61bf158015bbe42610376928034fe55cc40c8b28e885b6254" }, "geometry": { "type": "Point", "coordinates": [ -73.947763, 40.664113 ] } },
{ "type": "Feature", "properties": { "agency": "NYPD", "station_name": "NYPD - 830 4 Ave, Brooklyn", "charger_types": [ "Level 2 Charger", "Level 3 Fast Charger" ], "no_of_ports": 4, "street": "830 4 Ave", "city": "Sunset Park", "postcode": "11232", "borough": "Brooklyn", "public_charger_": "No", "fee_for_city_drivers": "No", "latitude": 40.65815, "longitude": -74.00044, "community_district": 307.0, "council_district": 38.0, "census_tract": 101.0, "bin": 3009843.0, "bbl": 3006680029.0, "nta": "BK0702", "station_id": "urn:agentwin:city:ev-charging-station:2ca631951c4df3ba133a3b7ab6bc1cd5eea624ef34bee743cc166a8b9e4dc406" }, "geometry": { "type": "Point", "coordinates": [ -74.00044, 40.65815 ] } },
{ "type": "Feature", "properties": { "agency": "NYPD", "station_name": "NYPD - 1470 East New York Avenue, Brooklyn", "charger_types": [ "Level 3 Fast Charger" ], "no_of_ports": 4, "street": "1470 East New York Avenue", "city": "Brooklyn", "postcode": "11212", "borough": "Brooklyn", "public_charger_": "No", "fee_for_city_drivers": "No", "latitude": 40.671122, "longitude": -73.913501, "community_district": 316.0, "council_district": 41.0, "census_tract": 924.0, "bin": 3080735.0, "bbl": 3034970002.0, "nta": "BK1602", "station_id": "urn:agentwin:city:ev-charging-station:b5671dd4777e9de3f8f0c35088bc3512e06493ad4a943af6faa5d1b7acddd20e" }, "geometry": { "type": "Point", "coordinates": [ -73.913501, 40.671122 ] } },
{ "type": "Feature", "properties": { "agency": "NYPD", "station_name": "NYPD - 25 Pitt St, Manhattan", "charger_types": [ "Level 3 Fast Charger" ], "no_of_ports": 1, "street": "25 Pitt St", "city": "New York", "postcode": "10002", "borough": "Manhattan", "public_charger_": "No", "fee_for_city_drivers": "No", "latitude": 40.716401, "longitude": -73.983493, "community_district": 103.0, "council_district": 1.0, "census_tract": 12.0, "bin": 1004078.0, "bbl": 1003420060.0, "nta": "MN0302", "station_id": "urn:agentwin:city:ev-charging-station:d83d34e737fb110eff834c3914d0deba385fdb4b44cc0d2cd5923b64b45b7d37" }, "geometry": { "type": "Point", "coordinates": [ -73.983493, 40.716401 ] } },
{ "type": "Feature", "properties": { "agency": "NYPD", "station_name": "NYPD - 30 Ralph Ave, Brooklyn", "charger_types": [ "Level 2 Charger" ], "no_of_ports": 2, "street": "30 Ralph Ave", "city": "Brooklyn", "postcode": "11221", "borough": "Brooklyn", "public_charger_": "No", "fee_for_city_drivers": "No", "latitude": 40.689456, "longitude": -73.924024, "community_district": 303.0, "council_district": 41.0, "census_tract": 387.0, "bin": 3044596.0, "bbl": 3016330039.0, "nta": "BK0302", "station_id": "urn:agentwin:city:ev-charging-station:aeb4c7aced885d977ce195ad24d30f1bebb1fcbf77fa1d7138af27d73cac301c" }, "geometry": { "type": "Point", "coordinates": [ -73.924024, 40.689456 ] } },
{ "type": "Feature", "properties": { "agency": "NYPD", "station_name": "NYPD - 480 Knickerbocker Ave, Brooklyn", "charger_types": [ "Level 2 Charger" ], "no_of_ports": 1, "street": "480 Knickerbocker Ave", "city": "Brooklyn", "postcode": "11237", "borough": "Brooklyn", "public_charger_": "No", "fee_for_city_drivers": "No", "latitude": 40.698466, "longitude": -73.917768, "community_district": 304.0, "council_district": 37.0, "census_tract": 433.0, "bin": 3326387.0, "bbl": 3033070022.0, "nta": "BK0402", "station_id": "urn:agentwin:city:ev-charging-station:2243bc1414d597815cb45dbf685c335eebf92998e496bb8692c38aba34b3bd11" }, "geometry": { "type": "Point", "coordinates": [ -73.917768, 40.698466 ] } },
{ "type": "Feature", "properties": { "agency": "NYPD", "station_name": "NYPD - 487 Broadway, Brooklyn", "charger_types": [ "Level 2 Charger" ], "no_of_ports": 1, "street": "487 Broadway", "city": "Brooklyn", "postcode": "11211", "borough": "Brooklyn", "public_charger_": "No", "fee_for_city_drivers": "No", "latitude": 40.7063, "longitude": -73.951781, "community_district": 301.0, "council_district": 34.0, "census_tract": 527.0, "bin": 3063633.0, "bbl": 3024650100.0, "nta": "BK0102", "station_id": "urn:agentwin:city:ev-charging-station:84629fa480842ba4389875276c5adce2c5e8e36b84e9be6595ff08cb4a78871f" }, "geometry": { "type": "Point", "coordinates": [ -73.951781, 40.7063 ] } },
{ "type": "Feature", "properties": { "agency": "NYPD", "station_name": "NYPD - 500 Abbot Street, Bronx", "charger_types": [ "Level 2 Charger" ], "no_of_ports": 3, "street": "500 Abbot Street", "city": "The Bronx", "postcode": "10470", "borough": "Bronx", "public_charger_": "No", "fee_for_city_drivers": "No", "latitude": 40.908297, "longitude": -73.853698, "community_district": 212.0, "council_district": 11.0, "census_tract": 414.0, "bin": 2071627.0, "bbl": 2051010012.0, "nta": "BX1203", "station_id": "urn:agentwin:city:ev-charging-station:2cf34ad84508dcee1df3a7db4066a433e11092620a5ef068f5b014918c3e493f" }, "geometry": { "type": "Point", "coordinates": [ -73.853698, 40.908297 ] } },
{ "type": "Feature", "properties": { "agency": "NYPD", "station_name": "NYPD - 92-33 168th St, Queens", "charger_types": [ "Level 2 Charger" ], "no_of_ports": 2, "street": "92-33 168th St", "city": "Queens", "postcode": "11433", "borough": "Queens", "public_charger_": "No", "fee_for_city_drivers": "No", "latitude": 40.705661, "longitude": -73.79211, "community_district": 412.0, "council_district": 27.0, "census_tract": 444.0, "bin": 4617186.0, "bbl": 4102097501.0, "nta": "QN1201", "station_id": "urn:agentwin:city:ev-charging-station:c551d47d98383a2f161b1345dab422eef6c691ee9a5df324e42aeeb8d27feade" }, "geometry": { "type": "Point", "coordinates": [ -73.79211, 40.705661 ] } },
{ "type": "Feature", "properties": { "agency": "NYPD", "station_name": "NYPD - 59-06 Laurel Hill Blvd, Queens", "charger_types": [ "Level 2 Charger", "Level 3 Fast Charger" ], "no_of_ports": 10, "street": "59-06 Laurel Hill Blvd", "city": "Queens", "postcode": "11377", "borough": "Queens", "public_charger_": "No", "fee_for_city_drivers": "No", "latitude": 40.736834, "longitude": -73.906426, "community_district": 402.0, "council_district": 26.0, "census_tract": 243.0, "bin": 4054168.0, "bbl": 4023440030.0, "nta": "QN0203", "station_id": "urn:agentwin:city:ev-charging-station:468d0eddcf25ed06be069d3212ac0b8c447e50a0244464ba900b33f13b74b156" }, "geometry": { "type": "Point", "coordinates": [ -73.906426, 40.736834 ] } },
{ "type": "Feature", "properties": { "agency": "NYPD", "station_name": "NYPD - 235 E 20Th St, Manhattan", "charger_types": [ "Level 3 Fast Charger" ], "no_of_ports": 2, "street": "235 E 20Th St", "city": "New York", "postcode": "10003", "borough": "Manhattan", "public_charger_": "No", "fee_for_city_drivers": "No", "latitude": 40.736468, "longitude": -73.983311, "community_district": 106.0, "council_district": 2.0, "census_tract": 64.0, "bin": 1019613.0, "bbl": 1009010006.0, "nta": "MN0602", "station_id": "urn:agentwin:city:ev-charging-station:3d9d12fb3a1cfa3b3ec7d7fdf4344c210371a065609b0e2fb12dd66c6be86296" }, "geometry": { "type": "Point", "coordinates": [ -73.983311, 40.736468 ] } },
{ "type": "Feature", "properties": { "agency": "NYPD", "station_name": "NYPD - 31-40 College Point Blvd, Queens", "charger_types": [ "Level 2 Charger" ], "no_of_ports": 1, "street": "31-40 College Point Blvd", "city": "Flushing", "postcode": "11354", "borough": "Queens", "public_charger_": "No", "fee_for_city_drivers": "No", "latitude": 40.76822, "longitude": -73.840605, "community_district": 407.0, "council_district": 19.0, "census_tract": 907.0, "bin": 4596067.0, "bbl": 4043840010.0, "nta": "QN0701", "station_id": "urn:agentwin:city:ev-charging-station:f35322368e20b2430035d592ce1af3c9e290c7113806d83ea73c5f6441eda555" }, "geometry": { "type": "Point", "coordinates": [ -73.840605, 40.76822 ] } },
{ "type": "Feature", "properties": { "agency": "NYPD", "station_name": "NYPD - 31-22 College Point Blvd, Queens", "charger_types": [ "Level 2 Charger" ], "no_of_ports": 3, "street": "31-22 College Point Blvd", "city": "Flushing", "postcode": "11354", "borough": "Queens", "public_charger_": "No", "fee_for_city_drivers": "No", "latitude": 40.768682, "longitude": -73.841095, "community_district": 407.0, "council_district": 19.0, "census_tract": 907.0, "bin": 4605716.0, "bbl": 4043820001.0, "nta": "QN0701", "station_id": "urn:agentwin:city:ev-charging-station:641baf2d1be8f5b335ec74a4eb9e5c28393b147b65a30f89ad8599d2e5ca25c8" }, "geometry": { "type": "Point", "coordinates": [ -73.841095, 40.768682 ] } },
{ "type": "Feature", "properties": { "agency": "NYPD", "station_name": "NYPD - 53-15 58Th St, Queens", "charger_types": [ "Level 3 Fast Charger" ], "no_of_ports": 2, "street": "53-15 58Th St", "city": "Flushing", "postcode": "11377", "borough": "Queens", "public_charger_": "No", "fee_for_city_drivers": "No", "latitude": 40.733733, "longitude": -73.91054, "community_district": 402.0, "council_district": 26.0, "census_tract": 243.0, "bin": 4054276.0, "bbl": 4023610150.0, "nta": "QN0203", "station_id": "urn:agentwin:city:ev-charging-station:1b318c91fde01b674572709e8744b56872edc0cb504f4ed78483defc259a88b5" }, "geometry": { "type": "Point", "coordinates": [ -73.91054, 40.733733 ] } },
{ "type": "Feature", "properties": { "agency": "NYPD", "station_name": "NYPD - 3260 Flatbush Ave, Brooklyn", "charger_types": [ "EV Solar Arc Charger" ], "no_of_ports": 2, "street": "3260 Flatbush Ave", "city": "Brooklyn", "postcode": "11234", "borough": "Brooklyn", "public_charger_": "No", "fee_for_city_drivers": "No", "latitude": 40.588627, "longitude": -73.899217, "community_district": 356.0, "council_district": 46.0, "census_tract": 666.0, "bin": 3397749.0, "bbl": 3085900700.0, "nta": "BK1891", "station_id": "urn:agentwin:city:ev-charging-station:23fa9869f82cfc289b49fece52edff4ddd737faa8ba1c53e9deab796d5eb1d0f" }, "geometry": { "type": "Point", "coordinates": [ -73.899217, 40.588627 ] } },
{ "type": "Feature", "properties": { "agency": "NYPD", "station_name": "NYPD - 3159 Flatbush Ave, Brooklyn", "charger_types": [ "EV Solar Arc Charger" ], "no_of_ports": 1, "street": "3159 Flatbush Ave", "city": "Brooklyn", "postcode": "11234", "borough": "Brooklyn", "public_charger_": "No", "fee_for_city_drivers": "No", "latitude": 40.589157, "longitude": -73.899781, "community_district": 356.0, "council_district": 46.0, "census_tract": 70202.0, "bin": 3397777.0, "bbl": 3085910075.0, "nta": "BK5691", "station_id": "urn:agentwin:city:ev-charging-station:bd6b6b49838f0b5f4c33ba9825ccbe7013edc32595da6761dba14d7aa0318061" }, "geometry": { "type": "Point", "coordinates": [ -73.899781, 40.589157 ] } },
{ "type": "Feature", "properties": { "agency": "NYPD", "station_name": "NYPD - 150-14 Jamaica Avenue, Queens", "charger_types": [ "Level 3 Fast Charger" ], "no_of_ports": 2, "street": "150-14 Jamaica Avenue", "city": "Queens", "postcode": "11432", "borough": "Queens", "public_charger_": "No", "fee_for_city_drivers": "No", "latitude": 40.702193, "longitude": -73.804192, "community_district": 412.0, "council_district": 27.0, "census_tract": 240.0, "bin": 4215603.0, "bbl": 4100920006.0, "nta": "QN1201", "station_id": "urn:agentwin:city:ev-charging-station:3eb79edbe9dde5beec4d9b5dec189c8d4e2788a46aac3ff9d6153d574ce5b9a9" }, "geometry": { "type": "Point", "coordinates": [ -73.804192, 40.702193 ] } },
{ "type": "Feature", "properties": { "agency": "NYPD", "station_name": "NYPD - 2900 Flatbush Ave, Brooklyn", "charger_types": [ "Level 2 Charger" ], "no_of_ports": 4, "street": "2900 Flatbush Ave", "city": "Brooklyn", "postcode": "11234", "borough": "Brooklyn", "public_charger_": "No", "fee_for_city_drivers": "No", "latitude": 40.600248, "longitude": -73.912051, "community_district": 318.0, "council_district": 46.0, "census_tract": 666.0, "bin": 3397327.0, "bbl": 3085900600.0, "nta": "BK1891", "station_id": "urn:agentwin:city:ev-charging-station:e8b25e9374237be11a01d6e0c3e3e8d06678f5aaa6cfe07c457a82813ba24438" }, "geometry": { "type": "Point", "coordinates": [ -73.912051, 40.600248 ] } },
{ "type": "Feature", "properties": { "agency": "NYPD", "station_name": "NYPD - 306 W 54th St, Manhattan", "charger_types": [ "Level 2 Charger" ], "no_of_ports": 2, "street": "306 W 54th St", "city": "New York", "postcode": "10019", "borough": "Manhattan", "public_charger_": "No", "fee_for_city_drivers": "No", "latitude": 40.765016, "longitude": -73.984835, "community_district": 104.0, "council_district": 3.0, "census_tract": 133.0, "bin": 1082822.0, "bbl": 1010440038.0, "nta": "MN0402", "station_id": "urn:agentwin:city:ev-charging-station:e01cfbb3ced8b1a8902d19ee9c7450c05df9353f8587a9d2f486ac85f0774304" }, "geometry": { "type": "Point", "coordinates": [ -73.984835, 40.765016 ] } },
{ "type": "Feature", "properties": { "agency": "NYPD", "station_name": "NYPD - 357 W 35th St, Manhattan", "charger_types": [ "Level 2 Charger" ], "no_of_ports": 2, "street": "357 W 35th St", "city": "New York", "postcode": "10001", "borough": "Manhattan", "public_charger_": "No", "fee_for_city_drivers": "No", "latitude": 40.753599, "longitude": -73.994712, "community_district": 104.0, "council_district": 3.0, "census_tract": 111.0, "bin": 1013564.0, "bbl": 1007590008.0, "nta": "MN0401", "station_id": "urn:agentwin:city:ev-charging-station:5c85a90a90201a26914d49c81b12236a474030a6bea98abaf7d2af1ec2157f76" }, "geometry": { "type": "Point", "coordinates": [ -73.994712, 40.753599 ] } },
{ "type": "Feature", "properties": { "agency": "NYPD", "station_name": "NYPD - 37-05 Union St, Queens", "charger_types": [ "Level 2 Charger" ], "no_of_ports": 2, "street": "37-05 Union St", "city": "Queens", "postcode": "11354", "borough": "Queens", "public_charger_": "No", "fee_for_city_drivers": "No", "latitude": 40.762286, "longitude": -73.827436, "community_district": 407.0, "council_district": 20.0, "census_tract": 865.0, "bin": 4113348.0, "bbl": 4050110006.0, "nta": "QN0707", "station_id": "urn:agentwin:city:ev-charging-station:11cff3a6a01bd3fab1a1868c467d994705a9e6b7c4b6e325400e3da4d6934f97" }, "geometry": { "type": "Point", "coordinates": [ -73.827436, 40.762286 ] } },
{ "type": "Feature", "properties": { "agency": "NYPD", "station_name": "NYPD - 2877 Barkley Ave, Bronx", "charger_types": [ "Level 2 Charger" ], "no_of_ports": 1, "street": "2877 Barkley Ave", "city": "New York", "postcode": "10465", "borough": "Bronx", "public_charger_": "No", "fee_for_city_drivers": "No", "latitude": 40.830714, "longitude": -73.827125, "community_district": 210.0, "council_district": 13.0, "census_tract": 166.0, "bin": 2097742.0, "bbl": 2055310040.0, "nta": "BX1002", "station_id": "urn:agentwin:city:ev-charging-station:979fcd789d5d0f34efa93ba8c249180bedf72ddf27debd178f88a2ead963e373" }, "geometry": { "type": "Point", "coordinates": [ -73.827125, 40.830714 ] } },
{ "type": "Feature", "properties": { "agency": "NYPD", "station_name": "NYPD - 4111 Laconia Ave, Bronx", "charger_types": [ "Level 2 Charger" ], "no_of_ports": 6, "street": "4111 Laconia Ave", "city": "New York", "postcode": "10466", "borough": "Bronx", "public_charger_": "No", "fee_for_city_drivers": "No", "latitude": 40.887306, "longitude": -73.84727, "community_district": 212.0, "council_district": 12.0, "census_tract": 424.0, "bin": 2065163.0, "bbl": 2048760001.0, "nta": "BX1203", "station_id": "urn:agentwin:city:ev-charging-station:49bfea2a94dea004a67a4e7b57d01cc87f159782d3b202652310870e5df57a3a" }, "geometry": { "type": "Point", "coordinates": [ -73.84727, 40.887306 ] } },
{ "type": "Feature", "properties": { "agency": "NYPD", "station_name": "NYPD - 2860 W 23Rd St, Brooklyn", "charger_types": [ "Level 3 Fast Charger" ], "no_of_ports": 1, "street": "2860 W 23Rd St", "city": "Coney Island", "postcode": "11224", "borough": "Brooklyn", "public_charger_": "No", "fee_for_city_drivers": "No", "latitude": 40.576884, "longitude": -73.990241, "community_district": 313.0, "council_district": 47.0, "census_tract": 326.0, "bin": 3397616.0, "bbl": 3070150040.0, "nta": "BK1302", "station_id": "urn:agentwin:city:ev-charging-station:8e463bb271b4cc11ce560b6f6d546db35428698166fc42e892574c742d29b3eb" }, "geometry": { "type": "Point", "coordinates": [ -73.990241, 40.576884 ] } },
{ "type": "Feature", "properties": { "agency": "NYPD", "station_name": "NYPD - 25 Central Ave, Brooklyn", "charger_types": [ "Level 3 Fast Charger" ], "no_of_ports": 2, "street": "25 Central Ave", "city": "Bushwick", "postcode": "11206", "borough": "Brooklyn", "public_charger_": "No", "fee_for_city_drivers": "No", "latitude": 40.70226, "longitude": -73.932478, "community_district": 304.0, "council_district": 34.0, "census_tract": 425.0, "bin": 3392857.0, "bbl": 3031480001.0, "nta": "BK0401", "station_id": "urn:agentwin:city:ev-charging-station:fb650a0087a5a55799448ce9833bbcf52f36298f635144d14099946795d66781" }, "geometry": { "type": "Point", "coordinates": [ -73.932478, 40.70226 ] } },
{ "type": "Feature", "properties": { "agency": "NYPD", "station_name": "NYPD - 130 Loisaida Ave, Manhattan", "charger_types": [ "Level 2 Charger" ], "no_of_ports": 3, "street": "130 Loisaida Ave", "city": "New York", "postcode": "10009", "borough": "Manhattan", "public_charger_": "No", "fee_for_city_drivers": "No", "latitude": 40.724887, "longitude": -73.978259, "community_district": 103.0, "council_district": 2.0, "census_tract": 2602.0, "bin": 1075834.0, "bbl": 1003780001.0, "nta": "MN0303", "station_id": "urn:agentwin:city:ev-charging-station:78e52dd7cd9bbfce8b3831675668634ac7915e1d752df04671dfdc64052a8cfe" }, "geometry": { "type": "Point", "coordinates": [ -73.978259, 40.724887 ] } },
{ "type": "Feature", "properties": { "agency": "NYPD", "station_name": "NYPD - 136 Loisaida Ave, Manhattan", "charger_types": [ "Level 2 Charger" ], "no_of_ports": 1, "street": "136 Loisaida Ave", "city": "New York", "postcode": "10009", "borough": "Manhattan", "public_charger_": "No", "fee_for_city_drivers": "No", "latitude": 40.725041, "longitude": -73.978148, "community_district": 103.0, "council_district": 2.0, "census_tract": 2602.0, "bin": 1084875.0, "bbl": 1003780004.0, "nta": "MN0303", "station_id": "urn:agentwin:city:ev-charging-station:d967bd19463f6fe7bb4321b4ef04e894a281e48a3b287f1a92e635ffe437a0e5" }, "geometry": { "type": "Point", "coordinates": [ -73.978148, 40.725041 ] } },
{ "type": "Feature", "properties": { "agency": "NYPD", "station_name": "NYPD - 126 Loisaida Ave, Manhattan", "charger_types": [ "Level 2 Charger" ], "no_of_ports": 2, "street": "126 Loisaida Ave", "city": "New York", "postcode": "10009", "borough": "Manhattan", "public_charger_": "No", "fee_for_city_drivers": "No", "latitude": 40.724783, "longitude": -73.978335, "community_district": 103.0, "council_district": 2.0, "census_tract": 2602.0, "bin": 1075834.0, "bbl": 1003780001.0, "nta": "MN0303", "station_id": "urn:agentwin:city:ev-charging-station:fada2593e4ebfa9dc0f6f516d1245360af8d8d8b7b3fb30836a5ef4a48e67c20" }, "geometry": { "type": "Point", "coordinates": [ -73.978335, 40.724783 ] } },
{ "type": "Feature", "properties": { "agency": "NYPD", "station_name": "NYPD - 221 E 123rd St, Manhattan", "charger_types": [ "Level 2 Charger" ], "no_of_ports": 2, "street": "221 E 123rd St", "city": "New York", "postcode": "10035", "borough": "Manhattan", "public_charger_": "No", "fee_for_city_drivers": "No", "latitude": 40.802127, "longitude": -73.936108, "community_district": 111.0, "council_district": 8.0, "census_tract": 194.0, "bin": 1087233.0, "bbl": 1017880009.0, "nta": "MN1102", "station_id": "urn:agentwin:city:ev-charging-station:2dec9714527d603d024e8af3019f99f8616c3161a9d6854ee48389ed6bad0f25" }, "geometry": { "type": "Point", "coordinates": [ -73.936108, 40.802127 ] } },
{ "type": "Feature", "properties": { "agency": "NYPD", "station_name": "NYPD - 737 Melrose Ave, Bronx", "charger_types": [ "Level 2 Charger" ], "no_of_ports": 2, "street": "737 Melrose Ave", "city": "The Bronx", "postcode": "10451", "borough": "Bronx", "public_charger_": "No", "fee_for_city_drivers": "No", "latitude": 40.820729, "longitude": -73.915665, "community_district": 201.0, "council_district": 17.0, "census_tract": 69.0, "bin": 2101214.0, "bbl": 2024020017.0, "nta": "BX0102", "station_id": "urn:agentwin:city:ev-charging-station:5fa508eb234e60d9b8760d038c1e6825a25322d21992b1cb13c3be7a49784eae" }, "geometry": { "type": "Point", "coordinates": [ -73.915665, 40.820729 ] } },
{ "type": "Feature", "properties": { "agency": "NYPD", "station_name": "NYPD - Rodmans Neck, Bronx", "charger_types": [ "Level 3 Fast Charger" ], "no_of_ports": 2, "street": "Rodmans Neck", "city": "Bronx", "postcode": "10464", "borough": "Bronx", "public_charger_": "No", "fee_for_city_drivers": "No", "latitude": 40.855351, "longitude": -73.801579, "community_district": 228.0, "council_district": 13.0, "census_tract": 504.0, "bin": 2000000.0, "bbl": 2056500001.0, "nta": "BX2891", "station_id": "urn:agentwin:city:ev-charging-station:f4830c62995e4a072f5d0a5795fbda11300610318de671aef19666ce882cfb99" }, "geometry": { "type": "Point", "coordinates": [ -73.801579, 40.855351 ] } },
{ "type": "Feature", "properties": { "agency": "NYPD", "station_name": "NYPD - 174-20 N Boundary Rd, Queens", "charger_types": [ "Level 2 Charger" ], "no_of_ports": 6, "street": "174-20 N Boundary Rd", "city": "Queens", "postcode": "11430", "borough": "Queens", "public_charger_": "No", "fee_for_city_drivers": "No", "latitude": 40.657122, "longitude": -73.771566, "community_district": 413.0, "council_district": 31.0, "census_tract": 716.0, "bin": 4607238.0, "bbl": 4142600001.0, "nta": "QN8381", "station_id": "urn:agentwin:city:ev-charging-station:1d8c6c82eff79be6e22f23bcfceea8cc256b5ca562be75ce1e56578560078eb0" }, "geometry": { "type": "Point", "coordinates": [ -73.771566, 40.657122 ] } },
{ "type": "Feature", "properties": { "agency": "NYPD", "station_name": "NYPD - 521 W 57th St, Manhattan", "charger_types": [ "Level 3 Fast Charger" ], "no_of_ports": 1, "street": "521 W 57th St", "city": "New York", "postcode": "10019", "borough": "Manhattan", "public_charger_": "No", "fee_for_city_drivers": "No", "latitude": 40.76948, "longitude": -73.989397, "community_district": 104.0, "council_district": 6.0, "census_tract": 13502.0, "bin": 1027074.0, "bbl": 1010867501.0, "nta": "MN0402", "station_id": "urn:agentwin:city:ev-charging-station:8a087a104d7de60edf97a68d009cfb242ced3bb54125017de69e5911b37b0b25" }, "geometry": { "type": "Point", "coordinates": [ -73.989397, 40.76948 ] } },
{ "type": "Feature", "properties": { "agency": "NYPD", "station_name": "NYPD - 1278 Sedgwick Ave, Bronx", "charger_types": [ "Level 2 Charger" ], "no_of_ports": 1, "street": "1278 Sedgwick Ave", "city": "The Bronx", "postcode": "10452", "borough": "Bronx", "public_charger_": "No", "fee_for_city_drivers": "No", "latitude": 40.840261, "longitude": -73.928514, "community_district": 204.0, "council_district": 16.0, "census_tract": 201.0, "bin": 2003522.0, "bbl": 2025300021.0, "nta": "BX0402", "station_id": "urn:agentwin:city:ev-charging-station:76e9951002b9072ebf46825be9157207e95151798168ecd6a59a5d6ca6c30b73" }, "geometry": { "type": "Point", "coordinates": [ -73.928514, 40.840261 ] } },
{ "type": "Feature", "properties": { "agency": "NYPD", "station_name": "NYPD - 188 West 230th Street, Bronx", "charger_types": [ "Level 3 Fast Charger" ], "no_of_ports": 2, "street": "188 West 230th Street", "city": "The Bronx", "postcode": "10463", "borough": "Bronx", "public_charger_": "No", "fee_for_city_drivers": "No", "latitude": 40.876963, "longitude": -73.905802, "community_district": 208.0, "council_district": 14.0, "census_tract": 283.0, "bin": 2016115.0, "bbl": 2032640104.0, "nta": "BX0802", "station_id": "urn:agentwin:city:ev-charging-station:f5af78b9da614688b9ca02f55bbe30eebecb12d69db57c3e9f59c4ade569822a" }, "geometry": { "type": "Point", "coordinates": [ -73.905802, 40.876963 ] } },
{ "type": "Feature", "properties": { "agency": "NYPD", "station_name": "NYPD - 460 Morris Park Avenue, Bronx", "charger_types": [ "Level 3 Fast Charger" ], "no_of_ports": 2, "street": "460 Morris Park Avenue", "city": "The Bronx", "postcode": "10460", "borough": "Bronx", "public_charger_": "No", "fee_for_city_drivers": "No", "latitude": 40.841527, "longitude": -73.87232, "community_district": 211.0, "council_district": 13.0, "census_tract": 240.0, "bin": 2119365.0, "bbl": 2040150001.0, "nta": "BX1101", "station_id": "urn:agentwin:city:ev-charging-station:f1f5c160947cab08ff6b4ac3cb6e22e25c88b8ced62bda8e1141f693f0c26655" }, "geometry": { "type": "Point", "coordinates": [ -73.87232, 40.841527 ] } },
{ "type": "Feature", "properties": { "agency": "NYPD", "station_name": "NYPD - 80 John Street, Manhattan", "charger_types": [ "Level 3 Fast Charger" ], "no_of_ports": 2, "street": "80 John Street", "city": "New York", "postcode": "10038", "borough": "Manhattan", "public_charger_": "No", "fee_for_city_drivers": "No", "latitude": 40.708445, "longitude": -74.006886, "community_district": 101.0, "council_district": 1.0, "census_tract": 1502.0, "bin": 1001115.0, "bbl": 1000687501.0, "nta": "MN0101", "station_id": "urn:agentwin:city:ev-charging-station:69ff49ebcd71e07ae3e8878bf2eac8e01677e2f63bb850d16a17adfd177cec37" }, "geometry": { "type": "Point", "coordinates": [ -74.006886, 40.708445 ] } },
{ "type": "Feature", "properties": { "agency": "NYPD", "station_name": "NYPD - 92-08 222Nd St, Queens", "charger_types": [ "Level 2 Charger" ], "no_of_ports": 2, "street": "92-08 222Nd St", "city": "Queens Village", "postcode": "11428", "borough": "Queens", "public_charger_": "No", "fee_for_city_drivers": "No", "latitude": 40.726329, "longitude": -73.734788, "community_district": 413.0, "council_district": 23.0, "census_tract": 560.0, "bin": 4230132.0, "bbl": 4107370001.0, "nta": "QN1303", "station_id": "urn:agentwin:city:ev-charging-station:a08820395e6bf2de7f786dc596addf941ef89a57a4a2ec8e278eb5ffe0f6b145" }, "geometry": { "type": "Point", "coordinates": [ -73.734788, 40.726329 ] } },
{ "type": "Feature", "properties": { "agency": "NYPD", "station_name": "NYPD - 2320 Hylan Blvd, Staten Island", "charger_types": [ "Level 2 Charger" ], "no_of_ports": 3, "street": "2320 Hylan Blvd", "city": "New Dorp", "postcode": "10306", "borough": "Staten Island", "public_charger_": "No", "fee_for_city_drivers": "No", "latitude": 40.5743, "longitude": -74.105888, "community_district": 502.0, "council_district": 50.0, "census_tract": 11203.0, "bin": 5107580.0, "bbl": 5039060001.0, "nta": "SI0202", "station_id": "urn:agentwin:city:ev-charging-station:25618cf923d237ef040b7f8f6f12f6c39813f336c6d77305cc6a4128ee89a2e1" }, "geometry": { "type": "Point", "coordinates": [ -74.105888, 40.5743 ] } },
{ "type": "Feature", "properties": { "agency": "NYPD", "station_name": "NYPD - 1264 River Ave, Bronx", "charger_types": [ "Level 2 Charger" ], "no_of_ports": 2, "street": "1264 River Ave", "city": "Concourse", "postcode": "10452", "borough": "Bronx", "public_charger_": "No", "fee_for_city_drivers": "No", "latitude": 40.837181, "longitude": -73.920451, "community_district": 204.0, "council_district": 16.0, "census_tract": 197.0, "bin": 2003017.0, "bbl": 2024890077.0, "nta": "BX0401", "station_id": "urn:agentwin:city:ev-charging-station:c99eb09053d449f5226f555d12a64e6c346ed4c697e832b0388e5c7dfda7fdd6" }, "geometry": { "type": "Point", "coordinates": [ -73.920451, 40.837181 ] } },
{ "type": "Feature", "properties": { "agency": "NYPD", "station_name": "NYPD - 2121 Eastchestr Rd, Bronx", "charger_types": [ "Level 2 Charger" ], "no_of_ports": 2, "street": "2121 Eastchestr Rd", "city": "East Bronx", "postcode": "10461", "borough": "Bronx", "public_charger_": "No", "fee_for_city_drivers": "No", "latitude": 40.856047, "longitude": -73.843944, "community_district": 211.0, "council_district": 13.0, "census_tract": 296.0, "bin": 2097543.0, "bbl": 2042050001.0, "nta": "BX1102", "station_id": "urn:agentwin:city:ev-charging-station:7e95589cbbe0490aa0270e894b82aaf67c1354786eec297d9088cd147bbfbd3d" }, "geometry": { "type": "Point", "coordinates": [ -73.843944, 40.856047 ] } },
{ "type": "Feature", "properties": { "agency": "NYPD", "station_name": "NYPD - 2927 W 8Th St, Brooklyn", "charger_types": [ "Level 2 Charger" ], "no_of_ports": 2, "street": "2927 W 8Th St", "city": "Coney Island", "postcode": "11224", "borough": "Brooklyn", "public_charger_": "No", "fee_for_city_drivers": "No", "latitude": 40.576822, "longitude": -73.976465, "community_district": 313.0, "council_district": 48.0, "census_tract": 354.0, "bin": 3196591.0, "bbl": 3072790290.0, "nta": "BK1302", "station_id": "urn:agentwin:city:ev-charging-station:e975d210a2a4b6b1c8e4a02f252851b28e99dcd4193ca24e4bf971fd4e5983f9" }, "geometry": { "type": "Point", "coordinates": [ -73.976465, 40.576822 ] } },
{ "type": "Feature", "properties": { "agency": "NYPD", "station_name": "NYPD - 1016 Gravesend Neck Rd, Brooklyn", "charger_types": [ "Level 2 Charger" ], "no_of_ports": 2, "street": "1016 Gravesend Neck Rd", "city": "Sheepshead Bay", "postcode": "11223", "borough": "Brooklyn", "public_charger_": "No", "fee_for_city_drivers": "No", "latitude": 40.59445, "longitude": -73.960233, "community_district": 315.0, "council_district": 48.0, "census_tract": 584.0, "bin": 3200557.0, "bbl": 3073710065.0, "nta": "BK1501", "station_id": "urn:agentwin:city:ev-charging-station:086f90a1572a888bf375ac548780280b3ffff543ba463c8c5adfd0e52e426871" }, "geometry": { "type": "Point", "coordinates": [ -73.960233, 40.59445 ] } },
{ "type": "Feature", "properties": { "agency": "NYPD", "station_name": "NYPD - 401 Thomas S Boyland St, Brooklyn", "charger_types": [ "Level 2 Charger" ], "no_of_ports": 2, "street": "401 Thomas S Boyland St", "city": "Brownsville", "postcode": "11212", "borough": "Brooklyn", "public_charger_": "No", "fee_for_city_drivers": "No", "latitude": 40.670653, "longitude": -73.913955, "community_district": 316.0, "council_district": 41.0, "census_tract": 924.0, "bin": 3080735.0, "bbl": 3034970002.0, "nta": "BK1602", "station_id": "urn:agentwin:city:ev-charging-station:ba0dda620d7cdca3c22cc365844fbbb3820e06756a36a62c263c8bd63dda9532" }, "geometry": { "type": "Point", "coordinates": [ -73.913955, 40.670653 ] } },
{ "type": "Feature", "properties": { "agency": "NYPD", "station_name": "NYPD - 19 1/2 Pitt St, Manhattan", "charger_types": [ "Level 2 Charger" ], "no_of_ports": 2, "street": "19 1/2 Pitt St", "city": "New York", "postcode": "10002", "borough": "Manhattan", "public_charger_": "No", "fee_for_city_drivers": "No", "latitude": 40.716209, "longitude": -73.983605, "community_district": 103.0, "council_district": 1.0, "census_tract": 12.0, "bin": 1004078.0, "bbl": 1003420060.0, "nta": "MN0302", "station_id": "urn:agentwin:city:ev-charging-station:20f6081f751c9beea25edcf45b4b75454c50cb62db38d40bd462bad239c57591" }, "geometry": { "type": "Point", "coordinates": [ -73.983605, 40.716209 ] } },
{ "type": "Feature", "properties": { "agency": "NYPD", "station_name": "NYPD - 3529 College Point Blvd, Queens", "charger_types": [ "EV Solar Arc Charger" ], "no_of_ports": 2, "street": "3529 College Point Blvd", "city": "Flushing", "postcode": "11354", "borough": "Queens", "public_charger_": "No", "fee_for_city_drivers": "No", "latitude": 40.762473, "longitude": -73.835496, "community_district": 407.0, "council_district": 20.0, "census_tract": 869.0, "bin": null, "bbl": null, "nta": "QN0707", "station_id": "urn:agentwin:city:ev-charging-station:c5cc44c2c97d7f29faf68859077dbacd72a1c31673828fd4df3692bfc4cd946d" }, "geometry": { "type": "Point", "coordinates": [ -73.835496, 40.762473 ] } },
{ "type": "Feature", "properties": { "agency": "NYPD", "station_name": "NYPD - 130-30 28Th Ave, Queens", "charger_types": [ "EV Solar Arc Charger" ], "no_of_ports": 2, "street": "130-30 28Th Ave", "city": "Flushing", "postcode": "11354", "borough": "Queens", "public_charger_": "No", "fee_for_city_drivers": "No", "latitude": 40.772829, "longitude": -73.838857, "community_district": 407.0, "council_district": 19.0, "census_tract": 907.0, "bin": 4537931.0, "bbl": 4043270100.0, "nta": "QN0701", "station_id": "urn:agentwin:city:ev-charging-station:4490f6600139db27ed2aaa6d403f23599a0fbb493ba997a0af70689d1d324360" }, "geometry": { "type": "Point", "coordinates": [ -73.838857, 40.772829 ] } },
{ "type": "Feature", "properties": { "agency": "NYPD", "station_name": "NYPD - 4223 Third Ave, Bronx", "charger_types": [ "EV Solar Arc Charger" ], "no_of_ports": 3, "street": "4223 Third Ave", "city": "Bronx", "postcode": "10457", "borough": "Bronx", "public_charger_": "No", "fee_for_city_drivers": "No", "latitude": 40.84707, "longitude": -73.895984, "community_district": 206.0, "council_district": 15.0, "census_tract": 395.0, "bin": 2000000.0, "bbl": 2030430077.0, "nta": "BX0602", "station_id": "urn:agentwin:city:ev-charging-station:67257f55ce48255295bee48465081a045920a3d20e27c1515c316f640d05fb60" }, "geometry": { "type": "Point", "coordinates": [ -73.895984, 40.84707 ] } },
{ "type": "Feature", "properties": { "agency": "NYPD", "station_name": "NYPD - 700 Columbia St, Brooklyn", "charger_types": [ "EV Solar Arc Charger" ], "no_of_ports": 1, "street": "700 Columbia St", "city": "Red Hook", "postcode": "11231", "borough": "Brooklyn", "public_charger_": "No", "fee_for_city_drivers": "No", "latitude": 40.667954, "longitude": -74.010346, "community_district": 306.0, "council_district": 38.0, "census_tract": 5302.0, "bin": 3008876.0, "bbl": 3006120205.0, "nta": "BK0601", "station_id": "urn:agentwin:city:ev-charging-station:b28926346633ef12130b36e5afd4c69cbcdb53171717fa03431f57d64d4f53d8" }, "geometry": { "type": "Point", "coordinates": [ -74.010346, 40.667954 ] } },
{ "type": "Feature", "properties": { "agency": "NYPD", "station_name": "NYPD - 53-01 58Th St, Queens", "charger_types": [ "Level 2 Charger" ], "no_of_ports": 2, "street": "53-01 58Th St", "city": "Flushing", "postcode": "11377", "borough": "Queens", "public_charger_": "No", "fee_for_city_drivers": "No", "latitude": 40.734205, "longitude": -73.910298, "community_district": 402.0, "council_district": 26.0, "census_tract": 243.0, "bin": 4054276.0, "bbl": 4023610150.0, "nta": "QN0203", "station_id": "urn:agentwin:city:ev-charging-station:74186369d18f2193eb03ef1b663096690a55fdd09a5e2193af0b7060c3fee436" }, "geometry": { "type": "Point", "coordinates": [ -73.910298, 40.734205 ] } },
{ "type": "Feature", "properties": { "agency": "NYPD", "station_name": "NYPD - 1 Police Plaza Path, Manhattan", "charger_types": [ "Level 2 Charger", "Level 3 Fast Charger" ], "no_of_ports": 10, "street": "1 Police Plaza Path", "city": "New York", "postcode": "10038", "borough": "Manhattan", "public_charger_": "No", "fee_for_city_drivers": "No", "latitude": 40.712348, "longitude": -74.000891, "community_district": 101.0, "council_district": 1.0, "census_tract": 2901.0, "bin": 1079143.0, "bbl": 1001190001.0, "nta": "MN0102", "station_id": "urn:agentwin:city:ev-charging-station:63ba309302e30ac9fb49e02df653a25c2587438c66b6d3c6da3ff5b53b5e1ebd" }, "geometry": { "type": "Point", "coordinates": [ -74.000891, 40.712348 ] } },
{ "type": "Feature", "properties": { "agency": "NYPD", "station_name": "NYPD - 29 Avenue Of The Finest, Manhattan", "charger_types": [ "Level 3 Fast Charger" ], "no_of_ports": 1, "street": "29 Avenue Of The Finest", "city": "New York", "postcode": "10038", "borough": "Manhattan", "public_charger_": "No", "fee_for_city_drivers": "No", "latitude": 40.710369, "longitude": -74.00136, "community_district": 101.0, "council_district": 1.0, "census_tract": 2901.0, "bin": 1001389.0, "bbl": 1001137501.0, "nta": "MN0102", "station_id": "urn:agentwin:city:ev-charging-station:e7c86b789608e7a36d7ab9463d3054b25727b0b507146848c2031065d060f347" }, "geometry": { "type": "Point", "coordinates": [ -74.00136, 40.710369 ] } },
{ "type": "Feature", "properties": { "agency": "NYPD", "station_name": "NYPD - 17 Frankfort St, Manhattan", "charger_types": [ "Level 3 Fast Charger" ], "no_of_ports": 1, "street": "17 Frankfort St", "city": "New York", "postcode": "10038", "borough": "Manhattan", "public_charger_": "No", "fee_for_city_drivers": "No", "latitude": 40.710932, "longitude": -74.003481, "community_district": 101.0, "council_district": 1.0, "census_tract": 1501.0, "bin": null, "bbl": null, "nta": "MN0101", "station_id": "urn:agentwin:city:ev-charging-station:b4ca5050e43a7902542075e6952bc80fdcdd926466320c498ff8fc844353027f" }, "geometry": { "type": "Point", "coordinates": [ -74.003481, 40.710932 ] } },
{ "type": "Feature", "properties": { "agency": "NYPD", "station_name": "NYPD - 49-21 Metropolitan Ave, Queens", "charger_types": [ "Level 3 Fast Charger" ], "no_of_ports": 1, "street": "49-21 Metropolitan Ave", "city": "New York", "postcode": "11385", "borough": "Queens", "public_charger_": "No", "fee_for_city_drivers": "No", "latitude": 40.713639, "longitude": -73.917886, "community_district": 405.0, "council_district": 30.0, "census_tract": 53502.0, "bin": 4059022.0, "bbl": 4026110452.0, "nta": "QN0501", "station_id": "urn:agentwin:city:ev-charging-station:96d62fc0d2342f5056993d4c835a1705b8aebaea76a0bd43f7e390026a2c53f3" }, "geometry": { "type": "Point", "coordinates": [ -73.917886, 40.713639 ] } },
{ "type": "Feature", "properties": { "agency": "NYPD", "station_name": "NYPD - 669 W 158 St, Manhattan", "charger_types": [ "Level 3 Fast Charger" ], "no_of_ports": 4, "street": "669 W 158 St", "city": "New York", "postcode": "10032", "borough": "Manhattan", "public_charger_": "No", "fee_for_city_drivers": "No", "latitude": 40.836055, "longitude": -73.947657, "community_district": 112.0, "council_district": 7.0, "census_tract": 247.0, "bin": 1090854.0, "bbl": 1201329999.0, "nta": "MN1201", "station_id": "urn:agentwin:city:ev-charging-station:39c3596a1cf113216101f595f58f946e6df739ee6c7e5359794c258bc3635d87" }, "geometry": { "type": "Point", "coordinates": [ -73.947657, 40.836055 ] } },
{ "type": "Feature", "properties": { "agency": "OCME", "station_name": "OCME - 460 Brielle Ave, Staten Island", "charger_types": [ "Level 2 Charger" ], "no_of_ports": 2, "street": "460 Brielle Ave", "city": "Staten Island", "postcode": "10314", "borough": "Staten Island", "public_charger_": "No", "fee_for_city_drivers": "No", "latitude": 40.593798, "longitude": -74.135437, "community_district": 502.0, "council_district": 50.0, "census_tract": 181.0, "bin": 5154986.0, "bbl": 5009550170.0, "nta": "SI0203", "station_id": "urn:agentwin:city:ev-charging-station:4459d12a4ebf7c16d5902d4a608736ffb953a3bbe54651bcacfaeec9227c5d7d" }, "geometry": { "type": "Point", "coordinates": [ -74.135437, 40.593798 ] } },
{ "type": "Feature", "properties": { "agency": "OCME", "station_name": "OCME - 421 E 26th St, Manhattan", "charger_types": [ "Level 2 Charger", "Level 3 Fast Charger" ], "no_of_ports": 9, "street": "421 E 26th St", "city": "New York", "postcode": "10016", "borough": "Manhattan", "public_charger_": "No", "fee_for_city_drivers": "No", "latitude": 40.738575, "longitude": -73.976588, "community_district": 106.0, "council_district": 4.0, "census_tract": 62.0, "bin": 1087939.0, "bbl": 1009620100.0, "nta": "MN0603", "station_id": "urn:agentwin:city:ev-charging-station:28897e3c56feeb62cdcc7d73c932bd358fa63c896cdb2ea1d1da8536de57e2db" }, "geometry": { "type": "Point", "coordinates": [ -73.976588, 40.738575 ] } },
{ "type": "Feature", "properties": { "agency": "OCME", "station_name": "OCME - 599 Winthrop St, Brooklyn", "charger_types": [ "Level 2 Charger" ], "no_of_ports": 2, "street": "599 Winthrop St", "city": "East Flatbush", "postcode": "11203", "borough": "Brooklyn", "public_charger_": "No", "fee_for_city_drivers": "No", "latitude": 40.657723, "longitude": -73.940499, "community_district": 309.0, "council_district": 40.0, "census_tract": 808.0, "bin": 3397939.0, "bbl": 3048120001.0, "nta": "BK0902", "station_id": "urn:agentwin:city:ev-charging-station:7f1eef3df3e5325f098968c0a965daf8f2eaf92b7261714e03a6c0283774a1ba" }, "geometry": { "type": "Point", "coordinates": [ -73.940499, 40.657723 ] } },
{ "type": "Feature", "properties": { "agency": "OCME", "station_name": "OCME - 160-15 82Nd Dr, Queens", "charger_types": [ "Level 2 Charger", "Level 3 Fast Charger" ], "no_of_ports": 4, "street": "160-15 82Nd Dr", "city": "Jamaica", "postcode": "11432", "borough": "Queens", "public_charger_": "No", "fee_for_city_drivers": "No", "latitude": 40.717155, "longitude": -73.805825, "community_district": 408.0, "council_district": 24.0, "census_tract": 1267.0, "bin": 4439812.0, "bbl": 4068580001.0, "nta": "QN0802", "station_id": "urn:agentwin:city:ev-charging-station:499f5b048946e0e8252ee9a0112a6ab6faa182565f53a4672c82de6b0835a535" }, "geometry": { "type": "Point", "coordinates": [ -73.805825, 40.717155 ] } },
{ "type": "Feature", "properties": { "agency": "NYCEM", "station_name": "NYCEM - 165 Cadman Plz E, Brooklyn", "charger_types": [ "EV Solar Arc Charger", "Level 2 Charger", "Level 3 Fast Charger" ], "no_of_ports": 11, "street": "165 Cadman Plz E", "city": "Downtown Brooklyn", "postcode": "11201", "borough": "Brooklyn", "public_charger_": "No", "fee_for_city_drivers": "No", "latitude": 40.698761, "longitude": -73.98987, "community_district": 302.0, "council_district": 33.0, "census_tract": 13.0, "bin": 3000172.0, "bbl": 3000850006.0, "nta": "BK0202", "station_id": "urn:agentwin:city:ev-charging-station:745be40707a46f9c8af916ed973bd32cac0378b332274251d50bed64120e02c8" }, "geometry": { "type": "Point", "coordinates": [ -73.98987, 40.698761 ] } },
{ "type": "Feature", "properties": { "agency": "NYCEM", "station_name": "NYCEM - 42 Red Cross Pl, Brooklyn", "charger_types": [ "EV Solar Arc Charger" ], "no_of_ports": 2, "street": "42 Red Cross Pl", "city": "Downtown Brooklyn", "postcode": "11201", "borough": "Brooklyn", "public_charger_": "No", "fee_for_city_drivers": "No", "latitude": 40.699502, "longitude": -73.989556, "community_district": 302.0, "council_district": 33.0, "census_tract": 13.0, "bin": null, "bbl": null, "nta": "BK0202", "station_id": "urn:agentwin:city:ev-charging-station:dbf899365066b2927c2fd412793d5aa7eb17e7c41a34c2f679fe2e30e7b45e59" }, "geometry": { "type": "Point", "coordinates": [ -73.989556, 40.699502 ] } },
{ "type": "Feature", "properties": { "agency": "NYCEM", "station_name": "NYCEM - 930 Flushing Ave, Brooklyn", "charger_types": [ "Level 2 Charger", "Level 3 Fast Charger" ], "no_of_ports": 6, "street": "930 Flushing Ave", "city": "Brooklyn", "postcode": "11206", "borough": "Brooklyn", "public_charger_": "No", "fee_for_city_drivers": "No", "latitude": 40.702555, "longitude": -73.934382, "community_district": 304.0, "council_district": 34.0, "census_tract": 391.0, "bin": 3071838.0, "bbl": 3031400001.0, "nta": "BK0401", "station_id": "urn:agentwin:city:ev-charging-station:2bef54b954447ac40f2a5af13eaee5a35372c60c480a2f3f8d688e8456c8eca5" }, "geometry": { "type": "Point", "coordinates": [ -73.934382, 40.702555 ] } },
{ "type": "Feature", "properties": { "agency": "PROB", "station_name": "PROB - 340 Bay St, Staten Island", "charger_types": [ "Level 2 Charger" ], "no_of_ports": 2, "street": "340 Bay St", "city": "Tompkinsville", "postcode": "10301", "borough": "Staten Island", "public_charger_": "No", "fee_for_city_drivers": "No", "latitude": 40.63368, "longitude": -74.075159, "community_district": 501.0, "council_district": 49.0, "census_tract": 21.0, "bin": 5013302.0, "bbl": 5005030032.0, "nta": "SI0102", "station_id": "urn:agentwin:city:ev-charging-station:7097bd8219617ffcb543d7c02e21ef14ee3d7c986d714592ef89b33900fbbcfc" }, "geometry": { "type": "Point", "coordinates": [ -74.075159, 40.63368 ] } },
{ "type": "Feature", "properties": { "agency": "TLC", "station_name": "TLC - 3189 123rd St, Queens", "charger_types": [ "Level 2 Charger" ], "no_of_ports": 24, "street": "3189 123rd St", "city": "College Point", "postcode": "11354", "borough": "Queens", "public_charger_": "No", "fee_for_city_drivers": "No", "latitude": 40.768295, "longitude": -73.845753, "community_district": 407.0, "council_district": 19.0, "census_tract": 907.0, "bin": 4438020.0, "bbl": 4043920025.0, "nta": "QN0701", "station_id": "urn:agentwin:city:ev-charging-station:1c657956323429faa1a5fd3f62ec4c9c20d332a7b7118ad976c53a0e4d8e5d87" }, "geometry": { "type": "Point", "coordinates": [ -73.845753, 40.768295 ] } },
{ "type": "Feature", "properties": { "agency": "DSNY", "station_name": "DSNY - 803 Forbell St, Brooklyn", "charger_types": [ "Level 2 Charger" ], "no_of_ports": 4, "street": "803 Forbell St", "city": "Brooklyn", "postcode": "11208", "borough": "Brooklyn", "public_charger_": "No", "fee_for_city_drivers": "No", "latitude": 40.664595, "longitude": -73.860612, "community_district": 305.0, "council_district": 42.0, "census_tract": 1220.0, "bin": 3099064.0, "bbl": 3045550001.0, "nta": "BK0505", "station_id": "urn:agentwin:city:ev-charging-station:8433d5e4507f33a5fc9e0601ec9c0d2353da5bab93dca95d118eabc697f7950a" }, "geometry": { "type": "Point", "coordinates": [ -73.860612, 40.664595 ] } },
{ "type": "Feature", "properties": { "agency": "DSNY", "station_name": "DSNY - 2383 Blackrock Ave, Bronx", "charger_types": [ "Level 2 Charger" ], "no_of_ports": 8, "street": "2383 Blackrock Ave", "city": "Bronx", "postcode": "10462", "borough": "Bronx", "public_charger_": "No", "fee_for_city_drivers": "No", "latitude": 40.829823, "longitude": -73.844707, "community_district": 209.0, "council_district": 18.0, "census_tract": 96.0, "bin": 2119181.0, "bbl": 2038270001.0, "nta": "BX1001", "station_id": "urn:agentwin:city:ev-charging-station:ac0cda5a45691925a962fd25bab32fc47beb115dc250372f45f7b28a019aca0d" }, "geometry": { "type": "Point", "coordinates": [ -73.844707, 40.829823 ] } },
{ "type": "Feature", "properties": { "agency": "NYCEM", "station_name": "NYCEM - 1 Muldoon Ave, Staten Island", "charger_types": [ "Level 2 Charger" ], "no_of_ports": 1, "street": "1 Muldoon Ave", "city": "Staten Island", "postcode": "10314", "borough": "Staten Island", "public_charger_": "No", "fee_for_city_drivers": "No", "latitude": 40.575374, "longitude": -74.196743, "community_district": 503.0, "council_district": 51.0, "census_tract": 22801.0, "bin": 5158123.0, "bbl": 5059000500.0, "nta": "SI0391", "station_id": "urn:agentwin:city:ev-charging-station:cf29489f9b9f1b4555caa4da7877e649e21cb1001e79b953d1c6b09ac838bec7" }, "geometry": { "type": "Point", "coordinates": [ -74.196743, 40.575374 ] } },
{ "type": "Feature", "properties": { "agency": "OTI", "station_name": "OTI - 15 Metrotech, Brooklyn", "charger_types": [ "Level 2 Charger" ], "no_of_ports": 1, "street": "15 Metrotech", "city": "Brooklyn", "postcode": "11201", "borough": "Brooklyn", "public_charger_": "No", "fee_for_city_drivers": "No", "latitude": 40.693707, "longitude": -73.984786, "community_district": 302.0, "council_district": 33.0, "census_tract": 1502.0, "bin": 3348771.0, "bbl": 3020470040.0, "nta": "BK0202", "station_id": "urn:agentwin:city:ev-charging-station:e30eb571f8fa38f580cba87369a22390a59205f2793bf538529d22e20598c3bf" }, "geometry": { "type": "Point", "coordinates": [ -73.984786, 40.693707 ] } },
{ "type": "Feature", "properties": { "agency": "OTI", "station_name": "OTI - 2 Metrotech, Brooklyn", "charger_types": [ "Level 2 Charger" ], "no_of_ports": 1, "street": "2 Metrotech", "city": "Brooklyn", "postcode": "11201", "borough": "Brooklyn", "public_charger_": "No", "fee_for_city_drivers": "No", "latitude": 40.693727, "longitude": -73.985695, "community_district": 302.0, "council_district": 33.0, "census_tract": 11.0, "bin": 3255603.0, "bbl": 3001480007.0, "nta": "BK0202", "station_id": "urn:agentwin:city:ev-charging-station:9f36b65749697670a8d0e7a73fbf2ef90155c6301864445fec2a4d0a5678b6f0" }, "geometry": { "type": "Point", "coordinates": [ -73.985695, 40.693727 ] } },
{ "type": "Feature", "properties": { "agency": "QPL", "station_name": "QPL - 89-11 Merrick Blvd, Queens", "charger_types": [ "Level 2 Charger" ], "no_of_ports": 1, "street": "89-11 Merrick Blvd", "city": "Queens", "postcode": "11432", "borough": "Queens", "public_charger_": "No", "fee_for_city_drivers": "No", "latitude": 40.707865, "longitude": -73.795295, "community_district": 412.0, "council_district": 27.0, "census_tract": 460.0, "bin": 4209635.0, "bbl": 4097980006.0, "nta": "QN1201", "station_id": "urn:agentwin:city:ev-charging-station:a7b1486c803718e0836ff37d8ac2bd6fc598adf88874ea3adef5b0a7638471cf" }, "geometry": { "type": "Point", "coordinates": [ -73.795295, 40.707865 ] } },
{ "type": "Feature", "properties": { "agency": "QPL", "station_name": "QPL - 79-50 Bell Blvd, Queens", "charger_types": [ "Level 2 Charger" ], "no_of_ports": 1, "street": "79-50 Bell Blvd", "city": "Queens", "postcode": "11364", "borough": "Queens", "public_charger_": "No", "fee_for_city_drivers": "No", "latitude": 40.734936, "longitude": -73.755509, "community_district": 411.0, "council_district": 23.0, "census_tract": 129103.0, "bin": 4164306.0, "bbl": 4077720001.0, "nta": "QN1104", "station_id": "urn:agentwin:city:ev-charging-station:95636358457f41df9f61a6e85be473e383774797b061479218942a59e1298e83" }, "geometry": { "type": "Point", "coordinates": [ -73.755509, 40.734936 ] } },
{ "type": "Feature", "properties": { "agency": "DHS", "station_name": "DHS - 175-10 88 Avenue, Queens", "charger_types": [ "Level 2 Charger" ], "no_of_ports": 3, "street": "175-10 88 Avenue", "city": "Queens", "postcode": "11432", "borough": "Queens", "public_charger_": "No", "fee_for_city_drivers": "No", "latitude": 40.711075, "longitude": -73.787032, "community_district": 412.0, "council_district": 27.0, "census_tract": 462.0, "bin": 4448804.0, "bbl": 4098330004.0, "nta": "QN1201", "station_id": "urn:agentwin:city:ev-charging-station:3f08b667eeaa6a82685aaa889d49012061fd3daf75127aeddcdde86b523b029b" }, "geometry": { "type": "Point", "coordinates": [ -73.787032, 40.711075 ] } },
{ "type": "Feature", "properties": { "agency": "DOH", "station_name": "DOH - 455 1st Ave., Manhattan", "charger_types": [ "Level 2 Charger" ], "no_of_ports": 2, "street": "455 1st Ave.", "city": "New York", "postcode": "10016", "borough": "Manhattan", "public_charger_": "No", "fee_for_city_drivers": "No", "latitude": 40.739162, "longitude": -73.976894, "community_district": 106.0, "council_district": 2.0, "census_tract": 66.0, "bin": 1020610.0, "bbl": 1009320017.0, "nta": "MN0603", "station_id": "urn:agentwin:city:ev-charging-station:df641c414eee1a9eb191aa9088c2bfe0aedcf7c02b97594a3a4016464aab2da8" }, "geometry": { "type": "Point", "coordinates": [ -73.976894, 40.739162 ] } },
{ "type": "Feature", "properties": { "agency": "DPR", "station_name": "DPR - 21 Slosson Ave, Staten Island", "charger_types": [ "Level 2 Charger" ], "no_of_ports": 12, "street": "21 Slosson Ave", "city": "Staten Island", "postcode": "10314", "borough": "Staten Island", "public_charger_": "No", "fee_for_city_drivers": "No", "latitude": 40.62089, "longitude": -74.119394, "community_district": 501.0, "council_district": 49.0, "census_tract": 147.0, "bin": 5112422.0, "bbl": 5003190001.0, "nta": "SI0105", "station_id": "urn:agentwin:city:ev-charging-station:9c0384020ef97ec13205dac1040f39d157f2f86a018d0e44cec93367fe463e4e" }, "geometry": { "type": "Point", "coordinates": [ -74.119394, 40.62089 ] } },
{ "type": "Feature", "properties": { "agency": "FDNY", "station_name": "FDNY - 266 Rockaway Ave, Brooklyn", "charger_types": [ "Level 2 Charger" ], "no_of_ports": 1, "street": "266 Rockaway Ave", "city": "Brooklyn", "postcode": "11233", "borough": "Brooklyn", "public_charger_": "No", "fee_for_city_drivers": "No", "latitude": 40.674096, "longitude": -73.91115, "community_district": 316.0, "council_district": 41.0, "census_tract": 36501.0, "bin": 3038942.0, "bbl": 3014480040.0, "nta": "BK1601", "station_id": "urn:agentwin:city:ev-charging-station:3d100cc95b346219e84cc4af0e939845bc9deda86102933ed5cf0e58e9cc1f39" }, "geometry": { "type": "Point", "coordinates": [ -73.91115, 40.674096 ] } },
{ "type": "Feature", "properties": { "agency": "HRA", "station_name": "HRA - 2440 Fulton Street, Brooklyn", "charger_types": [ "Level 3 Fast Charger" ], "no_of_ports": 3, "street": "2440 Fulton Street", "city": "Brooklyn", "postcode": "11207", "borough": "Brooklyn", "public_charger_": "No", "fee_for_city_drivers": "No", "latitude": 40.677869, "longitude": -73.903473, "community_district": 316.0, "council_district": 37.0, "census_tract": 367.0, "bin": 3000000.0, "bbl": 3015540016.0, "nta": "BK1601", "station_id": "urn:agentwin:city:ev-charging-station:dcc25eeee98aeadb3c14bcf93a9c2a9727636caf7092930c6e20c7ffc0843414" }, "geometry": { "type": "Point", "coordinates": [ -73.903473, 40.677869 ] } },
{ "type": "Feature", "properties": { "agency": "DSNY", "station_name": "DSNY - 58-73 53rd Ave, Queens", "charger_types": [ "Level 2 Charger" ], "no_of_ports": 2, "street": "58-73 53rd Ave", "city": "Woodside", "postcode": "11377", "borough": "Queens", "public_charger_": "No", "fee_for_city_drivers": "No", "latitude": 40.734136, "longitude": -73.909403, "community_district": 402.0, "council_district": 26.0, "census_tract": 243.0, "bin": 4462505.0, "bbl": 4023610268.0, "nta": "QN0203", "station_id": "urn:agentwin:city:ev-charging-station:03e3c4f3f3acaa260a32e02476b545b0cd2587201d34004b1869bd1d80717148" }, "geometry": { "type": "Point", "coordinates": [ -73.909403, 40.734136 ] } },
{ "type": "Feature", "properties": { "agency": "FDNY", "station_name": "FDNY - 1592 Richmond Road, Staten Island", "charger_types": [ "Level 3 Fast Charger" ], "no_of_ports": 1, "street": "1592 Richmond Road", "city": "Staten Island", "postcode": "10304", "borough": "Staten Island", "public_charger_": "No", "fee_for_city_drivers": "No", "latitude": 40.590935, "longitude": -74.100895, "community_district": 502.0, "council_district": 50.0, "census_tract": 9602.0, "bin": 5048682.0, "bbl": 5033060008.0, "nta": "SI0201", "station_id": "urn:agentwin:city:ev-charging-station:9a242f2d5c95abd61a38d11fc7d0403bdb53ba7907675eeed88191d3f0a165f9" }, "geometry": { "type": "Point", "coordinates": [ -74.100895, 40.590935 ] } },
{ "type": "Feature", "properties": { "agency": "DPR", "station_name": "DPR - 1-09 Beach 30th St, Queens", "charger_types": [ "EV Solar Arc Charger" ], "no_of_ports": 1, "street": "1-09 Beach 30th St", "city": "Far Rockaway", "postcode": "11691", "borough": "Queens", "public_charger_": "Solar Carport Charging", "fee_for_city_drivers": "No", "latitude": 40.593116, "longitude": -73.762539, "community_district": 414.0, "council_district": 31.0, "census_tract": 99802.0, "bin": 4000000.0, "bbl": 4158220048.0, "nta": "QN1401", "station_id": "urn:agentwin:city:ev-charging-station:5c6842f785b3146c64bea3c78998643ee6a697378f7a4c8f171c96a6deca1ca9" }, "geometry": { "type": "Point", "coordinates": [ -73.762539, 40.593116 ] } },
{ "type": "Feature", "properties": { "agency": "DOE", "station_name": "DOE - 86-35 235th Ct, Queens", "charger_types": [ "Level 2 Charger" ], "no_of_ports": 2, "street": "86-35 235th Ct", "city": "Queens", "postcode": "11427", "borough": "Queens", "public_charger_": "No", "fee_for_city_drivers": "No", "latitude": 40.732112, "longitude": -73.73246, "community_district": 413.0, "council_district": 23.0, "census_tract": 1621.0, "bin": 4166561.0, "bbl": 4079550002.0, "nta": "QN1302", "station_id": "urn:agentwin:city:ev-charging-station:df1cbc397410f91663cd3c580fdaebdb9c16e999729ad7df9da40f9eb6c6236e" }, "geometry": { "type": "Point", "coordinates": [ -73.73246, 40.732112 ] } },
{ "type": "Feature", "properties": { "agency": "DOT", "station_name": "DOT - 8501 5th Ave, Brooklyn", "charger_types": [ "DOT Municipal Level 2 Charger" ], "no_of_ports": 5, "street": "8501 5th Ave", "city": "Brooklyn", "postcode": "11209", "borough": "Brooklyn", "public_charger_": "Yes", "fee_for_city_drivers": "$0.27 per kWh", "latitude": 40.622039, "longitude": -74.025734, "community_district": 310.0, "council_district": 47.0, "census_tract": 142.0, "bin": 3153196.0, "bbl": 3060360001.0, "nta": "BK1001", "station_id": "urn:agentwin:city:ev-charging-station:194ff385e9051b4861c4892fa1163a77e9c4f268f348610e5b344d4d29c830c7" }, "geometry": { "type": "Point", "coordinates": [ -74.025734, 40.622039 ] } },
{ "type": "Feature", "properties": { "agency": "DOC", "station_name": "DOC - 11-15 Hazen St, Bronx", "charger_types": [ "EV Solar Canopy Charger" ], "no_of_ports": 6, "street": "11-15 Hazen St", "city": "East Elmhurst", "postcode": "11370", "borough": "Bronx", "public_charger_": "No", "fee_for_city_drivers": "No", "latitude": 40.793737, "longitude": -73.884135, "community_district": 401.0, "council_district": 22.0, "census_tract": 1.0, "bin": null, "bbl": null, "nta": "QN0151", "station_id": "urn:agentwin:city:ev-charging-station:26900b16a428c46f40c9960bdf5f63c9a8d9972ff43611ce20ae5f8c93f59250" }, "geometry": { "type": "Point", "coordinates": [ -73.884135, 40.793737 ] } },
{ "type": "Feature", "properties": { "agency": "DPR", "station_name": "DPR - 3808 Victory Boulevard, Staten Island", "charger_types": [ "Level 2 Charger" ], "no_of_ports": 4, "street": "3808 Victory Boulevard", "city": "Staten Island", "postcode": "10314", "borough": "Staten Island", "public_charger_": "No", "fee_for_city_drivers": "No", "latitude": 40.596755, "longitude": -74.182514, "community_district": 502.0, "council_district": 50.0, "census_tract": 29102.0, "bin": 5127019.0, "bbl": 5026100027.0, "nta": "SI0204", "station_id": "urn:agentwin:city:ev-charging-station:3b9f587c1512665a9d7a29998e34ecfcd9355bd7ba206799271ee851d4cd654b" }, "geometry": { "type": "Point", "coordinates": [ -74.182514, 40.596755 ] } },
{ "type": "Feature", "properties": { "agency": "DEP", "station_name": "DEP - 127-17 92nd Ave, Queens", "charger_types": [ "Level 2 Charger" ], "no_of_ports": 4, "street": "127-17 92nd Ave", "city": "Queens", "postcode": "11418", "borough": "Queens", "public_charger_": "No", "fee_for_city_drivers": "No", "latitude": 40.697353, "longitude": -73.821682, "community_district": 409.0, "council_district": 29.0, "census_tract": 14202.0, "bin": 4590407.0, "bbl": 4093560035.0, "nta": "QN0902", "station_id": "urn:agentwin:city:ev-charging-station:799b410cff54879d09b60b5bdb4e84fdd7def5d956d90032a864986c73154291" }, "geometry": { "type": "Point", "coordinates": [ -73.821682, 40.697353 ] } },
{ "type": "Feature", "properties": { "agency": "DOE", "station_name": "DOE - 41-77 Little Neck Pkwy, Queens", "charger_types": [ "Level 2 Charger" ], "no_of_ports": 1, "street": "41-77 Little Neck Pkwy", "city": "Queens", "postcode": "11363", "borough": "Queens", "public_charger_": "No", "fee_for_city_drivers": "No", "latitude": 40.771186, "longitude": -73.739252, "community_district": 411.0, "council_district": 19.0, "census_tract": 1479.0, "bin": 4169468.0, "bbl": 4081350029.0, "nta": "QN1103", "station_id": "urn:agentwin:city:ev-charging-station:6ce2375b159a3e0ad0a98258f7a22b05ac49bf5a84626d3d874b69ea3d74ec20" }, "geometry": { "type": "Point", "coordinates": [ -73.739252, 40.771186 ] } },
{ "type": "Feature", "properties": { "agency": "DOC", "station_name": "DOC - 10- 10 Hazen St, Bronx", "charger_types": [ "Level 2 Charger" ], "no_of_ports": 2, "street": "10- 10 Hazen St", "city": "Queens", "postcode": "11370", "borough": "Bronx", "public_charger_": "No", "fee_for_city_drivers": "No", "latitude": 40.793474, "longitude": -73.884161, "community_district": 401.0, "council_district": 22.0, "census_tract": 1.0, "bin": 2116651.0, "bbl": 2026050040.0, "nta": "QN0151", "station_id": "urn:agentwin:city:ev-charging-station:be448d4c70ed780582955d0de9f1bbb3b0ca79fa07f393139dd1a656d087b6dd" }, "geometry": { "type": "Point", "coordinates": [ -73.884161, 40.793474 ] } },
{ "type": "Feature", "properties": { "agency": "DOT", "station_name": "DOT - 2478 Jerome Avenue, Bronx", "charger_types": [ "DOT Municipal Level 2 Charger" ], "no_of_ports": 5, "street": "2478 Jerome Avenue", "city": "Bronx", "postcode": "10468", "borough": "Bronx", "public_charger_": "Yes", "fee_for_city_drivers": "$0.27 per kWh", "latitude": 40.863249, "longitude": -73.90068, "community_district": 207.0, "council_district": 14.0, "census_tract": 401.0, "bin": 2014125.0, "bbl": 2031890009.0, "nta": "BX0701", "station_id": "urn:agentwin:city:ev-charging-station:22dada86f353ddfd6a040ead0ef37229dc96482bd24079ceefaf19d9dcf8b602" }, "geometry": { "type": "Point", "coordinates": [ -73.90068, 40.863249 ] } },
{ "type": "Feature", "properties": { "agency": "DPR", "station_name": "DPR - 25 Slosson Ave, Staten Island", "charger_types": [ "Level 2 Charger" ], "no_of_ports": 2, "street": "25 Slosson Ave", "city": "Staten Island", "postcode": "10314", "borough": "Staten Island", "public_charger_": "No", "fee_for_city_drivers": "No", "latitude": 40.620778, "longitude": -74.119351, "community_district": 501.0, "council_district": 49.0, "census_tract": 147.0, "bin": null, "bbl": null, "nta": "SI0105", "station_id": "urn:agentwin:city:ev-charging-station:eb0781c684e8aaafaa858a516ccede092323137e7286839022491abbcb1903d0" }, "geometry": { "type": "Point", "coordinates": [ -74.119351, 40.620778 ] } },
{ "type": "Feature", "properties": { "agency": "DOT", "station_name": "DOT - 3510 Jerome Avenue, Bronx", "charger_types": [ "DOT Municipal Level 2 Charger" ], "no_of_ports": 4, "street": "3510 Jerome Avenue", "city": "Bronx", "postcode": "10467", "borough": "Bronx", "public_charger_": "Yes", "fee_for_city_drivers": "$0.27 per kWh", "latitude": 40.88316, "longitude": -73.880887, "community_district": 207.0, "council_district": 11.0, "census_tract": 43101.0, "bin": 2017791.0, "bbl": 2033280010.0, "nta": "BX0703", "station_id": "urn:agentwin:city:ev-charging-station:c6db3a8d06291d396d9b2062f1422623b1e5855c29ccf2f0032696a026dda294" }, "geometry": { "type": "Point", "coordinates": [ -73.880887, 40.88316 ] } },
{ "type": "Feature", "properties": { "agency": "DOT", "station_name": "DOT - 141-22 Brookville Blvd, Queens", "charger_types": [ "Level 2 Charger" ], "no_of_ports": 1, "street": "141-22 Brookville Blvd", "city": "Queens", "postcode": "11422", "borough": "Queens", "public_charger_": "No", "fee_for_city_drivers": "No", "latitude": 40.664556, "longitude": -73.740159, "community_district": 413.0, "council_district": 31.0, "census_tract": 65402.0, "bin": 4448954.0, "bbl": 4135380007.0, "nta": "QN1306", "station_id": "urn:agentwin:city:ev-charging-station:3f0a1be9fb2429c7f1ad81ba036732d8cd0c50d5fbed7e669c9b475726331808" }, "geometry": { "type": "Point", "coordinates": [ -73.740159, 40.664556 ] } },
{ "type": "Feature", "properties": { "agency": "DOT", "station_name": "DOT - 105-113 Essex Street & 112-120 Ludlow Street, Manhattan", "charger_types": [ "DOT Municipal Level 2 Charger", "DOT Municipal Level 3 Charger" ], "no_of_ports": 13, "street": "105-113 Essex Street & 112-120 Ludlow Street", "city": "New York", "postcode": "10002", "borough": "Manhattan", "public_charger_": "Yes", "fee_for_city_drivers": "$0.39 per kWh", "latitude": 40.719086, "longitude": -73.98794, "community_district": 103.0, "council_district": 1.0, "census_tract": 18.0, "bin": 1005326.0, "bbl": 1004100038.0, "nta": "MN0302", "station_id": "urn:agentwin:city:ev-charging-station:30dc014b48e443153477aba9665897cda199448b680b17a8752ab4720a13fb80" }, "geometry": { "type": "Point", "coordinates": [ -73.98794, 40.719086 ] } },
{ "type": "Feature", "properties": { "agency": "DOT", "station_name": "DOT - 45-40 Court Square, Queens", "charger_types": [ "DOT Municipal Level 2 Charger", "DOT Municipal Level 3 Charger" ], "no_of_ports": 13, "street": "45-40 Court Square", "city": "Queens", "postcode": "11101", "borough": "Queens", "public_charger_": "Yes", "fee_for_city_drivers": "$0.39 per kWh", "latitude": 40.745815, "longitude": -73.943549, "community_district": 402.0, "council_district": 26.0, "census_tract": 1901.0, "bin": 4000699.0, "bbl": 4000830018.0, "nta": "QN0201", "station_id": "urn:agentwin:city:ev-charging-station:a0531b2900f0b3875ad75a7d483394f12095d209673974425e46c7833d9a3f06" }, "geometry": { "type": "Point", "coordinates": [ -73.943549, 40.745815 ] } },
{ "type": "Feature", "properties": { "agency": "DOT", "station_name": "DOT - 42-00 Vernon Boulevard, Queens", "charger_types": [ "Level 2 Charger", "Level 3 Fast Charger" ], "no_of_ports": 5, "street": "42-00 Vernon Boulevard", "city": "Queens", "postcode": "11101", "borough": "Queens", "public_charger_": "No", "fee_for_city_drivers": "No", "latitude": 40.754395, "longitude": -73.94923, "community_district": 402.0, "council_district": 26.0, "census_tract": 103.0, "bin": 4005413.0, "bbl": 4004770007.0, "nta": "QN0201", "station_id": "urn:agentwin:city:ev-charging-station:a737bd84d0da5ae51a1d6e5a994cf7952930ecdf109295ca1b705baa5dc11986" }, "geometry": { "type": "Point", "coordinates": [ -73.94923, 40.754395 ] } },
{ "type": "Feature", "properties": { "agency": "DPR", "station_name": "DPR - 54-54 43rd St, Queens", "charger_types": [ "Level 2 Charger" ], "no_of_ports": 2, "street": "54-54 43rd St", "city": "Queens", "postcode": "11378", "borough": "Queens", "public_charger_": "No", "fee_for_city_drivers": "No", "latitude": 40.73087, "longitude": -73.925175, "community_district": 402.0, "council_district": 26.0, "census_tract": 205.0, "bin": 4058801.0, "bbl": 4025170032.0, "nta": "QN0202", "station_id": "urn:agentwin:city:ev-charging-station:f18185ade7099d9a850b6f0f6fa55f9afd6039c6ba02a1186e7d170cd43dd11f" }, "geometry": { "type": "Point", "coordinates": [ -73.925175, 40.73087 ] } },
{ "type": "Feature", "properties": { "agency": "DSNY", "station_name": "DSNY - 2501 Knapp St, Brooklyn", "charger_types": [ "Level 2 Charger", "Level 3 Fast Charger" ], "no_of_ports": 3, "street": "2501 Knapp St", "city": "Brooklyn", "postcode": "11235", "borough": "Brooklyn", "public_charger_": "No", "fee_for_city_drivers": "No", "latitude": 40.592214, "longitude": -73.932546, "community_district": 315.0, "council_district": 46.0, "census_tract": 628.0, "bin": 3414032.0, "bbl": 3088350001.0, "nta": "BK1503", "station_id": "urn:agentwin:city:ev-charging-station:532d4bfaeddcf2aa34ad6ce7bbae270d1d50156414d84f4ad25111c71925ab8a" }, "geometry": { "type": "Point", "coordinates": [ -73.932546, 40.592214 ] } },
{ "type": "Feature", "properties": { "agency": "FDNY", "station_name": "FDNY - 720 Melrose Avenue, Bronx", "charger_types": [ "Level 2 Charger", "Level 3 Fast Charger" ], "no_of_ports": 3, "street": "720 Melrose Avenue", "city": "The Bronx", "postcode": "10455", "borough": "Bronx", "public_charger_": "No", "fee_for_city_drivers": "No", "latitude": 40.820422, "longitude": -73.915778, "community_district": 201.0, "council_district": 17.0, "census_tract": 69.0, "bin": 2001400.0, "bbl": 2023770001.0, "nta": "BX0102", "station_id": "urn:agentwin:city:ev-charging-station:6eb1c60889208d7e0bd779bcf77d58dca7ce3009eb148e7b3b23aeec5287c8e9" }, "geometry": { "type": "Point", "coordinates": [ -73.915778, 40.820422 ] } },
{ "type": "Feature", "properties": { "agency": "DOT", "station_name": "DOT - 80-25 126th Street, Queens", "charger_types": [ "DOT Municipal Level 2 Charger", "DOT Municipal Level 3 Charger" ], "no_of_ports": 34, "street": "80-25 126th Street", "city": "Queens", "postcode": "11415", "borough": "Queens", "public_charger_": "Yes", "fee_for_city_drivers": "$0.27 per kWh", "latitude": 40.714856, "longitude": -73.82705, "community_district": 409.0, "council_district": 29.0, "census_tract": 21601.0, "bin": 4620879.0, "bbl": 4096570001.0, "nta": "QN0901", "station_id": "urn:agentwin:city:ev-charging-station:2cbcbda14f4fced4672fae4fe0e46d15e2c32fec4cb0b8e0a74edcb4f20ea8ac" }, "geometry": { "type": "Point", "coordinates": [ -73.82705, 40.714856 ] } },
{ "type": "Feature", "properties": { "agency": "DOT", "station_name": "DOT - 32-11 Harper St, Queens", "charger_types": [ "EV Solar Arc Charger" ], "no_of_ports": 1, "street": "32-11 Harper St", "city": "Flushing", "postcode": "11368", "borough": "Queens", "public_charger_": "No", "fee_for_city_drivers": "No", "latitude": 40.764102, "longitude": -73.842217, "community_district": 407.0, "council_district": 21.0, "census_tract": 38301.0, "bin": 4444576.0, "bbl": 4017900001.0, "nta": "QN0707", "station_id": "urn:agentwin:city:ev-charging-station:6ac342341cfb19d03562a7523eb3f4e889ae99561541759c6bc417f17aef6a52" }, "geometry": { "type": "Point", "coordinates": [ -73.842217, 40.764102 ] } },
{ "type": "Feature", "properties": { "agency": "DOT", "station_name": "DOT - 345 East 59th Street, Manhattan", "charger_types": [ "Level 2 Charger", "Level 3 Fast Charger" ], "no_of_ports": 10, "street": "345 East 59th Street", "city": "New York", "postcode": "10022", "borough": "Manhattan", "public_charger_": "No", "fee_for_city_drivers": "No", "latitude": 40.759933, "longitude": -73.962697, "community_district": 108.0, "council_district": 5.0, "census_tract": 110.0, "bin": 1000000.0, "bbl": 1014340001.0, "nta": "MN0801", "station_id": "urn:agentwin:city:ev-charging-station:13307b4549c10ecdf7c1615ec64116945dde139e59304b4839481c489c23e4c0" }, "geometry": { "type": "Point", "coordinates": [ -73.962697, 40.759933 ] } },
{ "type": "Feature", "properties": { "agency": "DSNY", "station_name": "DSNY - 80 Henry Street, Brooklyn", "charger_types": [ "Level 2 Charger" ], "no_of_ports": 1, "street": "80 Henry Street", "city": "New York", "postcode": "10002", "borough": "Brooklyn", "public_charger_": "No", "fee_for_city_drivers": "No", "latitude": 40.698451, "longitude": -73.992546, "community_district": 302.0, "council_district": 33.0, "census_tract": 1.0, "bin": 3001700.0, "bbl": 3002260025.0, "nta": "BK0201", "station_id": "urn:agentwin:city:ev-charging-station:6f07358d5d92e3005cae45458ff9d8c61ca46678d6eac6ff3b67ade36bb28d11" }, "geometry": { "type": "Point", "coordinates": [ -73.992546, 40.698451 ] } },
{ "type": "Feature", "properties": { "agency": "DOT", "station_name": "DOT - 150-07 Archer Avenue, Queens", "charger_types": [ "DOT Municipal Level 2 Charger" ], "no_of_ports": 3, "street": "150-07 Archer Avenue", "city": "Queens", "postcode": "11432", "borough": "Queens", "public_charger_": "Yes", "fee_for_city_drivers": "$0.27 per kWh", "latitude": 40.701386, "longitude": -73.80374, "community_district": 412.0, "council_district": 27.0, "census_tract": 240.0, "bin": 4215602.0, "bbl": 4100920001.0, "nta": "QN1201", "station_id": "urn:agentwin:city:ev-charging-station:87dfd5436f6f3ce1b0be148513af4d58f5fbe64faf2505225f6a3bac7b4a566d" }, "geometry": { "type": "Point", "coordinates": [ -73.80374, 40.701386 ] } },
{ "type": "Feature", "properties": { "agency": "DPR", "station_name": "DPR - 29 N 10th St, Brooklyn", "charger_types": [ "EV Solar Arc Charger" ], "no_of_ports": 2, "street": "29 N 10th St", "city": "Brooklyn", "postcode": "11249", "borough": "Brooklyn", "public_charger_": "No", "fee_for_city_drivers": "No", "latitude": 40.722456, "longitude": -73.96068, "community_district": 301.0, "council_district": 33.0, "census_tract": 557.0, "bin": 3414046.0, "bbl": 3022940005.0, "nta": "BK0102", "station_id": "urn:agentwin:city:ev-charging-station:64d5f5a0de2b0e44035fafefd69eaa44f9b42d15be4f9184a70a4efe4ff475b4" }, "geometry": { "type": "Point", "coordinates": [ -73.96068, 40.722456 ] } },
{ "type": "Feature", "properties": { "agency": "NYPD", "station_name": "NYPD - 450 Cross Bronx Expy, Bronx", "charger_types": [ "Level 2 Charger", "Level 3 Fast Charger" ], "no_of_ports": 2, "street": "450 Cross Bronx Expy", "city": "The Bronx", "postcode": "10457", "borough": "Bronx", "public_charger_": "No", "fee_for_city_drivers": "No", "latitude": 40.844149, "longitude": -73.900604, "community_district": 206.0, "council_district": 15.0, "census_tract": 165.0, "bin": 2009509.0, "bbl": 2029070010.0, "nta": "BX0302", "station_id": "urn:agentwin:city:ev-charging-station:c5e970550ac23df28d20a63e4d526773350ff547710c69e63ee85da98ec3853e" }, "geometry": { "type": "Point", "coordinates": [ -73.900604, 40.844149 ] } },
{ "type": "Feature", "properties": { "agency": "DPR", "station_name": "DPR - 3278 Middletown Rd, Bronx", "charger_types": [ "EV Solar Arc Charger" ], "no_of_ports": 2, "street": "3278 Middletown Rd", "city": "Bronx", "postcode": "10465", "borough": "Bronx", "public_charger_": "No", "fee_for_city_drivers": "No", "latitude": 40.848118, "longitude": -73.821238, "community_district": 210.0, "council_district": 13.0, "census_tract": 27401.0, "bin": 2075923.0, "bbl": 2054130059.0, "nta": "BX1003", "station_id": "urn:agentwin:city:ev-charging-station:bb267fca91cf43510a3191d7a5f545168f278d625e4c06bc187a5361ea69afb9" }, "geometry": { "type": "Point", "coordinates": [ -73.821238, 40.848118 ] } },
{ "type": "Feature", "properties": { "agency": "DOT", "station_name": "DOT - 2900 Flatbush Avenue, Brooklyn", "charger_types": [ "Level 3 Fast Charger" ], "no_of_ports": 2, "street": "2900 Flatbush Avenue", "city": "Brooklyn", "postcode": "11234", "borough": "Brooklyn", "public_charger_": "No", "fee_for_city_drivers": "No", "latitude": 40.600248, "longitude": -73.912051, "community_district": 318.0, "council_district": 46.0, "census_tract": 666.0, "bin": 3397327.0, "bbl": 3085900600.0, "nta": "BK1891", "station_id": "urn:agentwin:city:ev-charging-station:567068512814a33fcde5281b762ad96f00dd91e8fc8497774d5138214f5aaa4e" }, "geometry": { "type": "Point", "coordinates": [ -73.912051, 40.600248 ] } },
{ "type": "Feature", "properties": { "agency": "DOT", "station_name": "DOT - 32 Old Slip, Manhattan", "charger_types": [ "Level 2 Charger" ], "no_of_ports": 4, "street": "32 Old Slip", "city": "New York", "postcode": "10005", "borough": "Manhattan", "public_charger_": "No", "fee_for_city_drivers": "No", "latitude": 40.703573, "longitude": -74.008036, "community_district": 101.0, "council_district": 1.0, "census_tract": 7.0, "bin": 1000867.0, "bbl": 1000350001.0, "nta": "MN0101", "station_id": "urn:agentwin:city:ev-charging-station:1c7ffac90d182d6e2dfac994439dd0cb7c229d91981a74d02596445f05ed4fc4" }, "geometry": { "type": "Point", "coordinates": [ -74.008036, 40.703573 ] } },
{ "type": "Feature", "properties": { "agency": "DOT", "station_name": "DOT - 42 South St, Manhattan", "charger_types": [ "Level 2 Charger" ], "no_of_ports": 4, "street": "42 South St", "city": "New York", "postcode": "10005", "borough": "Manhattan", "public_charger_": "No", "fee_for_city_drivers": "No", "latitude": 40.703466, "longitude": -74.007538, "community_district": 101.0, "council_district": 1.0, "census_tract": 7.0, "bin": 1000867.0, "bbl": 1000350001.0, "nta": "MN0101", "station_id": "urn:agentwin:city:ev-charging-station:c4dd9b28fef0611b2c103f519ff0ed9bd3b83f997e5ad0e0f826871d8b8405d5" }, "geometry": { "type": "Point", "coordinates": [ -74.007538, 40.703466 ] } },
{ "type": "Feature", "properties": { "agency": "NYPD", "station_name": "NYPD - 151 West 100th Street, Manhattan", "charger_types": [ "Level 3 Fast Charger" ], "no_of_ports": 1, "street": "151 West 100th Street", "city": "New York", "postcode": "10025", "borough": "Manhattan", "public_charger_": "No", "fee_for_city_drivers": "No", "latitude": 40.79625, "longitude": -73.967509, "community_district": 107.0, "council_district": 7.0, "census_tract": 189.0, "bin": 1055910.0, "bbl": 1018550005.0, "nta": "MN0703", "station_id": "urn:agentwin:city:ev-charging-station:935d00f6f921cdcc915348d3c48e36b7493a8fc7d3f147770624011c2b4a2a1c" }, "geometry": { "type": "Point", "coordinates": [ -73.967509, 40.79625 ] } },
{ "type": "Feature", "properties": { "agency": "DOT", "station_name": "DOT - 54 Central Avenue, Staten Island", "charger_types": [ "DOT Municipal Level 2 Charger" ], "no_of_ports": 5, "street": "54 Central Avenue", "city": "Staten Island", "postcode": "10301", "borough": "Staten Island", "public_charger_": "Yes", "fee_for_city_drivers": "$0.27 per kWh", "latitude": 40.640566, "longitude": -74.076713, "community_district": 501.0, "council_district": 49.0, "census_tract": 3.0, "bin": 5151736.0, "bbl": 5000060021.0, "nta": "SI0101", "station_id": "urn:agentwin:city:ev-charging-station:1c21d49d88f1a941a9ad28471192cccd0aa713de1c18ee85c1a3d4430ee42d0d" }, "geometry": { "type": "Point", "coordinates": [ -74.076713, 40.640566 ] } },
{ "type": "Feature", "properties": { "agency": "DPR", "station_name": "DPR - 3002 Foster Avenue, Brooklyn", "charger_types": [ "Level 3 Fast Charger" ], "no_of_ports": 2, "street": "3002 Foster Avenue", "city": "Brooklyn", "postcode": "11210", "borough": "Brooklyn", "public_charger_": "No", "fee_for_city_drivers": "No", "latitude": 40.638609, "longitude": -73.948086, "community_district": 317.0, "council_district": 45.0, "census_tract": 78802.0, "bin": 3113806.0, "bbl": 3049950026.0, "nta": "BK1702", "station_id": "urn:agentwin:city:ev-charging-station:1a2c5ccd299e601a2dda49477986d14634de0bd00b0383935ff5a039dcb95187" }, "geometry": { "type": "Point", "coordinates": [ -73.948086, 40.638609 ] } },
{ "type": "Feature", "properties": { "agency": "DSNY", "station_name": "DSNY - 559 Park Avenue, Brooklyn", "charger_types": [ "Level 2 Charger", "Level 3 Fast Charger" ], "no_of_ports": 29, "street": "559 Park Avenue", "city": "Brooklyn", "postcode": "11205", "borough": "Brooklyn", "public_charger_": "No", "fee_for_city_drivers": "No", "latitude": 40.697144, "longitude": -73.953529, "community_district": 303.0, "council_district": 33.0, "census_tract": 1237.0, "bin": 3426233.0, "bbl": 3017180001.0, "nta": "BK0301", "station_id": "urn:agentwin:city:ev-charging-station:bc091ade75a347d3981f888396126dfaa9c366135d4943112465babf7f112bc7" }, "geometry": { "type": "Point", "coordinates": [ -73.953529, 40.697144 ] } },
{ "type": "Feature", "properties": { "agency": "DPR", "station_name": "DPR - 1-00 Meridian Rd, Queens", "charger_types": [ "EV Solar Arc Charger" ], "no_of_ports": 1, "street": "1-00 Meridian Rd", "city": "Queens", "postcode": "11368", "borough": "Queens", "public_charger_": "No", "fee_for_city_drivers": "No", "latitude": 40.741892, "longitude": -73.84454, "community_district": 481.0, "council_district": 21.0, "census_tract": 38302.0, "bin": null, "bbl": null, "nta": "QN8191", "station_id": "urn:agentwin:city:ev-charging-station:050663d521b8452f5b778c3e6af22be5edd84dade9e07a000350e5ebb9769b1c" }, "geometry": { "type": "Point", "coordinates": [ -73.84454, 40.741892 ] } },
{ "type": "Feature", "properties": { "agency": "FDNY", "station_name": "FDNY - 58-65 52nd Road, Queens", "charger_types": [ "Level 2 Charger" ], "no_of_ports": 4, "street": "58-65 52nd Road", "city": "Queens", "postcode": "11377", "borough": "Queens", "public_charger_": "No", "fee_for_city_drivers": "No", "latitude": 40.73442, "longitude": -73.907602, "community_district": 402.0, "council_district": 26.0, "census_tract": 243.0, "bin": 4054172.0, "bbl": 4023510023.0, "nta": "QN0203", "station_id": "urn:agentwin:city:ev-charging-station:08fcf33f65e67ba688718782ac4d9f4e58abfde221a5646554086765b12fb183" }, "geometry": { "type": "Point", "coordinates": [ -73.907602, 40.73442 ] } },
{ "type": "Feature", "properties": { "agency": "DSNY", "station_name": "DSNY - 59-98 52nd Rd, Queens", "charger_types": [ "Level 2 Charger" ], "no_of_ports": 2, "street": "59-98 52nd Rd", "city": "Queens", "postcode": "11377", "borough": "Queens", "public_charger_": "No", "fee_for_city_drivers": "No", "latitude": 40.734035, "longitude": -73.906155, "community_district": 402.0, "council_district": 26.0, "census_tract": 243.0, "bin": null, "bbl": null, "nta": "QN0203", "station_id": "urn:agentwin:city:ev-charging-station:ed98df653a987f3b47f93133ed8c9bbb8759eee194db6c0d02f17f79d0a0ff29" }, "geometry": { "type": "Point", "coordinates": [ -73.906155, 40.734035 ] } },
{ "type": "Feature", "properties": { "agency": "NYPD", "station_name": "NYPD - 137-58 Northern Blvd, Queens", "charger_types": [ "Level 2 Charger" ], "no_of_ports": 1, "street": "137-58 Northern Blvd", "city": "Queens", "postcode": "11354", "borough": "Queens", "public_charger_": "No", "fee_for_city_drivers": "No", "latitude": 40.763664, "longitude": -73.829208, "community_district": 407.0, "council_district": 20.0, "census_tract": 869.0, "bin": 4112351.0, "bbl": 4049770039.0, "nta": "QN0707", "station_id": "urn:agentwin:city:ev-charging-station:3efa2db347b09f88fff1a633ab50e7f709dc452f4fe31136e41deb04f7fc954e" }, "geometry": { "type": "Point", "coordinates": [ -73.829208, 40.763664 ] } },
{ "type": "Feature", "properties": { "agency": "DOH", "station_name": "DOH - 485 Throop Avenue, Brooklyn", "charger_types": [ "Level 2 Charger", "Level 3 Fast Charger" ], "no_of_ports": 4, "street": "485 Throop Avenue", "city": "Brooklyn", "postcode": "11221", "borough": "Brooklyn", "public_charger_": "No", "fee_for_city_drivers": "No", "latitude": 40.685654, "longitude": -73.941462, "community_district": 303.0, "council_district": 36.0, "census_tract": 277.0, "bin": 3051782.0, "bbl": 3018260001.0, "nta": "BK0302", "station_id": "urn:agentwin:city:ev-charging-station:2fabf3834a3fc0a6c7eb56b3d0d065a421af2e1cfb4a6d04ebd2a5bc01d749db" }, "geometry": { "type": "Point", "coordinates": [ -73.941462, 40.685654 ] } },
{ "type": "Feature", "properties": { "agency": "FDNY", "station_name": "FDNY - 301 Gold Street, Brooklyn", "charger_types": [ "Level 3 Fast Charger" ], "no_of_ports": 1, "street": "301 Gold Street", "city": "Brooklyn", "postcode": "11201", "borough": "Brooklyn", "public_charger_": "No", "fee_for_city_drivers": "No", "latitude": 40.695447, "longitude": -73.983228, "community_district": 302.0, "council_district": 35.0, "census_tract": 1501.0, "bin": 3000252.0, "bbl": 3001340006.0, "nta": "BK0202", "station_id": "urn:agentwin:city:ev-charging-station:c585c14cc99b14444685c7f0826858fd1e2bfa53ca46e97ec8bfdcf033b8decc" }, "geometry": { "type": "Point", "coordinates": [ -73.983228, 40.695447 ] } },
{ "type": "Feature", "properties": { "agency": "DCAS", "station_name": "DCAS - 130 Stuyvesant Place, Staten Island", "charger_types": [ "Level 3 Fast Charger" ], "no_of_ports": 2, "street": "130 Stuyvesant Place", "city": "Staten Island", "postcode": "10301", "borough": "Staten Island", "public_charger_": "No", "fee_for_city_drivers": "No", "latitude": 40.642907, "longitude": -74.076889, "community_district": 501.0, "council_district": 49.0, "census_tract": 3.0, "bin": 5000085.0, "bbl": 5000080070.0, "nta": "SI0101", "station_id": "urn:agentwin:city:ev-charging-station:6f2841b59c97a3bae77897242183d6f39801907f4485e552b27f4c53dc1270f6" }, "geometry": { "type": "Point", "coordinates": [ -74.076889, 40.642907 ] } },
{ "type": "Feature", "properties": { "agency": "NYPD", "station_name": "NYPD - 301 Gold Street, Brooklyn", "charger_types": [ "Level 3 Fast Charger" ], "no_of_ports": 1, "street": "301 Gold Street", "city": "Brooklyn", "postcode": "11201", "borough": "Brooklyn", "public_charger_": "No", "fee_for_city_drivers": "No", "latitude": 40.695447, "longitude": -73.983228, "community_district": 302.0, "council_district": 35.0, "census_tract": 1501.0, "bin": 3000252.0, "bbl": 3001340006.0, "nta": "BK0202", "station_id": "urn:agentwin:city:ev-charging-station:9225b3ffd8587f65b8b98062644a7eadb3a2dc9490f90cd2dcc205a38f699b19" }, "geometry": { "type": "Point", "coordinates": [ -73.983228, 40.695447 ] } },
{ "type": "Feature", "properties": { "agency": "DSNY", "station_name": "DSNY - 580 Main St, Manhattan", "charger_types": [ "Level 2 Charger" ], "no_of_ports": 1, "street": "580 Main St", "city": "Roosevelt Island", "postcode": "10044", "borough": "Manhattan", "public_charger_": "No", "fee_for_city_drivers": "No", "latitude": 40.76295, "longitude": -73.949097, "community_district": 108.0, "council_district": 5.0, "census_tract": 23803.0, "bin": 1089341.0, "bbl": 1013730030.0, "nta": "MN0801", "station_id": "urn:agentwin:city:ev-charging-station:07c38e2e5673864b50060ad007d79d0cd041c61d65554e890436b3a05b29b61b" }, "geometry": { "type": "Point", "coordinates": [ -73.949097, 40.76295 ] } },
{ "type": "Feature", "properties": { "agency": "DPR", "station_name": "DPR - 3-66 Beach 75th Street, Queens", "charger_types": [ "Level 2 Charger" ], "no_of_ports": 14, "street": "3-66 Beach 75th Street", "city": "Queens", "postcode": "11692", "borough": "Queens", "public_charger_": "No", "fee_for_city_drivers": "No", "latitude": 40.591747, "longitude": -73.803252, "community_district": 414.0, "council_district": 31.0, "census_tract": 94202.0, "bin": 4000000.0, "bbl": 4160790001.0, "nta": "QN1402", "station_id": "urn:agentwin:city:ev-charging-station:d2e1048a0bbe1c0152bc52d4051be2cb9f9682be6654f67d318c29fcaf087d40" }, "geometry": { "type": "Point", "coordinates": [ -73.803252, 40.591747 ] } },
{ "type": "Feature", "properties": { "agency": "DSNY", "station_name": "DSNY - 1010 Muldoon Ave, Staten Island", "charger_types": [ "Level 2 Charger" ], "no_of_ports": 3, "street": "1010 Muldoon Ave", "city": "Staten Island", "postcode": "10312", "borough": "Staten Island", "public_charger_": "No", "fee_for_city_drivers": "No", "latitude": 40.571138, "longitude": -74.195348, "community_district": 503.0, "council_district": 51.0, "census_tract": 22801.0, "bin": 5158129.0, "bbl": 5059000500.0, "nta": "SI0391", "station_id": "urn:agentwin:city:ev-charging-station:8d58d9655da2d962cbb827c24284507011ef4def4eecc50fb04682d288b50988" }, "geometry": { "type": "Point", "coordinates": [ -74.195348, 40.571138 ] } },
{ "type": "Feature", "properties": { "agency": "DPR", "station_name": "DPR - 2131 Hart St, Bronx", "charger_types": [ "EV Solar Arc Charger" ], "no_of_ports": 1, "street": "2131 Hart St", "city": "Bronx", "postcode": "10473", "borough": "Bronx", "public_charger_": "No", "fee_for_city_drivers": "No", "latitude": 40.811647, "longitude": -73.846685, "community_district": 209.0, "council_district": 18.0, "census_tract": 4.0, "bin": null, "bbl": null, "nta": "BX0902", "station_id": "urn:agentwin:city:ev-charging-station:d79daef9a5bd12926035b0af31aca72c23a8df2902d09931fcbf4c63684fb967" }, "geometry": { "type": "Point", "coordinates": [ -73.846685, 40.811647 ] } },
{ "type": "Feature", "properties": { "agency": "DPR", "station_name": "DPR - 97-77 Queens Boulevard, Queens", "charger_types": [ "Level 2 Charger" ], "no_of_ports": 28, "street": "97-77 Queens Boulevard", "city": "Queens", "postcode": "11374", "borough": "Queens", "public_charger_": "No", "fee_for_city_drivers": "No", "latitude": 40.728721, "longitude": -73.858501, "community_district": 406.0, "council_district": 29.0, "census_tract": 71701.0, "bin": 4050482.0, "bbl": 4020920001.0, "nta": "QN0601", "station_id": "urn:agentwin:city:ev-charging-station:c386790acc69e3d370e5093bcf74a7ef0473e5e99e07ff88b7458a35e6f16d2a" }, "geometry": { "type": "Point", "coordinates": [ -73.858501, 40.728721 ] } },
{ "type": "Feature", "properties": { "agency": "DCAS", "station_name": "DCAS - 851 Grand Concourse, Bronx", "charger_types": [ "Level 2 Charger" ], "no_of_ports": 1, "street": "851 Grand Concourse", "city": "Bronx", "postcode": "10451", "borough": "Bronx", "public_charger_": "No", "fee_for_city_drivers": "No", "latitude": 40.826048, "longitude": -73.923102, "community_district": 204.0, "council_district": 16.0, "census_tract": 6301.0, "bin": 2002869.0, "bbl": 2024680001.0, "nta": "BX0401", "station_id": "urn:agentwin:city:ev-charging-station:3845beba233617c0be73a2d9853e9eead9a5220ff837f8bee29c9911ef0230e5" }, "geometry": { "type": "Point", "coordinates": [ -73.923102, 40.826048 ] } },
{ "type": "Feature", "properties": { "agency": "DOE", "station_name": "DOE - 143 Baxter St, Manhattan", "charger_types": [ "Level 2 Charger" ], "no_of_ports": 2, "street": "143 Baxter St", "city": "Manhattan", "postcode": "10013", "borough": "Manhattan", "public_charger_": "No", "fee_for_city_drivers": "No", "latitude": 40.718903, "longitude": -73.998438, "community_district": 102.0, "council_district": 1.0, "census_tract": 41.0, "bin": 1003086.0, "bbl": 1002360038.0, "nta": "MN0201", "station_id": "urn:agentwin:city:ev-charging-station:30de416d485dbb05df576da0bcbeda620bc0da690ec7664d0b868c7346f353cf" }, "geometry": { "type": "Point", "coordinates": [ -73.998438, 40.718903 ] } },
{ "type": "Feature", "properties": { "agency": "DSNY", "station_name": "DSNY - 455 Park Avenue, Brooklyn", "charger_types": [ "Level 2 Charger" ], "no_of_ports": 2, "street": "455 Park Avenue", "city": "Brooklyn", "postcode": "11205", "borough": "Brooklyn", "public_charger_": "No", "fee_for_city_drivers": "No", "latitude": 40.696528, "longitude": -73.958885, "community_district": 303.0, "council_district": 33.0, "census_tract": 1237.0, "bin": 3329789.0, "bbl": 3018840070.0, "nta": "BK0301", "station_id": "urn:agentwin:city:ev-charging-station:4fafdcffc3aef013bc0d7e158d6f548f02f28baf8c9e339ae72d47830e8ddd42" }, "geometry": { "type": "Point", "coordinates": [ -73.958885, 40.696528 ] } },
{ "type": "Feature", "properties": { "agency": "DPR", "station_name": "DPR - 151 97th Street Transverse, Manhattan", "charger_types": [ "Level 2 Charger" ], "no_of_ports": 4, "street": "151 97th Street Transverse", "city": "New York", "postcode": "10029", "borough": "Manhattan", "public_charger_": "No", "fee_for_city_drivers": "No", "latitude": 40.790363, "longitude": -73.960055, "community_district": 164.0, "council_district": 6.0, "census_tract": 143.0, "bin": 1083840.0, "bbl": 1011110001.0, "nta": "MN6491", "station_id": "urn:agentwin:city:ev-charging-station:3419ca6a02a752188980ed341073f1a6b73c3be65c072827ccfd809fd599a3cc" }, "geometry": { "type": "Point", "coordinates": [ -73.960055, 40.790363 ] } },
{ "type": "Feature", "properties": { "agency": "DCAS", "station_name": "DCAS - 265 E 161st St, Bronx", "charger_types": [ "Level 2 Charger" ], "no_of_ports": 2, "street": "265 E 161st St", "city": "Bronx", "postcode": "10451", "borough": "Bronx", "public_charger_": "No", "fee_for_city_drivers": "No", "latitude": 40.825928, "longitude": -73.919514, "community_district": 204.0, "council_district": 16.0, "census_tract": 18302.0, "bin": 2097114.0, "bbl": 2024440001.0, "nta": "BX0401", "station_id": "urn:agentwin:city:ev-charging-station:d63016860f8fe8c468f7ec6696c9ebeb6c1a02f5e1e2544b4558e630d30ee589" }, "geometry": { "type": "Point", "coordinates": [ -73.919514, 40.825928 ] } }
]
}
