,agency,station_name,charger_types,no_of_ports,street,city,postcode,borough,public_charger_,fee_for_city_drivers,latitude,longitude,community_district,council_district,census_tract,bin,bbl,nta,station_id,geometry
0,ACS,"ACS - 2554 Linden Blvd, Brooklyn","['Level 2 Charger', 'Level 3 Fast Charger']",3,2554 Linden Blvd,East New York,11208,Brooklyn,No,No,40.668034,-73.869949,305.0,42.0,1220.0,3098733.0,3044840013.0,BK0505,urn:agentwin:city:ev-charging-station:4e55380591804d5a51f8a8af547ae27ec0b105f0e571b8f3ef14436d2b8720ff,POINT (-73.869949 40.668034)
1,ACS,"ACS - 350 St Marks Pl, Staten Island",['Level 2 Charger'],1,350 St Marks Pl,Staten Island,10301,Staten Island,No,No,40.640708,-74.077697,501.0,49.0,3.0,5000185.0,5000160054.0,SI0101,urn:agentwin:city:ev-charging-station:78800793b10184db7725961665d38cc708f296fd21960b20437b3d1ee22b8f08,POINT (-74.077697 40.640708)
2,CITYHALL,"CITYHALL - New York City Hall, Manhattan",['Level 2 Charger'],4,New York City Hall,New York,10007,Manhattan,No,No,40.712806,-74.006096,101.0,1.0,31.0,1079147.0,1001220001.0,MN0102,urn:agentwin:city:ev-charging-station:5534de34b7b1c5723f6dc00e89da499bf22f8783bb6ba67eab25b6bee545cb99,POINT (-74.006096 40.712806)
3,DCAS,"DCAS - 1 Centre St, Manhattan","['EV Solar Arc Charger', 'Level 3 Fast Charger']",3,1 Centre St,New York,10007,Manhattan,No,No,40.713001,-74.004181,101.0,1.0,2901.0,1001394.0,1001210001.0,MN0102,urn:agentwin:city:ev-charging-station:20506606d91d26d9c2dc071dc7cadee6124c26ccb00a4dccb847198b40f881b8,POINT (-74.004181 40.713001)
4,DCAS,"DCAS - 2 Navy St, Brooklyn","['Level 2 Charger', 'Level 3 Fast Charger']",5,2 Navy St,Brooklyn,11201,Brooklyn,No,No,40.70061,-73.98042,302.0,35.0,23.0,,,BK0202,urn:agentwin:city:ev-charging-station:f97f5bcdf6dc4b13ebcc9643b119d7a95f3643c08e55a0fb9a3f6f7987a0e7d1,POINT (-73.98042 40.70061)
5,DCAS,"DCAS - 6626 Metropolitan Avenue, Queens","['Level 2 Charger', 'Level 3 Fast Charger']",8,6626 Metropolitan Avenue,Queens,11379,Queens,No,No,40.712377,-73.892143,405.0,30.0,61301.0,4443103.0,4036050001.0,QN0502,urn:agentwin:city:ev-charging-station:9a14c1bde75a2f8b61d73de4f629ee3ca95834c5c9d70f09944d16d8f638a44f,POINT (-73.892143 40.712377)
6,DCAS,"DCAS - 390 Kent Ave, Brooklyn","['Level 2 Charger', 'Level 3 Fast Charger']",7,390 Kent Ave,Brooklyn,11249,Brooklyn,No,No,40.711246,-73.968348,301.0,33.0,549.0,3063635.0,3024670001.0,BK0102,urn:agentwin:city:ev-charging-station:d813edcf427984a64b4229ccbaef92e4991709d546d13288f850127ee0d48150,POINT (-73.968348 40.711246)
7,DCAS,"DCAS - 350 Marconi Street, Bronx",['Level 3 Fast Charger'],4,350 Marconi Street,The Bronx,10461,Bronx,No,No,40.853529,-73.839048,211.0,13.0,284.0,2125035.0,2042260075.0,BX1161,urn:agentwin:city:ev-charging-station:e898f921bf0fd9b8aa13e7b90433296edf7639e00446f9205846717bef54e3f7,POINT (-73.839048 40.853529)
8,DCAS,"DCAS - 120-55 Queens Blvd, Queens",['Level 3 Fast Charger'],1,120-55 Queens Blvd,Queens,11415,Queens,No,No,40.713329,-73.828601,409.0,29.0,21601.0,4052812.0,4022740002.0,QN0901,urn:agentwin:city:ev-charging-station:a17b7a55b4d70b19cea94fcb6f0115a2106f1d4315d82ab48453159cc3f9ee54,POINT (-73.828601 40.713329)
9,DCAS,"DCAS - 100 Gold St, Manhattan","['Level 2 Charger', 'Level 3 Fast Charger']",6,100 Gold St,New York,10038,Manhattan,No,No,40.710353,-74.004007,101.0,1.0,1501.0,1001289.0,1000940025.0,MN0101,urn:agentwin:city:ev-charging-station:70a44de37e42a3c4d819e1fda395ca9f60f7449d4327449fc89e67ad559ff66d,POINT (-74.004007 40.710353)
10,DDC,"DDC - 3030 Thomson Ave, Queens","['EV Solar Arc Charger', 'Level 2 Charger', 'Level 3 Fast Charger']",5,3030 Thomson Ave,Queens,11101,Queens,No,No,40.745042,-73.936191,402.0,26.0,17902.0,4003533.0,4002770001.0,QN0202,urn:agentwin:city:ev-charging-station:ef2e8327a9eddcc2c4c67a2b98e0df2dc7dc2576fd71410c897c9daba6021b78,POINT (-73.936191 40.745042)
11,DDC,"DDC - 30-20 Thomson Ave, Queens",['EV Solar Arc Charger'],2,30-20 Thomson Ave,Long Island City,11101,Queens,No,No,40.745095,-73.936635,402.0,26.0,17902.0,4003517.0,4002740001.0,QN0202,urn:agentwin:city:ev-charging-station:931fbc94249e7184699edf0a3d7cdf0a0ee47e601f58feca16ee7fc420eb1728,POINT (-73.936635 40.745095)
12,DEP,"DEP - 2501 Knapp St, Brooklyn",['Level 2 Charger'],2,2501 Knapp St,Brooklyn,11235,Brooklyn,No,No,40.592214,-73.932546,315.0,46.0,628.0,3414032.0,3088350001.0,BK1503,urn:agentwin:city:ev-charging-station:4f5a93fc7f9476c1229ded245e27d19ff14c7c04d92663ed4805d0509f5edfa4,POINT (-73.932546 40.592214)
13,DEP,"DEP - 2405 Amsterdam Avenue, Manhattan",['Level 3 Fast Charger'],2,2405 Amsterdam Avenue,New York,10033,Manhattan,No,No,40.846982,-73.931709,112.0,10.0,311.0,1076738.0,1021060001.0,MN1291,urn:agentwin:city:ev-charging-station:c80469b31925caeb689b85b48f1234a77d1a0e1ce6df2fd9122e2c85e91703ad,POINT (-73.931709 40.846982)
14,DEP,"DEP - 12266 Flatlands Ave, Brooklyn","['Level 2 Charger', 'Level 3 Fast Charger']",12,12266 Flatlands Ave,Brooklyn,11207,Brooklyn,No,No,40.654817,-73.881479,305.0,42.0,107003.0,3000000.0,3044400001.0,BK0504,urn:agentwin:city:ev-charging-station:ede7be6898a28a64efdd90aaf682dedbecffee007458b3b1be6a5b57dedb8ed1,POINT (-73.881479 40.654817)
15,DEP,"DEP - 1540 Van Siclen Ave, Brooklyn",['Level 3 Fast Charger'],1,1540 Van Siclen Ave,Starrett City,11239,Brooklyn,No,No,40.648214,-73.877613,305.0,42.0,105801.0,3343608.0,3044520200.0,BK0504,urn:agentwin:city:ev-charging-station:e5aaf1e66aa33b350ee1cea64e5fda1c8f877d80785c163758ba35c0be70560d,POINT (-73.877613 40.648214)
16,DEP,"DEP - 3701 Jerome Ave, Bronx","['EV Solar Arc Charger', 'Level 2 Charger', 'Level 3 Fast Charger']",7,3701 Jerome Ave,Bronx,10467,Bronx,No,No,40.887018,-73.878095,226.0,11.0,43503.0,2112995.0,2059000001.0,BX2691,urn:agentwin:city:ev-charging-station:d8b7d0b767a4b32b9325a088e9b55ddf5ff5dddcdb4b70384d913c54fe2fcc9c,POINT (-73.878095 40.887018)
17,DEP,"DEP - 623 Myrtle Ave, Brooklyn",['Level 2 Charger'],4,623 Myrtle Ave,Bedford-Stuyvesant,11205,Brooklyn,No,No,40.694275,-73.958854,303.0,33.0,1237.0,3341943.0,3018980001.0,BK0301,urn:agentwin:city:ev-charging-station:81dfa21f1544576b88dd4c3c7009911ffaa0cff760b34ef643039bcb042a08b3,POINT (-73.958854 40.694275)
18,DEP,"DEP - 7 Ward's Island Bridge, Manhattan",['Level 2 Charger'],2,7 Ward's Island Bridge,New York,10035,Manhattan,No,No,40.792839,-73.922819,111.0,8.0,240.0,1000000.0,1018190015.0,MN1191,urn:agentwin:city:ev-charging-station:7cd2ca9900ffda191022d81844b4048a487dd3f803b610fd472b1a5afe15dc55,POINT (-73.922819 40.792839)
19,DEP,"DEP - 116 K Rd, Manhattan",['EV Solar Arc Charger'],4,116 K Rd,New York,10035,Manhattan,No,No,40.791469,-73.921474,111.0,8.0,240.0,1089375.0,1018190030.0,MN1191,urn:agentwin:city:ev-charging-station:2657dc53234b9cabe9954a4158da3dc428b4973cbf425a0574dfb39bae582f39,POINT (-73.921474 40.791469)
20,DEP,"DEP - 117 K Rd, Manhattan",['EV Solar Arc Charger'],1,117 K Rd,New York,10035,Manhattan,No,No,40.791483,-73.921463,111.0,8.0,240.0,1088056.0,1018190015.0,MN1191,urn:agentwin:city:ev-charging-station:c7bb90471578b07543b9539b6bcc968f899880627e1beee55eb5e60990043038,POINT (-73.921463 40.791483)
21,DEP,"DEP - 930 Zerega Ave, Bronx","['Level 2 Charger', 'Level 3 Fast Charger']",20,930 Zerega Ave,East Bronx,10473,Bronx,No,No,40.827109,-73.843596,209.0,18.0,90.0,2023318.0,2037060001.0,BX0903,urn:agentwin:city:ev-charging-station:00d6a7afd786f64e0b6870e8076f87fd732870a13c0259af74eda93c702518de,POINT (-73.843596 40.827109)
22,DEP,"DEP - 43-1 Berrian Blvd, Queens","['Level 2 Charger', 'Level 3 Fast Charger']",7,43-1 Berrian Blvd,Queens,11105,Queens,No,No,40.778421,-73.894593,401.0,22.0,10701.0,4442400.0,4007760150.0,QN0101,urn:agentwin:city:ev-charging-station:385ac49db5337aa0d3fd4ca45306857b63a15011aa085c2d8c9eddf4ef753c23,POINT (-73.894593 40.778421)
23,DEP,"DEP - 855 Remsen Ave, Brooklyn",['Level 3 Fast Charger'],4,855 Remsen Ave,Brooklyn,11236,Brooklyn,No,No,40.646913,-73.913395,318.0,42.0,960.0,3397904.0,3081160001.0,BK1803,urn:agentwin:city:ev-charging-station:dd096b815cc0c575ab2b08815a8d1a41b9918e3591b209156ba49aaba76f7b35,POINT (-73.913395 40.646913)
24,DEP,"DEP - 22 N 15th St, Brooklyn",['EV Solar Arc Charger'],1,22 N 15th St,Brooklyn,11222,Brooklyn,No,No,40.724694,-73.956901,301.0,33.0,561.0,3065473.0,3026130001.0,BK0101,urn:agentwin:city:ev-charging-station:089bbcedff6d1f9d9e378790abdeb6609a685a16bb5ad8ea4ce148c0b08f4f8b,POINT (-73.956901 40.724694)
25,DEP,"DEP - 3201 Jerome Ave, Bronx","['EV Solar Arc Charger', 'Level 3 Fast Charger']",4,3201 Jerome Ave,The Bronx,10468,Bronx,No,No,40.877534,-73.887189,207.0,11.0,409.0,2015443.0,2032510401.0,BX0702,urn:agentwin:city:ev-charging-station:31bade07fc9cae7e415d1144bad008fc3bcce143a347558e6e98cc9d19093ab1,POINT (-73.887189 40.877534)
26,DEP,"DEP - 1270 Victory Blvd, Staten Island",['Level 2 Charger'],2,1270 Victory Blvd,Staten Island,10301,Staten Island,No,No,40.615436,-74.105751,501.0,49.0,16901.0,5112448.0,5006690001.0,SI0105,urn:agentwin:city:ev-charging-station:417138a80453f1025e1f808a722fb8567f8fab90bed13b14ca7a370fc94d6ecb,POINT (-74.105751 40.615436)
27,DEP,"DEP - 201 Douglass St, Brooklyn",['Level 2 Charger'],2,201 Douglass St,Brooklyn,11217,Brooklyn,No,No,40.681639,-73.987684,306.0,39.0,71.0,3336088.0,3004110014.0,BK0601,urn:agentwin:city:ev-charging-station:4b79370ba57cd637822b888ce553c03e1a886239469fb9a27ab6a81a4cfe9965,POINT (-73.987684 40.681639)
28,DEP,"DEP - 305 Seigel St, Brooklyn",['Level 2 Charger'],2,305 Seigel St,East Williamsburg,11206,Brooklyn,No,No,40.705517,-73.934242,301.0,34.0,485.0,,,BK0104,urn:agentwin:city:ev-charging-station:8e5a06cb13011d27ad0fbfbbfb7b248e89775fcd75b24685978c1316b97307a4,POINT (-73.934242 40.705517)
29,DEP,"DEP - 164-11 110th Avenue, Queens",['Level 3 Fast Charger'],2,164-11 110th Avenue,Queens,11433,Queens,No,No,40.693916,-73.787682,412.0,27.0,258.0,4216720.0,4101820032.0,QN1202,urn:agentwin:city:ev-charging-station:992046a170f2a96ebf6c628c84929b33250561b2f5496f0d4c79afe04b5958d4,POINT (-73.787682 40.693916)
30,DEP,"DEP - 164-21 110th Avenue, Queens",['Level 3 Fast Charger'],1,164-21 110th Avenue,Queens,11433,Queens,No,No,40.694094,-73.787263,412.0,27.0,258.0,4216773.0,4101850125.0,QN1202,urn:agentwin:city:ev-charging-station:ec51861af08c1b28c38969562620aa5984427409a35e650b298d272d3496a1ed,POINT (-73.787263 40.694094)
31,DEP,"DEP - 1270 Ryawa Ave, Bronx",['Level 3 Fast Charger'],6,1270 Ryawa Ave,Bronx,10474,Bronx,No,No,40.804827,-73.884759,202.0,17.0,9302.0,2118156.0,2027800002.0,BX0201,urn:agentwin:city:ev-charging-station:d207e55cd7d5566772d2459ed38ff4ffa8ee34dbb7b705b7f2f6885b76ef556f,POINT (-73.884759 40.804827)
32,DEP,"DEP - 150-20 134Th St, Queens","['Level 2 Charger', 'Level 3 Fast Charger']",5,150-20 134Th St,Jamaica,11420,Queens,No,No,40.662964,-73.806765,410.0,31.0,716.0,4459547.0,4119000002.0,QN8381,urn:agentwin:city:ev-charging-station:eec43b1da9c94c665b0712001b3074192c604624153d804fc9e3f9b37dc72b3f,POINT (-73.806765 40.662964)
33,DEP,"DEP - 3055 Goulden Avenue, Bronx",['Level 3 Fast Charger'],1,3055 Goulden Avenue,Bronx,10468,Bronx,No,No,40.877917,-73.892251,208.0,11.0,409.0,2015221.0,2032460001.0,BX0702,urn:agentwin:city:ev-charging-station:3172f2a7184654334df4e01b509efcc22f6aca3b04352b72aeb4e7e7dccd3636,POINT (-73.892251 40.877917)
34,DEP,"DEP - 59-17 Junction Blvd, Queens",['Level 2 Charger'],20,59-17 Junction Blvd,Flushing,11373,Queens,No,No,40.734606,-73.864774,404.0,21.0,455.0,4047310.0,4019180001.0,QN0402,urn:agentwin:city:ev-charging-station:e7344d7ade4c028800346a0dc85122cb642c62b03f11d0dcc1e8b8c356dffb27,POINT (-73.864774 40.734606)
35,DEP,"DEP - 96-08 57Th Ave, Queens",['Level 2 Charger'],10,96-08 57Th Ave,Corona,11368,Queens,No,No,40.73698,-73.864625,404.0,21.0,455.0,4047316.0,4019180055.0,QN0402,urn:agentwin:city:ev-charging-station:14ad3c03af2069103cf8156ee21c28c26e539497f2cf1d95b04b6807a7c21f3e,POINT (-73.864625 40.73698)
36,DEP,"DEP - 58-17 Junction Blvd, Queens",['Level 2 Charger'],6,58-17 Junction Blvd,Flushing,11373,Queens,No,No,40.735229,-73.865098,404.0,21.0,455.0,4047312.0,4019180025.0,QN0402,urn:agentwin:city:ev-charging-station:4f7114ff5cc43e30c688df5194ea4d629e46fc459cfa1a032cc071a4b507411a,POINT (-73.865098 40.735229)
37,DEP,"DEP - 28 Pike St, Manhattan",['Level 2 Charger'],2,28 Pike St,New York,10002,Manhattan,No,No,40.71282,-73.992461,103.0,1.0,8.0,,,MN0301,urn:agentwin:city:ev-charging-station:ad6a9414e97d3ac4252a4130444b4f52e2f9aacec6a0c16fbf7e25ba7cf23002,POINT (-73.992461 40.71282)
38,DEP,"DEP - 30 Pike St, Manhattan",['Level 3 Fast Charger'],1,30 Pike St,New York,10002,Manhattan,No,No,40.712735,-73.99245,103.0,1.0,8.0,1003286.0,1002750028.0,MN0301,urn:agentwin:city:ev-charging-station:3f0a4aa8bcd0db85fe4c158286ab4c0dc33ab817c9e71cd140689ab926fc4ac0,POINT (-73.99245 40.712735)
39,DEP,"DEP - 886 St Nicholas Ave, Manhattan",['Level 3 Fast Charger'],2,886 St Nicholas Ave,New York,10032,Manhattan,No,No,40.83028,-73.941602,109.0,9.0,23501.0,1075503.0,1020690026.0,MN0903,urn:agentwin:city:ev-charging-station:2a9b80740b15e10528a299729ed6724b1241804ed2cbfd951962b026f59e2d01,POINT (-73.941602 40.83028)
40,DEP,"DEP - 329 Greenpoint Ave, Brooklyn",['Level 2 Charger'],16,329 Greenpoint Ave,Brooklyn,11222,Brooklyn,No,No,40.731483,-73.946271,301.0,33.0,57902.0,3332517.0,3025250001.0,BK0101,urn:agentwin:city:ev-charging-station:bed650477ad869e1efe371115f8c616477f4d104c139e190ac4f24306f2f5c97,POINT (-73.946271 40.731483)
41,DEP,"DEP - 267 Greenpoint Ave, Brooklyn",['EV Solar Arc Charger'],2,267 Greenpoint Ave,Greenpoint,11222,Brooklyn,No,No,40.730718,-73.948891,301.0,33.0,57902.0,3398219.0,3025250001.0,BK0101,urn:agentwin:city:ev-charging-station:4f1cd5dea0db7c8d63f777b54dfecb17372e3d3cdf120e788ee52d9fcd75c650,POINT (-73.948891 40.730718)
42,DEP,"DEP - 751 Mill Road, Staten Island","['Level 2 Charger', 'Level 3 Fast Charger']",8,751 Mill Road,Staten Island,10306,Staten Island,No,No,40.552071,-74.116133,503.0,50.0,12805.0,5135536.0,5050670500.0,SI0301,urn:agentwin:city:ev-charging-station:73f731c4c90d0e34eef5dbffa1cd5ad74f669479ab2c514ca4dce020ab43c5ee,POINT (-74.116133 40.552071)
43,DEP,"DEP - 6700 Shore Rd, Brooklyn","['Level 2 Charger', 'Level 3 Fast Charger']",10,6700 Shore Rd,Brooklyn,11220,Brooklyn,No,No,40.6418,-74.034055,310.0,47.0,34.0,3391506.0,3058350001.0,BK1001,urn:agentwin:city:ev-charging-station:b5804cf9beec9e98a88df22b2b9fad69badc2c326a8f7c0105c02fe215dd87cd,POINT (-74.034055 40.6418)
44,DEP,"DEP - 1875 Ralph Ave, Brooklyn",['Level 3 Fast Charger'],1,1875 Ralph Ave,Bergen Beach,11234,Brooklyn,No,No,40.631422,-73.91852,318.0,46.0,69601.0,3398530.0,3083380001.0,BK1802,urn:agentwin:city:ev-charging-station:d2ba90f71354e3e868817452201bba8942a7f67c91d5b6a5de33c642323e0596,POINT (-73.91852 40.631422)
45,DEP,"DEP - 1801 Richmond Terr, Staten Island",['Level 3 Fast Charger'],5,1801 Richmond Terr,Staten Island,10310,Staten Island,No,No,40.637232,-74.125556,501.0,49.0,13302.0,5156437.0,5001850400.0,SI0106,urn:agentwin:city:ev-charging-station:fac90a634f3ada2ada825aca446f5f36730536f5e176aed9beef5724af71d6b6,POINT (-74.125556 40.637232)
46,DEP,"DEP - 133-25 32nd Ave, Queens","['Level 2 Charger', 'Level 3 Fast Charger']",11,133-25 32nd Ave,Queens,11354,Queens,No,No,40.766974,-73.835301,407.0,20.0,869.0,4100766.0,4044060001.0,QN0707,urn:agentwin:city:ev-charging-station:4939a5ed205b42a8b839b0d2476a8ba39f8a7b3371e55399c7b794717cfed0c8,POINT (-73.835301 40.766974)
47,DEP,"DEP - 106-36 180Th St, Queens","['EV Solar Arc Charger', 'Level 2 Charger', 'Level 3 Fast Charger']",14,106-36 180Th St,Jamaica,11433,Queens,No,No,40.703128,-73.77772,412.0,27.0,414.0,4459328.0,4103350032.0,QN1202,urn:agentwin:city:ev-charging-station:e476bbacd8557b472c1fab0e1e30c5b1d88ff8948689ef4c53f504769b871f17,POINT (-73.77772 40.703128)
48,DEP,"DEP - 49-14 Fresh Meadow Ln, Queens","['Level 2 Charger', 'Level 3 Fast Charger']",6,49-14 Fresh Meadow Ln,Queens,11365,Queens,No,No,40.747092,-73.794673,407.0,20.0,120701.0,4438242.0,4055800140.0,QN0705,urn:agentwin:city:ev-charging-station:c881b74071994d96f6eaaddda4a1c55f834c030e6ab491a26d2487664428225b,POINT (-73.794673 40.747092)
49,DEP,"DEP - 63 Flushing Ave, Brooklyn","['Level 2 Charger', 'Level 3 Fast Charger']",4,63 Flushing Ave,Brooklyn,11205,Brooklyn,No,No,40.69802,-73.974986,302.0,33.0,543.0,3335129.0,3020230001.0,BK0261,urn:agentwin:city:ev-charging-station:f84cdee1910913fa9d80f68258b937b2e003a854aff7270a892288e806403035,POINT (-73.974986 40.69802)
50,DEP,"DEP - 182 Joline Ave, Staten Island",['EV Solar Arc Charger'],2,182 Joline Ave,Staten Island,10307,Staten Island,No,No,40.508319,-74.235614,503.0,51.0,24401.0,5087579.0,5078410154.0,SI0305,urn:agentwin:city:ev-charging-station:32373d2783b83d3200d8c109a5b11e44cd330c09543e3bf60cf9655cfada22fc,POINT (-74.235614 40.508319)
51,DEP,"DEP - 350 Flushing Ave, Brooklyn",['Level 3 Fast Charger'],2,350 Flushing Ave,Brooklyn,11205,Brooklyn,No,No,40.69834,-73.960921,303.0,33.0,1237.0,3054189.0,3018820001.0,BK0301,urn:agentwin:city:ev-charging-station:89b5b49012bf1f49d153dcb65396bf622dbabf03d19e5ac1b2b9e999cb7a4eb0,POINT (-73.960921 40.69834)
52,DEP,"DEP - 127-01 Powell Cove Blvd, Queens",['Level 3 Fast Charger'],2,127-01 Powell Cove Blvd,Queens,11356,Queens,No,No,40.793864,-73.840525,407.0,19.0,939.0,4453834.0,4039250001.0,QN0701,urn:agentwin:city:ev-charging-station:29c856c6067d0e2cd832c2e8d8078ec561ca8f8e6c1ef660c792a70955aa6384,POINT (-73.840525 40.793864)
53,DEP,"DEP - 725 W 135Th St, Manhattan","['Level 2 Charger', 'Level 3 Fast Charger']",12,725 W 135Th St,New York,10031,Manhattan,No,No,40.821384,-73.9581,109.0,7.0,22301.0,1084789.0,1021010117.0,MN0902,urn:agentwin:city:ev-charging-station:0e17133edb70339fbc6bea2611fb6a44169bc39ab162668679e3ea350cc6290f,POINT (-73.9581 40.821384)
54,DEP,"DEP - 148 6 Dr, Manhattan",['Level 2 Charger'],1,148 6 Dr,New York,10035,Manhattan,No,No,40.788869,-73.920097,111.0,8.0,240.0,1088060.0,1018190015.0,MN1191,urn:agentwin:city:ev-charging-station:4ce97a44e5c1e84f74fb27bd658d7039347c557206b470697ee8eb878c929b1b,POINT (-73.920097 40.788869)
55,DEP,"DEP - 104 B Rd, Manhattan","['Level 2 Charger', 'Level 3 Fast Charger']",4,104 B Rd,New York,10035,Manhattan,No,No,40.787146,-73.925083,111.0,8.0,240.0,1088039.0,1018190015.0,MN1191,urn:agentwin:city:ev-charging-station:857ef8fd4c273b4bb91b53dff2e3e5d790971b99dfcae0164c3fdcfad866f17f,POINT (-73.925083 40.787146)
56,DEP,"DEP - 142 A Rd, Manhattan","['Level 2 Charger', 'Level 3 Fast Charger']",5,142 A Rd,New York,10035,Manhattan,No,No,40.785113,-73.923366,111.0,8.0,240.0,1088037.0,1018190015.0,MN1191,urn:agentwin:city:ev-charging-station:1cba65cf6e9a9f2954123cb406da47c03a3aac127a6f3f67e8966eb00bb2d5de,POINT (-73.923366 40.785113)
57,DEP,"DEP - 149 8 Dr, Manhattan",['Level 3 Fast Charger'],2,149 8 Dr,New York,10035,Manhattan,No,No,40.788166,-73.919762,111.0,8.0,240.0,1088059.0,1018190015.0,MN1191,urn:agentwin:city:ev-charging-station:6f654f0a250387b7fe04a9e2624aa513f10f1d5ceb16d6d73f9694df0941e2b8,POINT (-73.919762 40.788166)
58,DEP,"DEP - 106 2Nd Dr, Manhattan",['Level 2 Charger'],1,106 2Nd Dr,New York,10035,Manhattan,No,No,40.788715,-73.924539,111.0,8.0,240.0,1088029.0,1018190015.0,MN1191,urn:agentwin:city:ev-charging-station:71aca0b1e54987de236e2649925fedbf1509e18a43825720e1e3a0c73259c694,POINT (-73.924539 40.788715)
59,DEP,"DEP - 111 3Rd Dr, Manhattan",['EV Solar Arc Charger'],1,111 3Rd Dr,New York,10035,Manhattan,No,No,40.787573,-73.924403,111.0,8.0,240.0,1088032.0,1018190015.0,MN1191,urn:agentwin:city:ev-charging-station:6c92c953f3644750b40288033a304e5abd06c743818f6444c5629a64c852b1ac,POINT (-73.924403 40.787573)
60,DEP,"DEP - 116 4Th Dr, Manhattan",['Level 2 Charger'],2,116 4Th Dr,New York,10035,Manhattan,No,No,40.791082,-73.921051,111.0,8.0,240.0,1088022.0,1018190030.0,MN1191,urn:agentwin:city:ev-charging-station:1d7e30a4c82b2773e6f20824136640b6b29d7b6e33e9f8345873d717a1a05c60,POINT (-73.921051 40.791082)
61,DEP,"DEP - 3327-3549 Jerome Ave, Bronx",['Level 2 Charger'],2,3327-3549 Jerome Ave,West Bronx,10468,Bronx,No,No,40.879456,-73.885016,207.0,11.0,421.0,,,BX0703,urn:agentwin:city:ev-charging-station:3fec5eb4f3c46ce7252ac2ec670f861e68e275e459c807895a750ebc513fb290,POINT (-73.885016 40.879456)
62,DEP,"DEP - 1260 Ryawa Ave, Bronx",['Level 2 Charger'],2,1260 Ryawa Ave,Bronx,10474,Bronx,No,No,40.804742,-73.885322,202.0,17.0,9302.0,2118134.0,2027800002.0,BX0201,urn:agentwin:city:ev-charging-station:4779d60f794d937dbbef76b50156019a257fa508ff59e3b28b29a41b010fa962,POINT (-73.885322 40.804742)
63,DEP,"DEP - 1887 Ralph Ave, Brooklyn",['Level 2 Charger'],2,1887 Ralph Ave,Brooklyn,11234,Brooklyn,No,No,40.631239,-73.918502,318.0,46.0,69601.0,3398349.0,3083380001.0,BK1802,urn:agentwin:city:ev-charging-station:1af6dc3a707306e15b77c9f7985a4d810e3ae99adedd06bfc0d396e9cffc0962,POINT (-73.918502 40.631239)
64,DEP,"DEP - 289-369 Greenpoint Ave, Brooklyn",['Level 2 Charger'],1,289-369 Greenpoint Ave,Brooklyn,11222,Brooklyn,No,No,40.730973,-73.947675,301.0,33.0,57902.0,,,BK0101,urn:agentwin:city:ev-charging-station:f97156284cfe6fff9ff08f81cca1a634efbd4beab982470167244e9c1a21e04b,POINT (-73.947675 40.730973)
65,DEP,"DEP - 2509 Knapp St, Brooklyn",['Level 3 Fast Charger'],1,2509 Knapp St,Sheepshead Bay,11235,Brooklyn,No,No,40.592085,-73.932521,315.0,46.0,628.0,3404766.0,3088340175.0,BK1503,urn:agentwin:city:ev-charging-station:8eb7a535c7b3f30c6d495c89606895a8835cb84116785b45f57d69e6105f9fac,POINT (-73.932521 40.592085)
66,DEP,"DEP - 58-30 Grand Ave, Queens",['Level 2 Charger'],2,58-30 Grand Ave,Maspeth,11378,Queens,No,No,40.719651,-73.91119,405.0,30.0,525.0,4059931.0,4026810001.0,QN0501,urn:agentwin:city:ev-charging-station:554784e91eae9d68f85a4d74b7bfa9f06d8bd55c14924f0f2ad88a0f8b47c185,POINT (-73.91119 40.719651)
67,DEP,"DEP - 319 Greenpoint Ave, Brooklyn","['Level 2 Charger', 'Level 3 Fast Charger']",11,319 Greenpoint Ave,Greenpoint,11222,Brooklyn,No,No,40.731272,-73.946848,301.0,33.0,57902.0,3397231.0,3025250001.0,BK0101,urn:agentwin:city:ev-charging-station:5567bc60047f96dfeb2f0f45012e96725a409fb5a9fb17724e507a89b7ff70be,POINT (-73.946848 40.731272)
68,DEP,"DEP - 750 W 145Th St, Manhattan",['Level 2 Charger'],1,750 W 145Th St,New York,10031,Manhattan,No,No,40.827108,-73.95466,109.0,7.0,225.0,1086244.0,1021010100.0,MN0903,urn:agentwin:city:ev-charging-station:ffa5950ec58e4778d7573569150b45123220db6f8e95449fce6b382f4e7b9ee9,POINT (-73.95466 40.827108)
69,DEP,"DEP - 735 W 135th St, Manhattan",['Level 3 Fast Charger'],5,735 W 135th St,New York,10031,Manhattan,No,No,40.821408,-73.958161,109.0,7.0,22301.0,1084789.0,1021010117.0,MN0902,urn:agentwin:city:ev-charging-station:0e13aa762d0c51723d7581a6835c0b34cba383c48a0c51588fe00c7c5fad0637,POINT (-73.958161 40.821408)
70,DEP,"DEP - 327 Greenpoint Ave, Brooklyn",['Level 3 Fast Charger'],1,327 Greenpoint Ave,Greenpoint,11222,Brooklyn,No,No,40.731351,-73.946628,301.0,33.0,57902.0,3336623.0,3025250001.0,BK0101,urn:agentwin:city:ev-charging-station:5d5d1bfd3ae913d00c02a94b7468653d986f52ceac8c1da81174a41c631a0bf8,POINT (-73.946628 40.731351)
71,DEP,"DEP - 683 Mill Rd, Staten Island",['Level 3 Fast Charger'],2,683 Mill Rd,Staten Island,10306,Staten Island,No,No,40.553917,-74.117306,503.0,50.0,12805.0,5000000.0,5047460007.0,SI0301,urn:agentwin:city:ev-charging-station:109a8d759d1709efdb5e3e5cc5c9af56e2370f4dd8d54fa1c3c7846af816b0f3,POINT (-74.117306 40.553917)
72,DHS,"DHS - 300 Skillman Ave, Brooklyn","['Level 2 Charger', 'Level 3 Fast Charger']",5,300 Skillman Ave,Brooklyn,11211,Brooklyn,No,No,40.71663,-73.939205,301.0,34.0,44901.0,3000000.0,3028850025.0,BK0104,urn:agentwin:city:ev-charging-station:7a0c0e1d28b84ba39a8aa076058d015c1b4f95f447240385b72eb87fca61d6f1,POINT (-73.939205 40.71663)
73,DHS,"DHS - 64 Sunken Garden Loop, Manhattan",['Level 2 Charger'],1,64 Sunken Garden Loop,New York,10035,Manhattan,No,No,40.785494,-73.931397,111.0,8.0,240.0,1085877.0,1018190010.0,MN1191,urn:agentwin:city:ev-charging-station:84825dee5e709c1a7e14fbe31b0d977978e9177a758c7b9c3fc21958fec40506,POINT (-73.931397 40.785494)
74,DHS,"DHS - 10107 Farragut Rd, Brooklyn","['Level 2 Charger', 'Level 3 Fast Charger']",7,10107 Farragut Rd,Brooklyn,11236,Brooklyn,No,No,40.648081,-73.901772,318.0,42.0,1098.0,3229148.0,3081490001.0,BK0503,urn:agentwin:city:ev-charging-station:c0ed3bc9352d02cf83777846b30d33d9847547b02858e3a30544cb871859bda2,POINT (-73.901772 40.648081)
75,DOB,"DOB - 280 Broadway, Manhattan",['Level 3 Fast Charger'],1,280 Broadway,Manhattan,10007,Manhattan,No,No,40.714417,-74.006089,101.0,1.0,31.0,1079215.0,1001530001.0,MN0102,urn:agentwin:city:ev-charging-station:5e0ec615ab5fa3f1a566f0c3e9406404921d2f26c84812f68475317c7d1d1fe6,POINT (-74.006089 40.714417)
76,DOB,"DOB - 120-55 Queens Blvd, Queens",['EV Solar Arc Charger'],1,120-55 Queens Blvd,Queens,11424,Queens,No,No,40.713329,-73.828601,409.0,29.0,21601.0,4052812.0,4022740002.0,QN0901,urn:agentwin:city:ev-charging-station:14df867af32c1c834df99280827beebfd41ab628bdef0b1731666e09722bdc55,POINT (-73.828601 40.713329)
77,DOC,"DOC - 16-16 Hazen St, Queens","['Level 2 Charger', 'Level 3 Fast Charger']",11,16-16 Hazen St,Queens,11370,Queens,No,No,40.790301,-73.884412,401.0,22.0,1.0,,,QN0151,urn:agentwin:city:ev-charging-station:3c43acb7752442f5e5c10f397d6ec829dfef692bf796008383e066bb18d54441,POINT (-73.884412 40.790301)
78,DOC,"DOC - 12-00 Hazen Street, Queens",['Level 2 Charger'],2,12-00 Hazen Street,East Elmhurst,11370,Queens,No,No,40.793765,-73.884156,401.0,22.0,1.0,,,QN0151,urn:agentwin:city:ev-charging-station:d86530d8d6f2a77a4d24127402b25e634bda4f8e10951ed0259cb08ea385a135,POINT (-73.884156 40.793765)
79,DOC,"DOC - 15-0 Hazen St, Queens","['EV Solar Arc Charger', 'Level 2 Charger']",3,15-0 Hazen St,East Elmhurst,11370,Queens,No,No,40.790985,-73.884396,401.0,22.0,1.0,2116652.0,2026050040.0,QN0151,urn:agentwin:city:ev-charging-station:0842bb735b67bf0b4a7d3150dd727ab1f37ce83a20dbe0f28a724947825dde4d,POINT (-73.884396 40.790985)
80,DOC,"DOC - Rikers Island, Queens",['Level 2 Charger'],2,Rikers Island,East Elmhurst,11370,Queens,No,No,40.790576,-73.881894,401.0,22.0,1.0,2000000.0,2026050040.0,QN0151,urn:agentwin:city:ev-charging-station:6cf6eaab1751caf876885dfe436c220f126da9dbd4e3122d91d40be7270dfacf,POINT (-73.881894 40.790576)
81,DOC,"DOC - 16-06 Hazen St, Bronx",['Level 2 Charger'],2,16-06 Hazen St,The Bronx,11370,Bronx,No,No,40.790307,-73.884412,401.0,22.0,1.0,2109475.0,2026050040.0,QN0151,urn:agentwin:city:ev-charging-station:b0b0f65e1a6c89754d531c4736dc09865cc4fe8a2453c475dbdb78b1dac80117,POINT (-73.884412 40.790307)
82,DOC,"DOC - 1717 Hazen St., Queens","['Level 2 Charger', 'Level 3 Fast Charger']",8,1717 Hazen St.,Riker's Island,11370,Queens,No,No,40.788899,-73.884411,401.0,22.0,1.0,,,QN0151,urn:agentwin:city:ev-charging-station:711952c5196b584122ddc9e3e2705f173afe7ca1fd6227831266bf5480e510a3,POINT (-73.884411 40.788899)
83,DOC,"DOC - 15-15 Hazen Street, Queens",['Level 2 Charger'],3,15-15 Hazen Street,The Bronx,11370,Queens,No,No,40.790976,-73.884374,401.0,22.0,1.0,2097042.0,2026050040.0,QN0151,urn:agentwin:city:ev-charging-station:646fdf37037fa1cf4d120c15527c8fb792d4403dbfa1eb1bfd131f5ed0b4e683,POINT (-73.884374 40.790976)
84,DOC,"DOC - 09-09 Hazen Street, Queens",['Level 2 Charger'],2,09-09 Hazen Street,The Bronx,11370,Queens,No,No,40.794577,-73.884162,401.0,22.0,1.0,2096863.0,2026050040.0,QN0151,urn:agentwin:city:ev-charging-station:0dc53a3cffdc0015af6c1bb6af6cfc5253c1e44c61218fe0cf85e7ccfa426b9d,POINT (-73.884162 40.794577)
85,DOC,"DOC - 16-00 Hazen Street, Bronx",['Level 2 Charger'],2,16-00 Hazen Street,The Bronx,11370,Bronx,No,No,40.790312,-73.884412,401.0,22.0,1.0,2109474.0,2026050040.0,QN0151,urn:agentwin:city:ev-charging-station:1d7e967f4c2f8929834240aa960b3b1e4bb0858d0be099be8bbf930414d1a0e4,POINT (-73.884412 40.790312)
86,DOC,"DOC - 125-01 82Nd Ave, Queens",['Level 2 Charger'],2,125-01 82Nd Ave,Kew Gardens,11415,Queens,No,No,40.710935,-73.831627,409.0,29.0,775.0,4079703.0,4033370047.0,QN0901,urn:agentwin:city:ev-charging-station:2a607df4ad81eb6b58ec1f7297f4308ffc793f5ac73344037a6ca1588efc64a2,POINT (-73.831627 40.710935)
87,DOC,"DOC - 19-19 Hazen St, Queens",['Level 2 Charger'],2,19-19 Hazen St,New York,11370,Queens,No,No,40.788432,-73.884444,401.0,22.0,1.0,2109477.0,2026050040.0,QN0151,urn:agentwin:city:ev-charging-station:2359a32c01d172a0d5822fcf36a24739bb89b15dbd99b7220d7f75578c10600b,POINT (-73.884444 40.788432)
88,DOC,"DOC - 1 Halleck Street, Bronx",['EV Solar Arc Charger'],1,1 Halleck Street,Bronx,10474,Bronx,No,No,40.802228,-73.877557,202.0,17.0,9302.0,2128421.0,2027800073.0,BX0201,urn:agentwin:city:ev-charging-station:3ff70c0a2dd9287a61dd060f5b2aebd0d5ed0377ac277177dba3ec383fc7b13e,POINT (-73.877557 40.802228)
89,DOE,"DOE - 165-65 84Th Ave, Queens",['Level 2 Charger'],2,165-65 84Th Ave,Queens,11432,Queens,No,No,40.715389,-73.800369,408.0,24.0,452.0,4211027.0,4098670002.0,QN0805,urn:agentwin:city:ev-charging-station:9db5d36b91836e9969a743dca15f6614d52375d3969c0a33a7e7440b2eb75774,POINT (-73.800369 40.715389)
90,DOE,"DOE - 6581 Hylan Blvd, Staten Island",['Level 2 Charger'],5,6581 Hylan Blvd,Staten Island,10309,Staten Island,No,No,40.509084,-74.22093,503.0,51.0,198.0,5000000.0,5076640001.0,SI0304,urn:agentwin:city:ev-charging-station:4bd57953a0499795333acdf2ddc3aa1891e2d23cda036f42e913f75171c523cc,POINT (-74.22093 40.509084)
91,DOE,"DOE - 131 Livingston St, Brooklyn",['Level 2 Charger'],3,131 Livingston St,Downtown Brooklyn,11201,Brooklyn,No,No,40.690743,-73.988605,302.0,33.0,37.0,3000420.0,3001540001.0,BK0202,urn:agentwin:city:ev-charging-station:2a99b9bdf696666cf923720b3fd0288892f2fab9e13da7fa64e43f3837bfe59e,POINT (-73.988605 40.690743)
92,DOE,"DOE - 9517 Kings Hwy, Brooklyn",['Level 2 Charger'],1,9517 Kings Hwy,Brooklyn,11212,Brooklyn,No,No,40.65911,-73.920368,317.0,41.0,886.0,3101218.0,3046500015.0,BK1704,urn:agentwin:city:ev-charging-station:d07de2d85ef1300ffb19e9b9713c9e86061f36d1ce3740fd1f8143d7cd50bff2,POINT (-73.920368 40.65911)
93,DOE,"DOE - 715 Ocean Terrace, Staten Island",['Level 2 Charger'],2,715 Ocean Terrace,Staten Island,10301,Staten Island,No,No,40.608756,-74.102344,502.0,50.0,17701.0,5113169.0,5006830001.0,SI0203,urn:agentwin:city:ev-charging-station:8516367354edc30c59279b1aa8a512fb33230181fbb399386601fce461ce480f,POINT (-74.102344 40.608756)
94,DOE,"DOE - 1700 Fulton St, Brooklyn",['Level 2 Charger'],1,1700 Fulton St,Brooklyn,11213,Brooklyn,No,No,40.67944,-73.932407,303.0,36.0,271.0,3047996.0,3017010001.0,BK0302,urn:agentwin:city:ev-charging-station:547a49be23413df44961d51ae8254664585d28d32545cabfbe8c654d122e0b65,POINT (-73.932407 40.67944)
95,DOE,"DOE - 3047 Bruckner Blvd, Bronx",['Level 2 Charger'],2,3047 Bruckner Blvd,Bronx,10461,Bronx,No,No,40.83587,-73.825774,210.0,13.0,184.0,2129669.0,2053130092.0,BX1002,urn:agentwin:city:ev-charging-station:71fd60f4e19fdbe073b57921bdfb6443f696231057d6d9e69aab68e20d06f3f7,POINT (-73.825774 40.83587)
96,DOE,"DOE - 71 W 205th St, Bronx",['Level 2 Charger'],1,71 W 205th St,The Bronx,10468,Bronx,No,No,40.877537,-73.890921,207.0,11.0,409.0,2130657.0,2032510201.0,BX0702,urn:agentwin:city:ev-charging-station:6efd410728d1dbf4ddc87c4e83304dfb3a5d661e444197b4747fc1b99605595e,POINT (-73.890921 40.877537)
97,DOE,"DOE - 231 Malta St, Brooklyn",['Level 2 Charger'],2,231 Malta St,East New York,11207,Brooklyn,No,No,40.655179,-73.892416,305.0,42.0,1104.0,3097770.0,3043650012.0,BK0503,urn:agentwin:city:ev-charging-station:174a7f96ae6517277420244b2740df547b8611de3a86baa64e38df55fe4b3da1,POINT (-73.892416 40.655179)
98,DOE,"DOE - 6565 Flatlands Ave, Brooklyn",['Level 2 Charger'],4,6565 Flatlands Ave,Brooklyn,11236,Brooklyn,No,No,40.633285,-73.916735,318.0,46.0,950.0,3224139.0,3079980005.0,BK1803,urn:agentwin:city:ev-charging-station:d2262b983efad47c5dde0a4de25e7ad3a18c6c157283d0cb81b5aef9a03fbc8b,POINT (-73.916735 40.633285)
99,DOE,"DOE - 128 Waterbury St, Brooklyn",['Level 2 Charger'],2,128 Waterbury St,Brooklyn,11206,Brooklyn,No,No,40.711722,-73.937926,301.0,34.0,485.0,3325747.0,3030210001.0,BK0104,urn:agentwin:city:ev-charging-station:b097086c61748a9a7a4306151e1e986b616cb1a8f6f986a70dc61dcf43a9da93,POINT (-73.937926 40.711722)
100,DOE,"DOE - 3000 E Tremont Ave, Bronx",['Level 2 Charger'],1,3000 E Tremont Ave,The Bronx,10462,Bronx,No,No,40.840733,-73.838685,210.0,13.0,194.0,2074045.0,2053680001.0,BX1002,urn:agentwin:city:ev-charging-station:9d67de61b676433a11a4af54d06575d529af270f387602d7f37d79c6c92abfbb,POINT (-73.838685 40.840733)
101,DOE,"DOE - 101-01 Rockaway Blvd, Queens",['Level 2 Charger'],4,101-01 Rockaway Blvd,Queens,11417,Queens,No,No,40.679639,-73.837298,410.0,28.0,864.0,4202849.0,4095400002.0,QN1001,urn:agentwin:city:ev-charging-station:7d97b11d999406e9904fb0434c8ccee497fffbc42e10aa33cba38f3f3f4d1b52,POINT (-73.837298 40.679639)
102,DOE,"DOE - 99 Terrace View Avenue, Manhattan",['Level 2 Charger'],4,99 Terrace View Avenue,New York,10463,Manhattan,No,No,40.877105,-73.912256,208.0,10.0,309.0,1064532.0,1022150080.0,BX0802,urn:agentwin:city:ev-charging-station:4ef128f264d772107113aca0fa971898a52b2f48bde0f37ee8e8c033df0bfb4c,POINT (-73.912256 40.877105)
103,DOE,"DOE - 1-49 Teunissen Pl, Bronx",['EV Solar Arc Charger'],1,1-49 Teunissen Pl,Bronx,10463,Bronx,No,No,40.876606,-73.912839,208.0,10.0,309.0,,,BX0802,urn:agentwin:city:ev-charging-station:0b50e703f4608e6d60222f5fbce956200b404fd40297a50a04162d8835abab9b,POINT (-73.912839 40.876606)
104,DOE,"DOE - 50 Bedford Ave, Brooklyn",['Level 2 Charger'],1,50 Bedford Ave,Brooklyn,11222,Brooklyn,No,No,40.721981,-73.953281,301.0,33.0,517.0,3066698.0,3026700001.0,BK0102,urn:agentwin:city:ev-charging-station:5196b7d3dbfc87f65b59af2900c09d0884396e35ddd02d3cde3985225aae3da8,POINT (-73.953281 40.721981)
105,DOE,"DOE - 409 Red Hook Lane, Brooklyn",['Level 3 Fast Charger'],1,409 Red Hook Lane,Brooklyn,11201,Brooklyn,No,No,40.691561,-73.988436,302.0,33.0,37.0,3000420.0,3001540001.0,BK0202,urn:agentwin:city:ev-charging-station:e797725421eabeb4e4ce179068121f8c44396393b5953fc245b40b7fb376c951,POINT (-73.988436 40.691561)
106,DOE,"DOE - 1599 E 22nd St, Brooklyn",['Level 2 Charger'],1,1599 E 22nd St,Brooklyn,11210,Brooklyn,No,No,40.612623,-73.951906,314.0,48.0,546.0,3182169.0,3067690018.0,BK1403,urn:agentwin:city:ev-charging-station:e800bb03a11ad7e8cf12f32a8c217056093bfc7152f9f75d895b9d34dd8f485c,POINT (-73.951906 40.612623)
107,DOE,"DOE - 344-360 2nd Ave, Manhattan",['Level 2 Charger'],2,344-360 2nd Ave,New York,10010,Manhattan,No,No,40.736103,-73.982196,106.0,2.0,64.0,1081671.0,1009260001.0,MN0602,urn:agentwin:city:ev-charging-station:866df64fc04b614eb15175fccbd4ce5e6f085fa1f78a84861fea825ee4f3d8e4,POINT (-73.982196 40.736103)
108,DOE,"DOE - 549 Audubon Ave, Manhattan",['Level 2 Charger'],1,549 Audubon Ave,New York,10040,Manhattan,No,No,40.855855,-73.92712,112.0,10.0,277.0,1076751.0,1021600018.0,MN1202,urn:agentwin:city:ev-charging-station:6e4817c64f86b6a4477f9b753d2d8ef96d134ba06a53577ceeecef95a48d3055,POINT (-73.92712 40.855855)
109,DOE,"DOE - 321 E 96Th St, Manhattan",['Level 2 Charger'],1,321 E 96Th St,New York,10128,Manhattan,No,No,40.783638,-73.945626,111.0,8.0,15602.0,1083927.0,1016680001.0,MN1101,urn:agentwin:city:ev-charging-station:c4a151495b52bcb626fad2c2f8620eb4a7e3e2fcf65f4164807c1149de979d94,POINT (-73.945626 40.783638)
110,DOE,"DOE - 1220 Manor Rd, Staten Island",['Level 2 Charger'],2,1220 Manor Rd,Staten Island,10314,Staten Island,No,No,40.596745,-74.124263,502.0,50.0,181.0,5164530.0,5009550100.0,SI0203,urn:agentwin:city:ev-charging-station:f798f5a708c91c9e335a5e334ef25d088567b879f27c137e8aadfa088d2ff4d7,POINT (-74.124263 40.596745)
111,DOE,"DOE - 173 West 151st Street, Manhattan",['Level 2 Charger'],2,173 West 151st Street,New York,10039,Manhattan,No,No,40.825191,-73.935731,110.0,9.0,236.0,1060197.0,1020160060.0,MN1002,urn:agentwin:city:ev-charging-station:c8543864854b26f8610cf5efb2548581359c32ef9ad4dd94c3f86ce70fbe90ea,POINT (-73.935731 40.825191)
112,DOE,"DOE - 2401 Neptune Ave, Brooklyn",['Level 2 Charger'],3,2401 Neptune Ave,Brooklyn,11224,Brooklyn,No,No,40.578188,-73.99203,313.0,47.0,330.0,3188221.0,3069650140.0,BK1302,urn:agentwin:city:ev-charging-station:84dfdd8321440d1d42652dbfa37cba7f6cb0cd2d7dadb7b5b4a785049fe6ac97,POINT (-73.99203 40.578188)
113,DOE,"DOE - 677 East 141st Street, Bronx",['Level 2 Charger'],2,677 East 141st Street,Bronx,10454,Bronx,No,No,40.807335,-73.912731,201.0,8.0,33.0,2003834.0,2025710001.0,BX0101,urn:agentwin:city:ev-charging-station:f18b54cd5f119504e99658ab1e38c4f2c7256e9798c47d06ef7c14203a218f93,POINT (-73.912731 40.807335)
114,DOE,"DOE - 142-10 Linden Blvd, Queens",['Level 2 Charger'],2,142-10 Linden Blvd,Queens,11436,Queens,No,No,40.684142,-73.801479,412.0,28.0,192.0,4259200.0,4119720070.0,QN1203,urn:agentwin:city:ev-charging-station:8e5d110aa20532d3b72f7f513f52091483bc8daede11f747a8b7f8f7cc4cf066,POINT (-73.801479 40.684142)
115,DOE,"DOE - 58-20 Utopia Pkwy, Queens",['Level 2 Charger'],2,58-20 Utopia Pkwy,Queens,11365,Queens,No,No,40.740724,-73.79283,411.0,20.0,1417.0,4148763.0,4068820001.0,QN1101,urn:agentwin:city:ev-charging-station:59a7dffb36b2b22eceb9be04ac446f376d9a2386dbc3d5b0c67dac0babeff50b,POINT (-73.79283 40.740724)
116,DOE,"DOE - 74-20 Commonwealth Blvd, Queens",['Level 2 Charger'],2,74-20 Commonwealth Blvd,Queens,11426,Queens,No,No,40.746088,-73.727535,413.0,23.0,1567.0,4529899.0,4078700072.0,QN1302,urn:agentwin:city:ev-charging-station:e7b581bbda8871ea53406d3f7d5c468ff58b73a97aa0baa527240c86b836be77,POINT (-73.727535 40.746088)
117,DOE,"DOE - 44-36 Vernon Blvd, Queens","['Level 2 Charger', 'Level 3 Fast Charger']",16,44-36 Vernon Blvd,Long Island City,11101,Queens,No,No,40.749384,-73.952233,402.0,26.0,103.0,4005429.0,4004890001.0,QN0201,urn:agentwin:city:ev-charging-station:3f06dba2c3aab49c04829d56df8f1b47e3e7efa1a59ccbd7902d40049801d462,POINT (-73.952233 40.749384)
118,DOE,"DOE - 49-16 Vernon Blvd, Queens",['Level 2 Charger'],6,49-16 Vernon Blvd,Queens,11101,Queens,No,No,40.743237,-73.953941,402.0,26.0,701.0,4000124.0,4000320003.0,QN0201,urn:agentwin:city:ev-charging-station:2e3e98ec601de1edaef5d44d5f4b725f957ff8cae22cbae08f5902bcbce5be27,POINT (-73.953941 40.743237)
119,DOE,"DOE - 30-48 Linden Pl, Queens",['Level 2 Charger'],2,30-48 Linden Pl,Flushing,11354,Queens,No,No,40.770185,-73.832925,407.0,20.0,869.0,4100749.0,4043700050.0,QN0707,urn:agentwin:city:ev-charging-station:354768e795f722b3bb871db250d63138cfbce2d5c53fb58402b4527a2ecfb0ab,POINT (-73.832925 40.770185)
120,DOE,"DOE - 333 Midland Ave, Staten Island",['Level 2 Charger'],1,333 Midland Ave,Staten Island,10306,Staten Island,No,No,40.576725,-74.100726,502.0,50.0,11203.0,5053571.0,5036960100.0,SI0202,urn:agentwin:city:ev-charging-station:91c71c371c6de00c1ca7a69dd8b0846cd4908ded10bd081dcf3bb0c02b34a400,POINT (-74.100726 40.576725)
121,DOE,"DOE - 173 Conover St, Brooklyn",['Level 2 Charger'],1,173 Conover St,Brooklyn,11231,Brooklyn,No,No,40.677969,-74.014363,306.0,38.0,5301.0,3398190.0,3005750003.0,BK0601,urn:agentwin:city:ev-charging-station:c29055393359a5bf420ba2c96ee788e996fd1788be39d0f168b0432e4f11c160,POINT (-74.014363 40.677969)
122,DOE,"DOE - 143-10 Springfield Blvd, Queens",['Level 2 Charger'],2,143-10 Springfield Blvd,Queens,11413,Queens,No,No,40.668235,-73.756839,412.0,31.0,330.0,4280845.0,4130570056.0,QN1204,urn:agentwin:city:ev-charging-station:6504f9df15ba2becc7ca5b184436eedf32f0674cc341d00ca0553b9c4ca79b07,POINT (-73.756839 40.668235)
123,DOE,"DOE - 85 St Josephs Ave, Staten Island",['Level 2 Charger'],1,85 St Josephs Ave,Staten Island,10302,Staten Island,No,No,40.634573,-74.141818,501.0,49.0,213.0,5026076.0,5011210001.0,SI0106,urn:agentwin:city:ev-charging-station:de113dc40952248b6498a6e3d70640d51afcf2bc917cf4b4beba25a3f4fae980,POINT (-74.141818 40.634573)
124,DOE,"DOE - 1434 Longfellow Avenue, Bronx",['Level 2 Charger'],2,1434 Longfellow Avenue,Bronx,10459,Bronx,No,No,40.830589,-73.887587,203.0,17.0,123.0,2010910.0,2030070008.0,BX0303,urn:agentwin:city:ev-charging-station:76236ba9c41868c327ea593102395a6d769a2a7a29a1d2d245be85522818018f,POINT (-73.887587 40.830589)
125,DOE,"DOE - 75 W 205th St, Bronx",['Level 2 Charger'],2,75 W 205th St,Bronx,10468,Bronx,No,No,40.87759,-73.89104,207.0,11.0,409.0,2094706.0,2032510201.0,BX0702,urn:agentwin:city:ev-charging-station:559c0b33446f32fbf25a7122d3b12392d44e96166b5d7648726fe6206f7daae5,POINT (-73.89104 40.87759)
126,DOE,"DOE - 1230 Zerega Ave, Bronx",['Level 2 Charger'],3,1230 Zerega Ave,The Bronx,10462,Bronx,No,No,40.833586,-73.845099,209.0,18.0,96.0,2027195.0,2038420002.0,BX1001,urn:agentwin:city:ev-charging-station:ccf23ed952acfe7a578ad5851845743cba923a621ca9e47bbcc47cc189bd1c8b,POINT (-73.845099 40.833586)
127,DOE,"DOE - 525 West 50Th St, Manhattan",['Level 2 Charger'],2,525 West 50Th St,New York,10019,Manhattan,No,No,40.765234,-73.993076,104.0,3.0,13501.0,1083802.0,1010790029.0,MN0402,urn:agentwin:city:ev-charging-station:9ae338e0b3683944cf7a9b023efab2b967b7d7bbd73cd2a4e72239dada7111bb,POINT (-73.993076 40.765234)
128,DOE,"DOE - 5-40 44Th Dr, Queens",['Level 2 Charger'],1,5-40 44Th Dr,Long Island City,11101,Queens,No,No,40.749341,-73.954023,402.0,26.0,103.0,4518727.0,4000240007.0,QN0201,urn:agentwin:city:ev-charging-station:2304d88b5da5690378c5c660cb0a81bdf82a0af99ad168bfd0845ad08df53216,POINT (-73.954023 40.749341)
129,DOE,"DOE - 49-44 Vernon Blvd, Queens",['Level 2 Charger'],1,49-44 Vernon Blvd,Queens,11101,Queens,No,No,40.743099,-73.953992,402.0,26.0,701.0,,,QN0201,urn:agentwin:city:ev-charging-station:c656dde0ef677f34122b6c376b201f6dca4742aecd057537d077891130a2d7e0,POINT (-73.953992 40.743099)
130,DOF,"DOF - 375 Pearl St, Manhattan","['Level 2 Charger', 'Level 3 Fast Charger']",4,375 Pearl St,Manhattan,10038,Manhattan,No,No,40.710207,-74.001125,101.0,1.0,2901.0,1001389.0,1001137501.0,MN0102,urn:agentwin:city:ev-charging-station:13042d1ad5bc76381dbbf340ab17bdae6391520cda37c2203dd302544a7da586,POINT (-74.001125 40.710207)
131,DOF,"DOF - 31-46 Greenpoint Ave, Queens",['Level 2 Charger'],2,31-46 Greenpoint Ave,Queens,11101,Queens,No,No,40.734714,-73.93697,402.0,26.0,19901.0,4003713.0,4003110023.0,QN0202,urn:agentwin:city:ev-charging-station:d1088ffe2d8547f4be7227c9cf1c2ab76df7e190c3416205125ffd6207937c9e,POINT (-73.93697 40.734714)
132,DOF,"DOF - 31-32 Greenpoint Ave, Queens",['Level 2 Charger'],2,31-32 Greenpoint Ave,Queens,11101,Queens,No,No,40.73466,-73.93711,402.0,26.0,19901.0,4003709.0,4003110018.0,QN0202,urn:agentwin:city:ev-charging-station:da5eebb0193ee59cd976d550eb5abe7159d46145dee2272f5b89a15c244b60a8,POINT (-73.93711 40.73466)
133,DOF,"DOF - 3010 Starr Ave, Queens",['Level 3 Fast Charger'],2,3010 Starr Ave,Long Island City,11101,Queens,No,No,40.737775,-73.938082,402.0,26.0,19902.0,4307187.0,4002950045.0,QN0202,urn:agentwin:city:ev-charging-station:29668e289a44e25db48f941c1d711a19704d73394833f8f67d21dfca81848bd9,POINT (-73.938082 40.737775)
134,DOH,"DOH - 5617 56Th Dr, Queens",['Level 2 Charger'],2,5617 56Th Dr,Queens,11378,Queens,No,No,40.72441,-73.914492,402.0,26.0,219.0,4058946.0,4025850002.0,QN0501,urn:agentwin:city:ev-charging-station:0bd877d938132caaeedf092317e11d93e9a994c8904cd0065eebd0d4e0ad8fea,POINT (-73.914492 40.72441)
135,DOH,"DOH - 515 Putnam Ave, Brooklyn",['EV Solar Arc Charger'],1,515 Putnam Ave,Bedford-Stuyvesant,11221,Brooklyn,No,No,40.685146,-73.940431,303.0,36.0,277.0,3051831.0,3018260070.0,BK0302,urn:agentwin:city:ev-charging-station:a58562a453b42847afee15053d629f4d3e67b19a375dbf946c997c02d65cbf39,POINT (-73.940431 40.685146)
136,DOT,"DOT - 300 West 206th Street, Manhattan","['Level 2 Charger', 'Level 3 Fast Charger']",5,300 West 206th Street,New York,10034,Manhattan,No,No,40.862564,-73.916487,112.0,10.0,299.0,1081892.0,1021860009.0,MN1203,urn:agentwin:city:ev-charging-station:9b2dab08c6d50db7a9ce72582821e2b66d1c2931f47e882292ada3d111248ed2,POINT (-73.916487 40.862564)
137,DOT,"DOT - 41-54 22Nd St, Queens",['Level 2 Charger'],6,41-54 22Nd St,Queens,11101,Queens,No,No,40.752701,-73.942118,401.0,26.0,3301.0,4542032.0,4004110010.0,QN0105,urn:agentwin:city:ev-charging-station:67056b18ea9e88de6af4c8f613718cd00adf7e15cd0e9e6e6b75d3cebb779ae8,POINT (-73.942118 40.752701)
138,DOT,"DOT - 9 29Th St, Brooklyn",['EV Solar Arc Charger'],1,9 29Th St,Greenwood,11232,Brooklyn,No,No,40.661018,-74.004859,307.0,38.0,1802.0,3000000.0,3006620001.0,BK0702,urn:agentwin:city:ev-charging-station:fcf4764e5c551dc921ef3d0a979c79a1c532c35c5eff2020835d6de1a644ff99,POINT (-74.004859 40.661018)
139,DOT,"DOT - 448 Hamilton Ave, Brooklyn",['Level 2 Charger'],2,448 Hamilton Ave,Brooklyn,11232,Brooklyn,No,No,40.670361,-73.997693,307.0,38.0,1801.0,3336712.0,3006250002.0,BK0702,urn:agentwin:city:ev-charging-station:b471318d3f5a3ece53344e2b4892ecf2539bbbd3dccda290b915c3155480f813,POINT (-73.997693 40.670361)
140,DOT,"DOT - 140 58th St, Brooklyn",['Level 2 Charger'],3,140 58th St,Brooklyn,11220,Brooklyn,No,No,40.645338,-74.022864,307.0,38.0,1804.0,3414976.0,3057780001.0,BK0702,urn:agentwin:city:ev-charging-station:3de117ae8984657bb3ab22c1515b20ad27a3e2642515b8760abc9b0b65d9ca59,POINT (-74.022864 40.645338)
141,DOT,"DOT - 25 14th Street, Brooklyn",['Level 3 Fast Charger'],2,25 14th Street,Brooklyn,11215,Brooklyn,No,No,40.67012,-73.996939,306.0,38.0,11902.0,3023308.0,3010310001.0,BK0601,urn:agentwin:city:ev-charging-station:94b2c636a35a9c84f24d42c5f68a6103a4ea947e4712452dde2650d09f14fe06,POINT (-73.996939 40.67012)
142,DOT,"DOT - 3200 Conner St, Bronx",['Level 3 Fast Charger'],1,3200 Conner St,East Bronx,10475,Bronx,No,No,40.880471,-73.821784,210.0,12.0,46203.0,2118086.0,2052560195.0,BX1004,urn:agentwin:city:ev-charging-station:ea6617c26a3ef220f1db5b84f1a43522d01b4a9441a9c449dfb7a09f24184236,POINT (-73.821784 40.880471)
143,DOT,"DOT - 166 Columbia St, Brooklyn",['Level 2 Charger'],1,166 Columbia St,Brooklyn,11231,Brooklyn,No,No,40.686448,-74.002026,306.0,39.0,47.0,3000000.0,3003180028.0,BK0601,urn:agentwin:city:ev-charging-station:c5aa132cddb1a8965039a57269c67a93d93bfe0cc103f95157c3072f365b8ae4,POINT (-74.002026 40.686448)
144,DOT,"DOT - 184 Columbia St, Brooklyn",['Level 2 Charger'],1,184 Columbia St,Brooklyn,11231,Brooklyn,No,No,40.686039,-74.002221,306.0,39.0,47.0,3000000.0,3003180037.0,BK0601,urn:agentwin:city:ev-charging-station:54ddf2417439324fda6c1cac9b15326710dcf0ef306bac83e91805c64b5fd96c,POINT (-74.002221 40.686039)
145,DOT,"DOT - 1 Bay St, Staten Island",['Level 3 Fast Charger'],6,1 Bay St,Staten Island,10306,Staten Island,No,No,40.643733,-74.072789,501.0,49.0,3.0,5141706.0,5000020001.0,SI0101,urn:agentwin:city:ev-charging-station:889ec46456754adce7d7bfbc64cae0fc5f3e65f37d7128b21eb8996154bfaa80,POINT (-74.072789 40.643733)
146,DOT,"DOT - 423 Abbott Rd, Queens",['Level 2 Charger'],2,423 Abbott Rd,Bayside,11359,Queens,No,No,40.79419,-73.77855,407.0,19.0,999.0,,,QN0761,urn:agentwin:city:ev-charging-station:0d903d9486ff2d2f0b87662d1df5178ff7c6e56dc31ff021c0d8d8cb82e9bc45,POINT (-73.77855 40.79419)
147,DOT,"DOT - 69-46 Sybilla St, Queens",['EV Solar Arc Charger'],2,69-46 Sybilla St,Queens,11375,Queens,No,No,40.709174,-73.854849,406.0,29.0,645.0,4095043.0,4038860558.0,QN0602,urn:agentwin:city:ev-charging-station:7c0cfa64c78821ced19144b7f0831ff339456010c6f3a1a4aaa0dfd88a31cbfe,POINT (-73.854849 40.709174)
148,DOT,"DOT - 32-1 Harper St, Queens","['EV Solar Arc Charger', 'Level 3 Fast Charger']",3,32-1 Harper St,Corona,11368,Queens,No,No,40.764388,-73.842368,407.0,21.0,38301.0,4045010.0,4017900001.0,QN0707,urn:agentwin:city:ev-charging-station:8385f064c87b7cce9561afa62b6a303653a70c446dfc8fde2312960946a905fa,POINT (-73.842368 40.764388)
149,DOT,"DOT - 372 Kent Ave, Brooklyn",['Level 2 Charger'],3,372 Kent Ave,Brooklyn,11249,Brooklyn,No,No,40.711965,-73.968027,301.0,33.0,549.0,3335960.0,3024530001.0,BK0102,urn:agentwin:city:ev-charging-station:2cfbc224a314c6b7c49b05728740ca2450f0295689763115350639541731e4d6,POINT (-73.968027 40.711965)
150,DOT,"DOT - 352 Kent Avenue, Brooklyn",['Level 2 Charger'],4,352 Kent Avenue,Brooklyn,11249,Brooklyn,No,No,40.712571,-73.967756,301.0,33.0,549.0,3335963.0,3024530001.0,BK0102,urn:agentwin:city:ev-charging-station:4a9c99a058c71cd7ae733f72e3e44650cc9eab1a7f8c37bdfe3587b9169b7354,POINT (-73.967756 40.712571)
151,DOT,"DOT - 299 South St, Manhattan","['EV Solar Arc Charger', 'Level 2 Charger']",5,299 South St,New York,10002,Manhattan,No,No,40.710508,-73.986196,103.0,1.0,201.0,1079600.0,1002410013.0,MN0301,urn:agentwin:city:ev-charging-station:7b71eb2001649944d6ae55922d570c200c15d55c9fdac475eb3206244ed57bcc,POINT (-73.986196 40.710508)
152,DOT,"DOT - 10 Richmond Terrace, Staten Island",['Level 2 Charger'],2,10 Richmond Terrace,Mid Island,10301,Staten Island,No,No,40.642367,-74.075274,501.0,49.0,3.0,5000063.0,5000070001.0,SI0101,urn:agentwin:city:ev-charging-station:7e92ba7369ba79b18363094aa4a4a613c7746f29cb8bf9777ffc38f1ff65a37c,POINT (-74.075274 40.642367)
153,DOT,"DOT - 5 Dubois Ave, Staten Island",['Level 2 Charger'],2,5 Dubois Ave,Staten Island,10310,Staten Island,No,No,40.631925,-74.129397,501.0,49.0,13302.0,5104536.0,5002150100.0,SI0106,urn:agentwin:city:ev-charging-station:23a634d4a88764792e6180a428c041878e4e0b9306e4d90ec788dee16df822b9,POINT (-74.129397 40.631925)
154,DOT,"DOT - 1893 Richmond Terrace, Staten Island","['Level 2 Charger', 'Level 3 Fast Charger']",3,1893 Richmond Terrace,Staten Island,10302,Staten Island,No,No,40.637309,-74.128114,501.0,49.0,20702.0,5005110.0,5001850501.0,SI0106,urn:agentwin:city:ev-charging-station:d4a5c54cbe37a1b8d3fcb8c617f26e5e6f452533aed759d0c3bfef95ba6ddb2e,POINT (-74.128114 40.637309)
155,DOT,"DOT - 99-2703 Richmond Terrace, Staten Island",['Level 2 Charger'],2,99-2703 Richmond Terrace,Staten Island,10303,Staten Island,No,No,40.644935,-74.077204,501.0,49.0,7.0,,,SI0101,urn:agentwin:city:ev-charging-station:b0218ea32c0a6075688fbd3cccf8442da14f4cd545d55d906b6fea3ef02b5ab7,POINT (-74.077204 40.644935)
156,DOT,"DOT - 6626 Metropolitan Ave, Queens","['Level 2 Charger', 'Level 3 Fast Charger']",10,6626 Metropolitan Ave,Queens,11379,Queens,No,No,40.712377,-73.892143,405.0,30.0,61301.0,4443103.0,4036050001.0,QN0502,urn:agentwin:city:ev-charging-station:bea21d67e98f6f4e5542a6157fb628cc0bbfc701bd82d424ff63f7582f3f2be0,POINT (-73.892143 40.712377)
157,DOT,"DOT - 30-30 Thomson Avenue, Queens",['Level 3 Fast Charger'],2,30-30 Thomson Avenue,Queens,11101,Queens,No,No,40.745042,-73.936191,402.0,26.0,17902.0,4003533.0,4002770001.0,QN0202,urn:agentwin:city:ev-charging-station:a9a7e33c9a1be00787935144620ede1da3cc8623eb4d333e30ef896d3d0007e6,POINT (-73.936191 40.745042)
158,DOT,"DOT - 2071 White Plains Road, Bronx","['DOT Municipal Level 2 Charger', 'DOT Municipal Level 3 Charger']",8,2071 White Plains Road,White Plains,10462,Bronx,Yes,$0.39 per kWh,40.8526,-73.867773,211.0,13.0,22401.0,2000000.0,2042860001.0,BX1101,urn:agentwin:city:ev-charging-station:d49b052046b9b511284c0db8e399cb58a2b09c2c7f0250fb7e3aa0e15aad567b,POINT (-73.867773 40.8526)
159,DOT,"DOT - 39 South Street, Manhattan","['Level 2 Charger', 'Level 3 Fast Charger']",22,39 South Street,New York,10004,Manhattan,No,No,40.703167,-74.008028,101.0,1.0,9.0,1083346.0,1000327501.0,MN0101,urn:agentwin:city:ev-charging-station:b701445b03637d480e8ff0cc127711cc8487c6f46d5527492b39569d3334f420,POINT (-74.008028 40.703167)
160,DOT,"DOT - 34 Wave St, Staten Island",['Level 2 Charger'],2,34 Wave St,Staten Island,10304,Staten Island,No,No,40.629667,-74.076027,501.0,49.0,21.0,5013187.0,5004890048.0,SI0102,urn:agentwin:city:ev-charging-station:40abd475bd0c852883016fa32f8be66b247a344862e13cfa2f46f6a4a806f519,POINT (-74.076027 40.629667)
161,DOT,"DOT - 2144 Webster Ave, Bronx",['Level 3 Fast Charger'],2,2144 Webster Ave,Belmont,10457,Bronx,No,No,40.853544,-73.897301,206.0,15.0,379.0,2011136.0,2030300028.0,BX0502,urn:agentwin:city:ev-charging-station:e145c62b10fa26741d84c9d6c13d858e3086cf77f8fafc585866573e73c81a0f,POINT (-73.897301 40.853544)
162,DOT,"DOT - 1 South Street, Manhattan",['Level 2 Charger'],2,1 South Street,New York,10004,Manhattan,No,No,40.701283,-74.014578,101.0,1.0,319.0,1000004.0,1000030010.0,MN0191,urn:agentwin:city:ev-charging-station:5520d2218a1a23615cb283fb4d1ddb00271e74bdb5b00eeb3d7d0e19be06764b,POINT (-74.014578 40.701283)
163,DOT,"DOT - 1400 Williamsbridge Road, Bronx",['Level 2 Charger'],2,1400 Williamsbridge Road,The Bronx,10461,Bronx,No,No,40.842206,-73.844168,210.0,18.0,200.0,2044091.0,2040740001.0,BX1001,urn:agentwin:city:ev-charging-station:e96e53507e337aba0d8b09c290f22af66c70574e87cb20f02f1e9d892674e963,POINT (-73.844168 40.842206)
164,DOT,"DOT - 928 E 76Th St, Brooklyn",['EV Solar Arc Charger'],1,928 E 76Th St,Canarsie,11236,Brooklyn,No,No,40.633144,-73.91573,318.0,46.0,998.0,3325351.0,3080120400.0,BK1803,urn:agentwin:city:ev-charging-station:d4a560679806de288dd3a8ef8cfbe5539143047368194959136ac7d49cb7c6c1,POINT (-73.91573 40.633144)
165,DOT,"DOT - 6080 Flatlands Ave, Brooklyn",['Level 3 Fast Charger'],1,6080 Flatlands Ave,Canarsie,11236,Brooklyn,No,No,40.633452,-73.916446,318.0,46.0,998.0,3325350.0,3080120400.0,BK1803,urn:agentwin:city:ev-charging-station:1703cf59592fdb4dd1be7b949de65355787cae5a700182e8556837f74dc4ac55,POINT (-73.916446 40.633452)
166,DOT,"DOT - 58-50 57th Rd, Queens",['Level 2 Charger'],1,58-50 57th Rd,Maspeth,11378,Queens,No,No,40.722386,-73.910043,405.0,30.0,531.0,4059838.0,4026750015.0,QN0501,urn:agentwin:city:ev-charging-station:ad2e75b1b4c460d22287a0ffa06e1deac57b807bb750e2f5133c885313363772,POINT (-73.910043 40.722386)
167,DOT,"DOT - 57-50 57Th Rd, Queens",['Level 2 Charger'],2,57-50 57Th Rd,Maspeth,11378,Queens,No,No,40.722361,-73.912677,405.0,30.0,531.0,4567284.0,4026710001.0,QN0501,urn:agentwin:city:ev-charging-station:e487ab7da99f9946253fa01b936e359e7afa242e36ee1682df01ce9fbec88c1b,POINT (-73.912677 40.722361)
168,DOT,"DOT - 88-26 Pitkin Ave, Queens",['Level 2 Charger'],3,88-26 Pitkin Ave,Queens,11417,Queens,No,No,40.673779,-73.847565,410.0,32.0,58.0,4539787.0,4113680020.0,QN1002,urn:agentwin:city:ev-charging-station:737e89cb793e6a38e41ddf831d1d7bde36f41c80766f86793642b935d24e662c,POINT (-73.847565 40.673779)
169,DOT,"DOT - 34-2 Queens Blvd, Queens",['Level 2 Charger'],4,34-2 Queens Blvd,Queens,11101,Queens,No,No,40.744537,-73.930602,402.0,26.0,17902.0,4003435.0,4002460001.0,QN0202,urn:agentwin:city:ev-charging-station:9c8c35b143aedb4a42225e3f064734b29bcc22805021d2be0d3a53ca5d0240ad,POINT (-73.930602 40.744537)
170,DPR,"DPR - 13 East Rd, Queens","['EV Solar Arc Charger', 'Level 2 Charger']",6,13 East Rd,Corona,11368,Queens,No,No,40.753928,-73.838823,481.0,21.0,38302.0,4439847.0,4020180001.0,QN8191,urn:agentwin:city:ev-charging-station:00131d7c35adb760764752227cb1c8fce48b5479059560a5f503e02840c44e9f,POINT (-73.838823 40.753928)
171,DPR,"DPR - 15 East Rd, Queens","['EV Solar Arc Charger', 'Level 2 Charger']",12,15 East Rd,Corona,11368,Queens,No,No,40.754021,-73.838509,481.0,21.0,38302.0,4541447.0,4020180001.0,QN8191,urn:agentwin:city:ev-charging-station:fb13f1dc85b1813914d78c5049121753d037a4e07e9069a89d11f3bd21154c70,POINT (-73.838509 40.754021)
172,DPR,"DPR - 131-40 Fowler Ave, Queens",['Level 2 Charger'],6,131-40 Fowler Ave,Flushing,11355,Queens,No,No,40.751616,-73.834155,407.0,20.0,38302.0,4540092.0,4020180001.0,QN8191,urn:agentwin:city:ev-charging-station:9c179d1b19a129ff76af9b1b446ebdbb5f7016804ecf19b8978ef02e4d193ffd,POINT (-73.834155 40.751616)
173,DPR,"DPR - 850 E 138th St, Bronx","['Level 2 Charger', 'Level 3 Fast Charger']",6,850 E 138th St,Bronx,10454,Bronx,No,No,40.803141,-73.909049,201.0,8.0,1903.0,2086438.0,2025890031.0,BX0101,urn:agentwin:city:ev-charging-station:5caaa2136484345587d014a0ed5188ba73e7d6cd995e4dcb7ffeffebd97e62fc,POINT (-73.909049 40.803141)
174,DPR,"DPR - 118- 9 155th St, Queens","['EV Solar Arc Charger', 'Level 2 Charger']",5,118- 9 155th St,Queens,11434,Queens,No,No,40.681158,-73.787784,412.0,28.0,28803.0,4265591.0,4122290001.0,QN1203,urn:agentwin:city:ev-charging-station:634a7324ffe230a5aa05d6cd914a4dfe38a9bd7e735b645e7dc2dab31c2354be,POINT (-73.787784 40.681158)
175,DPR,"DPR - 330 Bay 8th St, Brooklyn",['Level 2 Charger'],2,330 Bay 8th St,Brooklyn,11228,Brooklyn,No,No,40.605116,-74.017319,310.0,50.0,154.0,3402737.0,3064180001.0,BK1091,urn:agentwin:city:ev-charging-station:b4b4903b7f2a841be011e31184b056780916fcc3db5dba95e8709dad4f4f5e6d,POINT (-74.017319 40.605116)
176,DPR,"DPR - 48 West Drive, Brooklyn","['EV Solar Arc Charger', 'Level 2 Charger']",4,48 West Drive,Brooklyn,11215,Brooklyn,No,No,40.664987,-73.973384,355.0,39.0,177.0,3411717.0,3011170001.0,BK5591,urn:agentwin:city:ev-charging-station:bcea78cab040d6cc9718bb478c417b4e9e5cbe4059ee6e3d84891d52836f9048,POINT (-73.973384 40.664987)
177,DPR,"DPR - 46 West Dr, Brooklyn",['Level 2 Charger'],2,46 West Dr,Brooklyn,11215,Brooklyn,No,No,40.665253,-73.973164,355.0,39.0,177.0,3347254.0,3011170001.0,BK5591,urn:agentwin:city:ev-charging-station:c7f6a015a10103f6f1bc3b529431d4d5e2070ffb921b0da88f4f5020d24da356,POINT (-73.973164 40.665253)
178,DPR,"DPR - 50 West Dr, Brooklyn",['Level 2 Charger'],12,50 West Dr,Brooklyn,11215,Brooklyn,No,No,40.664701,-73.973557,355.0,39.0,177.0,3411716.0,3011170001.0,BK5591,urn:agentwin:city:ev-charging-station:22641f895b4ee156df8b2c972f7be95e9db3a4b2ec5115c1fe69582ebc750f32,POINT (-73.973557 40.664701)
179,DPR,"DPR - 195 Cadman Plaza West, Brooklyn",['Level 2 Charger'],4,195 Cadman Plaza West,Brooklyn,11201,Brooklyn,No,No,40.69883,-73.991377,302.0,33.0,13.0,3335882.0,3000580050.0,BK0202,urn:agentwin:city:ev-charging-station:a740871b8a62efef2f60ea1cf350092254826d478e1fd61aad1d0c3284244b35,POINT (-73.991377 40.69883)
180,DPR,"DPR - 1490 Sheridan Blvd., Bronx","['EV Solar Arc Charger', 'Level 2 Charger']",3,1490 Sheridan Blvd.,Bronx,10459,Bronx,No,No,40.833338,-73.883614,209.0,17.0,157.0,2128943.0,2030190100.0,BX0303,urn:agentwin:city:ev-charging-station:4f414cc44f0a0e019b469bc40cc513625a1cad4c4c07bffa57f1cbba06ce5cb5,POINT (-73.883614 40.833338)
181,DPR,"DPR - 313 Broome St, Manhattan",['Level 2 Charger'],2,313 Broome St,New York,10002,Manhattan,No,No,40.718875,-73.992735,103.0,1.0,18.0,1086508.0,1004180001.0,MN0302,urn:agentwin:city:ev-charging-station:d75581cdbbd020d32393ec580e05114fb405d024b04d7f8e3db57928d662bb2f,POINT (-73.992735 40.718875)
182,DPR,"DPR - 1521-1529 E 102Nd St, Brooklyn",['EV Solar Arc Charger'],1,1521-1529 E 102Nd St,Brooklyn,11236,Brooklyn,No,No,40.635668,-73.885339,318.0,46.0,103402.0,,,BK1893,urn:agentwin:city:ev-charging-station:a28520746528529d0a5f5bcab7eb357e1a9667d57c46623d11aafaa330a827b2,POINT (-73.885339 40.635668)
183,DPR,"DPR - 1501 E 102nd St, Brooklyn",['EV Solar Arc Charger'],2,1501 E 102nd St,Brooklyn,11236,Brooklyn,No,No,40.636143,-73.885842,318.0,46.0,103402.0,,,BK1893,urn:agentwin:city:ev-charging-station:b77a9d6f109d397c90e66b3199d615fb765713f9d2aa0f3835730fe21e7915bb,POINT (-73.885842 40.636143)
184,DPR,"DPR - 58 Dwight St, Brooklyn",['Level 2 Charger'],2,58 Dwight St,Brooklyn,11231,Brooklyn,No,No,40.67671,-74.008238,306.0,38.0,85.0,3008423.0,3005320001.0,BK0601,urn:agentwin:city:ev-charging-station:df65fbb08416ab798698aba33a9ccc7da308a309ed3b34a3df7c72be4d720500,POINT (-74.008238 40.67671)
185,DPR,"DPR - Central Park Gothic BridgeWest Dr, Manhattan",['Level 2 Charger'],2,Central Park Gothic BridgeWest Dr,New York,10128,Manhattan,No,No,40.78237,-73.965238,164.0,6.0,143.0,1000000.0,1011110001.0,MN6491,urn:agentwin:city:ev-charging-station:a05f16492577dfdf7a2fd86270dd1b022d7685a8248058ebc4a8bec10fecf1b1,POINT (-73.965238 40.78237)
186,DPR,"DPR - 1700 Fulton Ave, Bronx",['Level 2 Charger'],2,1700 Fulton Ave,Bronx,10457,Bronx,No,No,40.841369,-73.897872,203.0,15.0,163.0,2114529.0,2029410001.0,BX0391,urn:agentwin:city:ev-charging-station:cd0e50b77f3de56dec9fffc17077051c465f9389798b6a1cea969f6e824ad04f,POINT (-73.897872 40.841369)
187,DPR,"DPR - 860 E 138th St, Bronx",['Level 2 Charger'],16,860 E 138th St,Bronx,10454,Bronx,No,No,40.803059,-73.908904,201.0,8.0,1903.0,,,BX0101,urn:agentwin:city:ev-charging-station:ccd27fbb11e5f0135435adf6a0b46ea7b9aa8e3c3ef42fa0db55085e536780a9,POINT (-73.908904 40.803059)
188,DPR,"DPR - 20 Randalls Island Park, Manhattan",['Level 2 Charger'],2,20 Randalls Island Park,New York,10035,Manhattan,No,No,40.796655,-73.923829,111.0,8.0,240.0,1000000.0,1018190203.0,MN1191,urn:agentwin:city:ev-charging-station:34fb9f7498e4cab622dd2931bf0c9d197cee0ec62b080fde65307b16d939d6af,POINT (-73.923829 40.796655)
189,DPR,"DPR - 80-11 Myrtle Avenue, Queens",['Level 2 Charger'],4,80-11 Myrtle Avenue,Glendale,11385,Queens,No,No,40.702998,-73.868023,405.0,32.0,635.0,4093558.0,4038310006.0,QN0503,urn:agentwin:city:ev-charging-station:661acdce9a9c386f2881641d1dd7176ac5dce65fdcd8f732a3fe0c111dd99b86,POINT (-73.868023 40.702998)
190,DPR,"DPR - 1121 86th St, Brooklyn",['EV Solar Arc Charger'],1,1121 86th St,Brooklyn,11228,Brooklyn,No,No,40.61634,-74.017675,310.0,50.0,166.0,3165530.0,3063370069.0,BK1002,urn:agentwin:city:ev-charging-station:f2c7eaa3d645dda084408ac2aa4a0473dcbddc10447cfb2b118da5bf867baa87,POINT (-74.017675 40.61634)
191,DPR,"DPR - 7801 57th Avenue, Queens",['Level 2 Charger'],2,7801 57th Avenue,Queens,11373,Queens,No,No,40.728781,-73.885114,404.0,30.0,499.0,4062887.0,4028050031.0,QN0401,urn:agentwin:city:ev-charging-station:84caf5d7e179bb17edcaeeec6ed51908b49a2787b27ffd1e4818300ae6c3c34a,POINT (-73.885114 40.728781)
192,DPR,"DPR - 82-92 88th Pl, Queens",['Level 2 Charger'],2,82-92 88th Pl,Queens,11385,Queens,No,No,40.701545,-73.858223,405.0,32.0,639.0,4094694.0,4038660036.0,QN0503,urn:agentwin:city:ev-charging-station:9471860b06a2cc4530f34cd8d0672a74842c326efbd7fe1b3f83dae5261752aa,POINT (-73.858223 40.701545)
193,DPR,"DPR - 1010 Queens Plaza South, Queens",['Level 2 Charger'],2,1010 Queens Plaza South,Queens,11101,Queens,No,No,40.753521,-73.947412,402.0,26.0,1903.0,4436827.0,4004600016.0,QN0201,urn:agentwin:city:ev-charging-station:20cd74d21d070f3f9cfe3d18e9923196aeeabfaad7aad1b3e0b8d9fc5437cff9,POINT (-73.947412 40.753521)
194,DPR,"DPR - 40 W 143rd St, Manhattan",['EV Solar Arc Charger'],1,40 W 143rd St,New York,10037,Manhattan,No,No,40.818365,-73.935359,110.0,9.0,214.0,1053944.0,1017400017.0,MN1002,urn:agentwin:city:ev-charging-station:f6617a606f23b3f40256e01e08200081067bd6b00db4c51f598590e2b3e2e86c,POINT (-73.935359 40.818365)
195,DPR,"DPR - 25-50 84th St, Queens",['Level 2 Charger'],2,25-50 84th St,Queens,11370,Queens,No,No,40.762959,-73.884827,403.0,22.0,329.0,4032142.0,4013570031.0,QN0302,urn:agentwin:city:ev-charging-station:72f147b5214adfbac6947d910f8438a82861b1799b73d231feda4ec356bc1ddd,POINT (-73.884827 40.762959)
196,DPR,"DPR - 181 East End Ave, Manhattan",['Level 2 Charger'],2,181 East End Ave,New York,10028,Manhattan,No,No,40.776309,-73.943758,108.0,5.0,14402.0,1085796.0,1015920001.0,MN0803,urn:agentwin:city:ev-charging-station:06a069be112329c253f91fbf8d3705481eb17d59e2f33c4d57f56074f35bd7ec,POINT (-73.943758 40.776309)
197,DPR,"DPR - 2301 Amsterdam Avenue, Manhattan",['Level 2 Charger'],2,2301 Amsterdam Avenue,New York,10033,Manhattan,No,No,40.843434,-73.934301,112.0,10.0,311.0,1085868.0,1021060001.0,MN1291,urn:agentwin:city:ev-charging-station:2d651673f14c11c3a1517c7c5a29268d763f07b585c057ba34cb7ac702f35fcd,POINT (-73.934301 40.843434)
198,DPR,"DPR - 10 Central Rd, Manhattan",['Level 3 Fast Charger'],3,10 Central Rd,New York,10035,Manhattan,NYC DC Fast Public Charging,No,40.792269,-73.923827,111.0,8.0,240.0,1085645.0,1018190203.0,MN1191,urn:agentwin:city:ev-charging-station:f86140f543319ac109ac59ef4b58eb0a27bab52af637a92cd9e164db94b5bfa9,POINT (-73.923827 40.792269)
199,DPR,"DPR - 62- 45 71st Street, Queens",['Level 2 Charger'],4,62- 45 71st Street,Queens,11379,Queens,No,No,40.718332,-73.884865,405.0,30.0,66302.0,4068180.0,4029600002.0,QN0504,urn:agentwin:city:ev-charging-station:49a2179e3644d5f1d2559186b7f2e5644ccfb0a7397ee99d8fed598511363e33,POINT (-73.884865 40.718332)
200,DPR,"DPR - 2529 Neptune Ave, Brooklyn",['Level 2 Charger'],2,2529 Neptune Ave,Brooklyn,11224,Brooklyn,No,No,40.578084,-73.992966,313.0,47.0,330.0,3188219.0,3069650100.0,BK1302,urn:agentwin:city:ev-charging-station:3ab5b0161fcdffe3911c893da38ec662ce53464fe4271b9e3cbda12a1977e034,POINT (-73.992966 40.578084)
201,DPR,"DPR - 160-2 Oak Avenue, Queens",['Level 2 Charger'],2,160-2 Oak Avenue,Queens,11365,Queens,No,No,40.7501,-73.807119,407.0,20.0,1211.0,4442398.0,4055090301.0,QN0791,urn:agentwin:city:ev-charging-station:0c089099323c2aec5f32343d68d6fe9ceaa6f07c271526c936cbd61fbb92cec8,POINT (-73.807119 40.7501)
202,DPR,"DPR - 3 W 124th St, Manhattan",['Level 2 Charger'],2,3 W 124th St,New York,10027,Manhattan,No,No,40.805856,-73.943,110.0,9.0,200.0,1053461.0,1017220033.0,MN1001,urn:agentwin:city:ev-charging-station:818ecdbb30abc106e3aa19e78d828392de28adfafaf0b21e735ca1defa9fc752,POINT (-73.943 40.805856)
203,DPR,"DPR - 3 Iroquois St., Staten Island","['EV Solar Arc Charger', 'Level 2 Charger']",2,3 Iroquois St.,Midland Beach,10305,Staten Island,No,No,40.574514,-74.085629,502.0,50.0,11201.0,5000000.0,5038590021.0,SI0202,urn:agentwin:city:ev-charging-station:6f69418d8855580f993ed7b9f23578e2dcbe1052bda3519c95dce15a3e24fbf2,POINT (-74.085629 40.574514)
204,DPR,"DPR - 5968 Maj Wm Deegan Blvd, Bronx",['EV Solar Arc Charger'],1,5968 Maj Wm Deegan Blvd,The Bronx,10451,Bronx,No,No,40.82064,-73.931104,204.0,8.0,6301.0,,,BX0401,urn:agentwin:city:ev-charging-station:e02a98bfc63331f98f358fc9596aa3d6302bd57c2b5e2a43ac08f7c5dbd6e75b,POINT (-73.931104 40.82064)
205,DPR,"DPR - 760 Oriental Blvd, Brooklyn",['Level 2 Charger'],2,760 Oriental Blvd,Brooklyn,11235,Brooklyn,No,No,40.577846,-73.944047,315.0,48.0,616.0,3347138.0,3087600485.0,BK1503,urn:agentwin:city:ev-charging-station:a4050c58ea9bb5d8393f2a1c74afdd25e8f43ac611768ae9046df8dca90bcc0f,POINT (-73.944047 40.577846)
206,DPR,"DPR - 54-8 43rd St, Queens",['Level 2 Charger'],2,54-8 43rd St,Queens,11378,Queens,No,No,40.731943,-73.924672,402.0,26.0,205.0,4000000.0,4025150022.0,QN0202,urn:agentwin:city:ev-charging-station:14faa2906fc3403d511d7d103010639884b8e8c8d059215fc50f10e6dfeb21eb,POINT (-73.924672 40.731943)
207,DPR,"DPR - 1 Forest Park Dr, Queens",['Level 3 Fast Charger'],2,1 Forest Park Dr,Queens,11421,Queens,No,No,40.696323,-73.866356,482.0,32.0,64102.0,4558619.0,4038660070.0,QN8291,urn:agentwin:city:ev-charging-station:ab80127817c51f53715ac9e08b033a0fbdd99bf1c61df213665ea4b180cc6361,POINT (-73.866356 40.696323)
208,DPR,"DPR - 12 Olmsted Dr, Queens","['EV Solar Arc Charger', 'Level 2 Charger']",16,12 Olmsted Dr,Queens,11368,Queens,No,No,40.752161,-73.849609,481.0,21.0,38302.0,4619884.0,4020180500.0,QN8191,urn:agentwin:city:ev-charging-station:5f545aee5ef8438989fb43e99e68e8d9cf206dad7f2c25a6195637a56e3c22e9,POINT (-73.849609 40.752161)
209,DPR,"DPR - 80-30 Park Ln, Queens","['EV Solar Arc Charger', 'Level 2 Charger']",6,80-30 Park Ln,Kew Gardens,11415,Queens,No,No,40.710954,-73.835147,482.0,29.0,773.0,4442874.0,4033122000.0,QN0901,urn:agentwin:city:ev-charging-station:f11f3626d885f330ec602377256c8979782069a5da2bae30cfc5bd1cf8a42ed6,POINT (-73.835147 40.710954)
210,DPR,"DPR - 1001 Queens Plaza S, Queens",['Level 2 Charger'],8,1001 Queens Plaza S,LIC,11101,Queens,No,No,40.753562,-73.947466,402.0,26.0,1903.0,4000000.0,4004650400.0,QN0201,urn:agentwin:city:ev-charging-station:45987fb9d3676f6f1f52eca43f8fcd270e444ddef35ce691b96c60ae625aacfb,POINT (-73.947466 40.753562)
211,DPR,"DPR - 1954-1962 Birchall Ave, Bronx",['Level 2 Charger'],4,1954-1962 Birchall Ave,New York,10462,Bronx,No,No,40.848615,-73.868576,211.0,13.0,220.0,2119362.0,2040110120.0,BX0601,urn:agentwin:city:ev-charging-station:c45e8ccfe06befd88e483891fdc46e42a060a2e1df6a934a624a99aa56fa7a40,POINT (-73.868576 40.848615)
212,DPR,"DPR - 1 Bronx River Pkwy, Bronx","['Level 2 Charger', 'Level 3 Fast Charger']",14,1 Bronx River Pkwy,Bronx,10462,Bronx,No,No,40.847311,-73.870827,227.0,15.0,334.0,2101002.0,2043330001.0,BX2791,urn:agentwin:city:ev-charging-station:44e54b795ea6056cd9eb703f038eb3329c3afae181e938d807d8b237e277dd8d,POINT (-73.870827 40.847311)
213,DPR,"DPR - 126 Hell Gate Circle, Manhattan",['Level 2 Charger'],2,126 Hell Gate Circle,New York,10035,Manhattan,No,No,40.786761,-73.928799,111.0,8.0,240.0,1088303.0,1018190010.0,MN1191,urn:agentwin:city:ev-charging-station:61c4666ab78e2b3d15ea32c070db1022b5dd4fd7d77986fe1f5903b990ab47a2,POINT (-73.928799 40.786761)
214,DPR,"DPR - 111 Sunken Garden Loop, Manhattan",['Level 2 Charger'],5,111 Sunken Garden Loop,New York,10035,Manhattan,No,No,40.786373,-73.931656,111.0,8.0,240.0,1088087.0,1018190010.0,MN1191,urn:agentwin:city:ev-charging-station:2d1218f658c92adc2dbc530c77574a055819c22d802510eb195587a600a064cb,POINT (-73.931656 40.786373)
215,DPR,"DPR - 177-01 Baisley Blvd, Queens",['Level 2 Charger'],4,177-01 Baisley Blvd,Jamaica,11434,Queens,No,No,40.686284,-73.768455,412.0,27.0,426.0,4268835.0,4124060180.0,QN1205,urn:agentwin:city:ev-charging-station:eaa5356404589609c42c23c4a221adc9446e8feffc02f27619e25cd886388da0,POINT (-73.768455 40.686284)
216,DPR,"DPR - 150-03 Jamaica Ave, Queens",['Level 2 Charger'],1,150-03 Jamaica Ave,Jamaica,11432,Queens,No,No,40.702376,-73.803607,412.0,27.0,240.0,4438667.0,4096820001.0,QN1201,urn:agentwin:city:ev-charging-station:96b0ac3d7472fe66764d45723351d5380598149c7bcf953320492133419ef853,POINT (-73.803607 40.702376)
217,DPR,"DPR - 500 W 129th St, Manhattan",['Level 2 Charger'],2,500 W 129th St,New York,10027,Manhattan,No,No,40.815204,-73.955246,109.0,7.0,219.0,1076683.0,1019830006.0,MN0902,urn:agentwin:city:ev-charging-station:356841256f76d3452f761d9cc126d79b4dd759d29c1514e7efec90aac637b85b,POINT (-73.955246 40.815204)
218,DSNY,"DSNY - 650 W 57th St, Manhattan","['Level 2 Charger', 'Level 3 Fast Charger']",13,650 W 57th St,New York,10019,Manhattan,No,No,40.771149,-73.993415,104.0,6.0,13502.0,1087609.0,1011040001.0,MN0402,urn:agentwin:city:ev-charging-station:b984082028cbc0c62115ec9190ddec738e950d3e818e2201ef27e21b51f48de7,POINT (-73.993415 40.771149)
219,DPR,"DPR - 1150 Clove Road, Staten Island",['Level 2 Charger'],4,1150 Clove Road,Staten Island,10301,Staten Island,No,No,40.618239,-74.105161,501.0,49.0,147.0,5112426.0,5003190001.0,SI0105,urn:agentwin:city:ev-charging-station:d503b5c3ef393a043ceef3f94bbb7534a55ef683b1a28e6a31f9d14817a7c1d2,POINT (-74.105161 40.618239)
220,DPR,"DPR - 4119 7th Ave, Brooklyn",['Level 2 Charger'],1,4119 7th Ave,Brooklyn,11232,Brooklyn,No,No,40.647324,-74.000818,307.0,38.0,9201.0,3018162.0,3009220002.0,BK0703,urn:agentwin:city:ev-charging-station:84cda3d47140098b6e489f71229b6edd152ed69f0eb2ddbcccbe8fee3f548575,POINT (-74.000818 40.647324)
221,DPR,"DPR - 5788 Broadway, Bronx",['EV Solar Arc Charger'],1,5788 Broadway,North Riverdale,10471,Bronx,No,No,40.884065,-73.901217,208.0,11.0,283.0,2016176.0,2032700009.0,BX0802,urn:agentwin:city:ev-charging-station:77af4889c9c0ab20ed4e201e10f98687da9e6e480f6ae112380550a32a1a81ab,POINT (-73.901217 40.884065)
222,DPR,"DPR - David Sheridan Plaza, Bronx",['EV Solar Arc Charger'],2,David Sheridan Plaza,The Bronx,10471,Bronx,No,No,40.904759,-73.896715,208.0,11.0,345.0,,,BX0803,urn:agentwin:city:ev-charging-station:4ccee779bf817f035134e9a86e56ffebd71ff8685778c3e59b93bc416ac18700,POINT (-73.896715 40.904759)
223,DPR,"DPR - 698 West 135Th Street, Manhattan",['Level 2 Charger'],2,698 West 135Th Street,New York,10031,Manhattan,No,No,40.821351,-73.958067,109.0,7.0,22302.0,1076688.0,1020050027.0,MN0902,urn:agentwin:city:ev-charging-station:850364effcbeefaec9efcdb74567bd217364b595974a66d37ff306fda8bdbf57,POINT (-73.958067 40.821351)
224,DPR,"DPR - 161 Chester Ave, Staten Island",['EV Solar Arc Charger'],1,161 Chester Ave,Staten Island,10312,Staten Island,No,No,40.52066,-74.184425,503.0,51.0,198.0,,,SI0304,urn:agentwin:city:ev-charging-station:8b6db22a6330f0203f68745092a711f8fa6c3d152282ad4852f7785da1be1173,POINT (-74.184425 40.52066)
225,DPR,"DPR - 830 5th Avenue, Manhattan",['Level 2 Charger'],4,830 5th Avenue,New York,10065,Manhattan,No,No,40.767711,-73.970516,164.0,6.0,143.0,1083811.0,1011110001.0,MN6491,urn:agentwin:city:ev-charging-station:8b89d5ebe6d1f5327d293877a8052e47cb3ea657f269e3409222b25160540131,POINT (-73.970516 40.767711)
226,DPR,"DPR - 20 Bronx Shore Rd, Manhattan","['Level 2 Charger', 'Level 3 Fast Charger']",14,20 Bronx Shore Rd,New York,10035,Manhattan,No,No,40.79952,-73.92227,111.0,8.0,240.0,1085922.0,1018190203.0,MN1191,urn:agentwin:city:ev-charging-station:2cff884552ad5fa9d04f330cadcdb99f07543e226b6917af4d4d9eef0fcc0c1d,POINT (-73.92227 40.79952)
227,DPR,"DPR - 50 85Th St Transverse, Manhattan",['Level 2 Charger'],2,50 85Th St Transverse,New York,10128,Manhattan,No,No,40.781339,-73.962508,164.0,6.0,143.0,,,MN6491,urn:agentwin:city:ev-charging-station:a32f84e17abbc4b490728993de015a28be1d3a4b6f7b68f78dcb42544a8ab58c,POINT (-73.962508 40.781339)
228,DPR,"DPR - 95 Prospect Park West, Brooklyn",['Level 2 Charger'],18,95 Prospect Park West,Brooklyn,11215,Brooklyn,No,No,40.667391,-73.974508,355.0,39.0,177.0,3339260.0,3011170001.0,BK5591,urn:agentwin:city:ev-charging-station:ded87206d70c2cd9c271ebf9a8375a1a6b7c0b1054c7a666198e6ea70c13d960,POINT (-73.974508 40.667391)
229,DPR,"DPR - 222 Poillon Ave, Staten Island",['Level 2 Charger'],2,222 Poillon Ave,Annadale,10312,Staten Island,No,No,40.530065,-74.176447,503.0,51.0,176.0,5133519.0,5064610002.0,SI0304,urn:agentwin:city:ev-charging-station:bf704b3d1f085321470027cec591a82cf000ba794fe5c1a8dbbe8eceedb2460c,POINT (-74.176447 40.530065)
230,DPR,"DPR - 575 Arthur Kill Rd, Staten Island",['Level 2 Charger'],8,575 Arthur Kill Rd,Staten Island,10308,Staten Island,No,No,40.56161,-74.160443,503.0,51.0,279.0,5153576.0,5055550001.0,SI0203,urn:agentwin:city:ev-charging-station:376b7946c8abb9fff7b317d6c963dad3287c91b1e5eefb36923249206ca3be65,POINT (-74.160443 40.56161)
231,DPR,"DPR - 334 Furman St, Brooklyn",['Level 2 Charger'],2,334 Furman St,Brooklyn Heights,11201,Brooklyn,No,No,40.693999,-73.999196,302.0,33.0,301.0,3423338.0,3002450015.0,BK0201,urn:agentwin:city:ev-charging-station:e85b294eeeffdd0045b9a2cc68b85b0b686bd8ad5c4128e16f70cf66f052e247,POINT (-73.999196 40.693999)
232,DPR,"DPR - 110 Kent Ave, Brooklyn",['Level 2 Charger'],2,110 Kent Ave,Brooklyn,11249,Brooklyn,No,No,40.720795,-73.961226,301.0,33.0,557.0,3061864.0,3023160049.0,BK0102,urn:agentwin:city:ev-charging-station:88a62d2f822c5d53c8b2217cfaac75e1343bfd82e5067e3ee5efeb42f3d66ed0,POINT (-73.961226 40.720795)
233,DPR,"DPR - 2-42 N 10Th St, Brooklyn",['Level 2 Charger'],2,2-42 N 10Th St,Williamsburg,11249,Brooklyn,No,No,40.717655,-73.953014,301.0,33.0,519.0,3398096.0,3023070001.0,BK0102,urn:agentwin:city:ev-charging-station:de441f1a7114410de60893bcff148df0faf5f914250d9f48ecfea47f248f1ba1,POINT (-73.953014 40.717655)
234,DPR,"DPR - 1831 Unionport Rd, Bronx",['Level 2 Charger'],12,1831 Unionport Rd,East Bronx,10462,Bronx,No,No,40.845802,-73.868694,211.0,13.0,220.0,2042490.0,2040110011.0,BX0601,urn:agentwin:city:ev-charging-station:1871bb16e603ed964d46f55c46bb8f584da30380f50f01633ef66990ea0941ca,POINT (-73.868694 40.845802)
235,DPR,"DPR - 14 Bronx Shore Rd, Manhattan",['Level 2 Charger'],12,14 Bronx Shore Rd,New York,10035,Manhattan,No,No,40.79872,-73.921194,111.0,8.0,240.0,1088069.0,1018190203.0,MN1191,urn:agentwin:city:ev-charging-station:cc6a2b495e2542e388d057b5c0eade9a8f678a3c1dbcbfeb457fecf9dc484adc,POINT (-73.921194 40.79872)
236,DPR,"DPR - 37-49 Bronx Shore Rd, Manhattan",['Level 2 Charger'],2,37-49 Bronx Shore Rd,New York,10035,Manhattan,No,No,40.800068,-73.925671,111.0,8.0,240.0,1088067.0,1018190203.0,MN1191,urn:agentwin:city:ev-charging-station:aa62f7e91be40043b4acd867ac0d3fd9d6338c20a0825cd27b4db256db40d195,POINT (-73.925671 40.800068)
237,DPR,"DPR - 298 Satterlee St, Staten Island",['Level 2 Charger'],2,298 Satterlee St,Tottenville,10307,Staten Island,No,No,40.502357,-74.25144,503.0,51.0,24402.0,5126463.0,5078570001.0,SI0305,urn:agentwin:city:ev-charging-station:7df47aa451f147e487999b9f8be548061a267912d2bbade931f9036500d22c2b,POINT (-74.25144 40.502357)
238,DPR,"DPR - 19600 Union Tpke, Queens","['EV Solar Arc Charger', 'Level 2 Charger']",5,19600 Union Tpke,Fresh Meadows,11366,Queens,No,No,40.730929,-73.774773,408.0,23.0,1283.0,4591812.0,4072900001.0,QN0891,urn:agentwin:city:ev-charging-station:3310880b6f6107e093f0d2e1486ac221ae9196bf66c52b5831356f13c63fe7a6,POINT (-73.774773 40.730929)
239,DPR,"DPR - 196-03 Grand Central Pkwy, Queens",['Level 2 Charger'],2,196-03 Grand Central Pkwy,Queens,11423,Queens,No,No,40.725107,-73.771463,408.0,23.0,1283.0,4552141.0,4200069999.0,QN0891,urn:agentwin:city:ev-charging-station:539f92482045f031d85dcea3169ce31eed9f95925c40e71bd0b709cbbd364045,POINT (-73.771463 40.725107)
240,DPR,"DPR - Cunningham Park State Rte, Queens",['EV Solar Arc Charger'],2,Cunningham Park State Rte,Fresh Meadows,11366,Queens,No,No,40.728776,-73.764505,408.0,23.0,1283.0,4000000.0,4073000001.0,QN0891,urn:agentwin:city:ev-charging-station:e6dc53e126d80f85ca7368e260d00f0cd8cef4f3091e3239c3c5126e15e318e1,POINT (-73.764505 40.728776)
241,DPR,"DPR - 196-10 Union Tpke, Queens",['EV Solar Arc Charger'],1,196-10 Union Tpke,Queens,11366,Queens,No,No,40.730954,-73.77464,408.0,23.0,1283.0,4156608.0,4072900001.0,QN0891,urn:agentwin:city:ev-charging-station:c73dbfde7f0f5d59df0884e3fd3831ef306b6ab78deeacafadc2da8f7a2af4b1,POINT (-73.77464 40.730954)
242,DPR,"DPR - 8 Olmsted Dr, Queens","['EV Solar Arc Charger', 'Level 2 Charger']",15,8 Olmsted Dr,Queens,11368,Queens,No,No,40.752164,-73.84963,481.0,21.0,38302.0,4541448.0,4020180500.0,QN8191,urn:agentwin:city:ev-charging-station:1d846b74b3e9895fefc5d71839362b85b0f30fcca0adcfea1660cb99e39d20ae,POINT (-73.84963 40.752164)
243,DPR,"DPR - 125-40 Roosevelt Ave, Queens",['Level 2 Charger'],3,125-40 Roosevelt Ave,Flushing,11355,Queens,No,No,40.752442,-73.837885,481.0,21.0,38302.0,4540097.0,4020180001.0,QN8191,urn:agentwin:city:ev-charging-station:e9d5cd6a60762dd5ab85bf8fd0f8d255fd4a7cf09ce3f7446fdbb2b8aae12973,POINT (-73.837885 40.752442)
244,DPR,"DPR - 501 Brielle Ave, Staten Island",['Level 2 Charger'],2,501 Brielle Ave,Staten Island,10314,Staten Island,No,No,40.592224,-74.13628,502.0,50.0,27302.0,5107273.0,5019550001.0,SI0203,urn:agentwin:city:ev-charging-station:d5eb3c135109f4c9ab3ee4190154b97ae18949f45d710f60b1453ce61d0a079d,POINT (-74.13628 40.592224)
245,DPR,"DPR - 25-10 Queens Plaza S, Queens",['Level 2 Charger'],2,25-10 Queens Plaza S,Queens,11101,Queens,No,No,40.750369,-73.940301,402.0,26.0,1902.0,4000000.0,4004230025.0,QN0201,urn:agentwin:city:ev-charging-station:c6e7f01dda6c64316c5cfd919538fd0959d9f6d105b2ed433216bc0c260f73fa,POINT (-73.940301 40.750369)
246,DPR,"DPR - 191-249 Nevada Ave, Staten Island",['Level 2 Charger'],1,191-249 Nevada Ave,Staten Island,10306,Staten Island,No,No,40.584008,-74.125528,502.0,50.0,181.0,5158050.0,5009520275.0,SI0203,urn:agentwin:city:ev-charging-station:4111ce8fa95cda344d015dc114b74f9a18a16c2097ba053d3f14725fee14bac5,POINT (-74.125528 40.584008)
247,DPR,"DPR - 2900 Flatbush Ave, Brooklyn",['EV Solar Arc Charger'],3,2900 Flatbush Ave,Brooklyn,11234,Brooklyn,No,No,40.600248,-73.912051,318.0,46.0,666.0,3397327.0,3085900600.0,BK1891,urn:agentwin:city:ev-charging-station:bb9101ffb3b47ceb751e2242fb37dc079862e9f4d4204a9cf8ee39ab82cc1a29,POINT (-73.912051 40.600248)
248,DPR,"DPR - 20 Randalls Is Rd, Manhattan",['Level 2 Charger'],2,20 Randalls Is Rd,New York,10035,Manhattan,No,No,40.795535,-73.922671,111.0,8.0,240.0,1000000.0,1018190203.0,MN1191,urn:agentwin:city:ev-charging-station:33c45dcac726d415d808c1d97d2507df9cd98481890e4dafff1bc0337c43ce77,POINT (-73.922671 40.795535)
249,DPR,"DPR - 600 W 218th St, Manhattan",['EV Solar Arc Charger'],2,600 W 218th St,New York,10034,Manhattan,No,No,40.872891,-73.918159,112.0,10.0,307.0,1065082.0,1022500058.0,MN1203,urn:agentwin:city:ev-charging-station:c7d58d12202275481464bc45fd6abe0d7b692a0235f41e157ba0553526cf7cdd,POINT (-73.918159 40.872891)
250,DPR,"DPR - 15 Murray Hulbert Ave, Staten Island",['Level 2 Charger'],2,15 Murray Hulbert Ave,Staten Island,10301,Staten Island,No,No,40.636297,-74.073382,501.0,49.0,21.0,5155219.0,5004870100.0,SI0102,urn:agentwin:city:ev-charging-station:f1a6e2ca8f0383187c14f94595f8a4f9031c07a03b08585be41e454ad01b9f86,POINT (-74.073382 40.636297)
251,DPR,"DPR - 405 Capodanno Blvd, Staten Island",['EV Solar Arc Charger'],3,405 Capodanno Blvd,Tompkinsville,10304,Staten Island,No,No,40.587755,-74.069261,502.0,50.0,7002.0,5145877.0,5034910116.0,SI0201,urn:agentwin:city:ev-charging-station:3ef08c1be1b3f03c802a11dfe833299eb26192f1e17d7326e6ba27bc3118c014,POINT (-74.069261 40.587755)
252,DPR,"DPR - 829 Father Capodanno Blvd, Staten Island",['EV Solar Arc Charger'],2,829 Father Capodanno Blvd,Midland Beach,10305,Staten Island,No,No,40.575685,-74.083179,502.0,50.0,11201.0,5174902.0,5038327501.0,SI0202,urn:agentwin:city:ev-charging-station:a882f95a6709959a3fd9b0ce6abfbaf45b9e5ddbdf299967905ec65701697f7e,POINT (-74.083179 40.575685)
253,DPR,"DPR - 920 Father Capodanno Blvd, Staten Island",['Level 3 Fast Charger'],2,920 Father Capodanno Blvd,Midland Beach,10305,Staten Island,NYC DC Fast Public Charging,No,40.575993,-74.082618,595.0,50.0,11201.0,,,SI0202,urn:agentwin:city:ev-charging-station:bf378f54f30c29e5d339e28dc9a3e905112630a27017921fe50c654cb528e4ca,POINT (-74.082618 40.575993)
254,DPR,"DPR - 625 Father Capodanno Blvd, Staten Island",['Level 3 Fast Charger'],2,625 Father Capodanno Blvd,South Beach,10305,Staten Island,NYC DC Fast Public Charging,No,40.582243,-74.074594,502.0,50.0,7002.0,5164735.0,5033550001.0,SI0201,urn:agentwin:city:ev-charging-station:170faba4004446eae3da986a62cf28aaf94c52859c505b721ec5e47f81abb331,POINT (-74.074594 40.582243)
255,DPR,"DPR - 631-643 Father Capodanno Blvd, Staten Island",['Level 2 Charger'],4,631-643 Father Capodanno Blvd,South Beach,10305,Staten Island,No,No,40.581606,-74.075187,502.0,50.0,7002.0,5170654.0,5033550001.0,SI0201,urn:agentwin:city:ev-charging-station:0ec541ee303b267dab6ca655bf9cb53262027b6b1f00f9976bc54f41936d450e,POINT (-74.075187 40.581606)
256,DPR,"DPR - 117-2 Roosevelt Ave, Queens",['Level 2 Charger'],22,117-2 Roosevelt Ave,Corona,11368,Queens,No,No,40.751876,-73.849331,481.0,21.0,38302.0,4050124.0,4020180500.0,QN8191,urn:agentwin:city:ev-charging-station:ea0f918772507f8fcaf702ba194e347992c2efbaf8254cae4a2ec6b7f7d1f942,POINT (-73.849331 40.751876)
257,DPR,"DPR - 6 Olmsted Dr, Queens",['Level 2 Charger'],10,6 Olmsted Dr,Corona,11368,Queens,No,No,40.752167,-73.849641,481.0,21.0,38302.0,4050124.0,4020180500.0,QN8191,urn:agentwin:city:ev-charging-station:9466632fdc67cb432fdaeaebafc9cfb5846be93adbc7544b973ba7ecb2f0e127,POINT (-73.849641 40.752167)
258,DPR,"DPR - 397 Coney Island Ave, Brooklyn",['Level 2 Charger'],4,397 Coney Island Ave,Flatbush,11218,Brooklyn,No,No,40.649009,-73.971603,314.0,40.0,177.0,3256655.0,3050510001.0,BK5591,urn:agentwin:city:ev-charging-station:a7658699e9cb0d667b3b097254b3160c5b6d13b5904bc49b13f8e42c027591e3,POINT (-73.971603 40.649009)
259,DPR,"DPR - 269 Dyckman St, Manhattan",['Level 2 Charger'],2,269 Dyckman St,New York,10034,Manhattan,No,No,40.866824,-73.928811,112.0,10.0,297.0,1089222.0,1022552000.0,MN1292,urn:agentwin:city:ev-charging-station:61a10acd55bc09d5c8cc17941a2c501f869c3164445e6e0104785efe9a9d9f53,POINT (-73.928811 40.866824)
260,DPR,"DPR - 2029 Burr Ave, Bronx",['EV Solar Arc Charger'],3,2029 Burr Ave,Bronx,10461,Bronx,No,No,40.853828,-73.827513,210.0,13.0,300.0,2047778.0,2042490041.0,BX1003,urn:agentwin:city:ev-charging-station:6e8613788dcb714548da61da3c8d2ee63ad240ffc0279a12a2dc67e3f3276cd6,POINT (-73.827513 40.853828)
261,DPR,"DPR - 103-68 41st Ave, Queens",['Level 2 Charger'],2,103-68 41st Ave,Corona,11368,Queens,No,No,40.74913,-73.861966,404.0,21.0,40501.0,,,QN0402,urn:agentwin:city:ev-charging-station:a50e9ae7eb10d4fa6055edc2d53e39e47928529bdbf0e9d7d9008a6bc1f9695c,POINT (-73.861966 40.74913)
262,DPR,"DPR - 23-10 Queens Plaza S, Queens",['Level 2 Charger'],2,23-10 Queens Plaza S,Long Island City,11101,Queens,No,No,40.751136,-73.94204,402.0,26.0,1903.0,4005066.0,4004250005.0,QN0201,urn:agentwin:city:ev-charging-station:841a6b13600766247730cb70d3e9825bbacd98f24a58be6e32280a422f5890ac,POINT (-73.94204 40.751136)
263,DPR,"DPR - 8298 88Th Pl, Queens",['Level 2 Charger'],4,8298 88Th Pl,Flushing,11385,Queens,No,No,40.701474,-73.858238,405.0,32.0,639.0,,,QN0503,urn:agentwin:city:ev-charging-station:52c93a73059cd52f7c54b3b2e79a610cf8dcd745975f7cf33bd023b4b34d1036,POINT (-73.858238 40.701474)
264,DPR,"DPR - 43 Flushing Meadows Corona Park Rd, Queens",['Level 2 Charger'],4,43 Flushing Meadows Corona Park Rd,Queens,11368,Queens,No,No,40.742377,-73.842157,481.0,21.0,38302.0,4000000.0,4020180001.0,QN8191,urn:agentwin:city:ev-charging-station:b0dde174eefc82bd8b00fb4d4205ec37e3e9798c6ae3eaba90e4195dc6d0e838,POINT (-73.842157 40.742377)
265,DPR,"DPR - 223 Riverside Dr, Manhattan",['EV Solar Arc Charger'],2,223 Riverside Dr,New York,10025,Manhattan,No,No,40.795089,-73.976207,107.0,6.0,183.0,1034176.0,1012530004.0,MN0702,urn:agentwin:city:ev-charging-station:47daf1977084c2141a93c00c11a3dde7defe3be16fe61cea5859b7fc7041c460,POINT (-73.976207 40.795089)
266,DPR,"DPR - 16-25 Seagirt Blvd, Queens",['Level 2 Charger'],2,16-25 Seagirt Blvd,Rockaway Park,11694,Queens,No,No,40.595127,-73.750371,414.0,31.0,101004.0,4299407.0,4156490001.0,QN1401,urn:agentwin:city:ev-charging-station:461a935687b613520c00adcf63d236e264fc8dd911d1cd4efb27f9482fd795f3,POINT (-73.750371 40.595127)
267,DPR,"DPR - 1 Beach 56th Pl, Queens",['EV Solar Arc Charger'],1,1 Beach 56th Pl,Queens,11692,Queens,No,No,40.590278,-73.786049,414.0,31.0,97202.0,,,QN1402,urn:agentwin:city:ev-charging-station:6eea0f1471db01a225986c855e7d1fae65c268ade0b8193fcd91d95a26b402b2,POINT (-73.786049 40.590278)
268,DPR,"DPR - 9111 Shore Front Pkwy, Queens",['EV Solar Arc Charger'],1,9111 Shore Front Pkwy,Queens,11693,Queens,No,No,40.584396,-73.813149,414.0,32.0,94203.0,,,QN1402,urn:agentwin:city:ev-charging-station:50a0b2d7ad4ac86401702ebd0176115f56851c9f8b4ba71ddc8877b41633e5b6,POINT (-73.813149 40.584396)
269,DPR,"DPR - 8601 Shore Front Pkwy, Queens",['EV Solar Arc Charger'],1,8601 Shore Front Pkwy,Far Rockaway,11691,Queens,No,No,40.584972,-73.810876,414.0,32.0,94203.0,4303674.0,4161500100.0,QN1402,urn:agentwin:city:ev-charging-station:5ad90f02f90cb30f3ff53f5041c43d7d4e88fddb86f8df5d086f6f2490efb816,POINT (-73.810876 40.584972)
270,DPR,"DPR - 9701 Shore Front Pkwy, Queens",['EV Solar Arc Charger'],1,9701 Shore Front Pkwy,Far Rockaway,11694,Queens,No,No,40.583177,-73.817764,414.0,32.0,94201.0,4549352.0,4161890050.0,QN1402,urn:agentwin:city:ev-charging-station:597c7cea7196475ebfb0168fa4ff12451333a5a97e447281d8c55dc1a5fa69db,POINT (-73.817764 40.583177)
271,DPR,"DPR - 858-918 Victory Blvd, Staten Island",['Level 2 Charger'],2,858-918 Victory Blvd,Staten Island,10301,Staten Island,No,No,40.62368,-74.094745,501.0,49.0,39.0,,,SI0104,urn:agentwin:city:ev-charging-station:203d6869775e564c4bb9f3192df29bec3737caa2859ab461eee8b1b9ea4e70a7,POINT (-74.094745 40.62368)
272,DPR,"DPR - 42 Revere St, Staten Island","['EV Solar Arc Charger', 'Level 2 Charger']",13,42 Revere St,Silver Lake,10301,Staten Island,No,No,40.62852,-74.100238,501.0,49.0,5901.0,5156178.0,5002390001.0,SI0104,urn:agentwin:city:ev-charging-station:dde1bedba9c590ec442b34d4ef42f81079c80d8382babbf1d779bbe94fe7f642,POINT (-74.100238 40.62852)
273,DPR,"DPR - 1550 Lafayette Ave, Bronx",['Level 2 Charger'],1,1550 Lafayette Ave,Clason Point,10473,Bronx,No,No,40.819343,-73.878396,209.0,18.0,24.0,2125611.0,2035430001.0,BX0991,urn:agentwin:city:ev-charging-station:3239c31b8e343f0e9e72c94f7f08d32e58f8fbcdd33d8e112d818a10ea19e100,POINT (-73.878396 40.819343)
274,DPR,"DPR - 375 Sand Ln, Staten Island",['Level 2 Charger'],2,375 Sand Ln,Staten Island,10305,Staten Island,No,No,40.59048,-74.06675,502.0,50.0,74.0,5174859.0,5031227501.0,SI0201,urn:agentwin:city:ev-charging-station:a4f81b8e776281c0a942150c55bdc0145fd4ea4e984d131e437bb7c18091a7f2,POINT (-74.06675 40.59048)
275,DPR,"DPR - 208 Totten Ave, Queens",['Level 2 Charger'],1,208 Totten Ave,Bayside,11359,Queens,No,No,40.792442,-73.777563,407.0,19.0,999.0,4539849.0,4059170001.0,QN0761,urn:agentwin:city:ev-charging-station:f594de46e4ae1a68175bbb52093599c10e70547e557a03307174d0aab99ad60e,POINT (-73.777563 40.792442)
276,DPR,"DPR - 431 Walter Reed Rd, Queens",['Level 2 Charger'],2,431 Walter Reed Rd,Bayside,11359,Queens,No,No,40.794148,-73.775415,407.0,19.0,999.0,4539884.0,4059170001.0,QN0761,urn:agentwin:city:ev-charging-station:b6eb2440e2588876016e8f111406ad33618fee01bb76c3f18bb1e4f908187f8a,POINT (-73.775415 40.794148)
277,DPR,"DPR - 1 Marina Rd, Queens",['EV Solar Arc Charger'],1,1 Marina Rd,Queens,11368,Queens,Solar Carport Charging,No,40.760974,-73.857649,403.0,21.0,38302.0,,,QN8191,urn:agentwin:city:ev-charging-station:7db573b1a97f6363b4314a1b90d6030462411033564ae8a8931dbbb4bcb7cacf,POINT (-73.857649 40.760974)
278,DSNY,"DSNY - 161 Varick Ave, Brooklyn","['Level 2 Charger', 'Level 3 Fast Charger']",21,161 Varick Ave,East Williamsburg,11237,Brooklyn,No,No,40.711118,-73.928548,301.0,34.0,44902.0,3400387.0,3029620001.0,BK0104,urn:agentwin:city:ev-charging-station:096b66e8a8bc40b513c750be7504a958f0e099d73506cc8057de38042383677d,POINT (-73.928548 40.711118)
279,DSNY,"DSNY - 52-35 58th St, Queens","['Level 2 Charger', 'Level 3 Fast Charger']",42,52-35 58th St,Queens,11377,Queens,No,No,40.734883,-73.909957,402.0,26.0,243.0,4462505.0,4023610268.0,QN0203,urn:agentwin:city:ev-charging-station:f9e1bd29261bdbb5fe9428619eb6a63536f54b9c49d8c6045a8a19cfc5ee078c,POINT (-73.909957 40.734883)
280,DSNY,"DSNY - 606 Milford Street, Brooklyn",['Level 2 Charger'],6,606 Milford Street,East New York,11208,Brooklyn,No,No,40.660832,-73.8697,305.0,42.0,1078.0,3099068.0,3045620001.0,BK0503,urn:agentwin:city:ev-charging-station:e33e76cdc63590ddf1a52620188255dd4a11115a442587575679dd94fa2dd262,POINT (-73.8697 40.660832)
281,DSNY,"DSNY - 127 2Nd Ave, Brooklyn",['Level 2 Charger'],3,127 2Nd Ave,Brooklyn,11215,Brooklyn,No,No,40.671308,-73.994452,306.0,38.0,117.0,3022747.0,3010200001.0,BK0601,urn:agentwin:city:ev-charging-station:87c002e90f795b24814a1a1ff02badc3304765c0092e219d927bbbdc274aba5c,POINT (-73.994452 40.671308)
282,DSNY,"DSNY - 1595 Washington Ave, Bronx",['Level 2 Charger'],4,1595 Washington Ave,Bronx,10457,Bronx,No,No,40.839498,-73.90231,203.0,15.0,167.0,2009477.0,2029040034.0,BX0302,urn:agentwin:city:ev-charging-station:d277e94c66d00e4b3ba8abffc1e2889b1a202fbbc0c18d7befef1d18d3450ed9,POINT (-73.90231 40.839498)
283,DSNY,"DSNY - 1755 Pacific St, Brooklyn",['Level 2 Charger'],2,1755 Pacific St,Crown Heights,11213,Brooklyn,No,No,40.67669,-73.931938,308.0,36.0,309.0,3330693.0,3013360018.0,BK0802,urn:agentwin:city:ev-charging-station:c2eb31f2d7529c137182bc5378e2acd5c88ce3234382366927cbd388a525fa2b,POINT (-73.931938 40.67669)
284,DSNY,"DSNY - 690 New York Ave, Brooklyn",['Level 2 Charger'],2,690 New York Ave,Prospect Lefferts Gardens,11203,Brooklyn,No,No,40.657155,-73.947351,309.0,40.0,804.0,3327687.0,3048270039.0,BK0902,urn:agentwin:city:ev-charging-station:cfd8885d4bc7de6e3832921b7065b7f11c8fe5e7ffe4b182ad6b8987222282dc,POINT (-73.947351 40.657155)
285,DSNY,"DSNY - 5100 1St Ave, Brooklyn",['Level 2 Charger'],2,5100 1St Ave,Brooklyn,11232,Brooklyn,No,No,40.649977,-74.02012,307.0,38.0,1803.0,3332515.0,3008030005.0,BK0702,urn:agentwin:city:ev-charging-station:71cf13301fa7fcb53ee10b48726cffa50e2b44745c2a14471c0ca5c6ab79f73f,POINT (-74.02012 40.649977)
286,DSNY,"DSNY - 1824 Shore Parkway, Brooklyn","['EV Solar Arc Charger', 'Level 2 Charger']",8,1824 Shore Parkway,Brooklyn,11214,Brooklyn,No,No,40.591314,-73.994488,311.0,47.0,304.0,3378180.0,3069430030.0,BK1103,urn:agentwin:city:ev-charging-station:55b20dc0a58783c6279921579ffb90576e44ddba6a92238820892fa28b52e328,POINT (-73.994488 40.591314)
287,DSNY,"DSNY - 5602 19th Ave, Brooklyn","['EV Solar Arc Charger', 'Level 2 Charger']",4,5602 19th Ave,Mapleton,11204,Brooklyn,No,No,40.622889,-73.982824,312.0,44.0,468.0,3328495.0,3054940089.0,BK1204,urn:agentwin:city:ev-charging-station:ab06a0d6a780a55073cb7aa80683954ac46c9e66938d75c08dd3c1b638e75374,POINT (-73.982824 40.622889)
288,DSNY,"DSNY - 2012 Neptune Ave, Brooklyn",['EV Solar Arc Charger'],1,2012 Neptune Ave,Brooklyn,11224,Brooklyn,No,No,40.578665,-73.987588,313.0,47.0,326.0,3387557.0,3070180007.0,BK1302,urn:agentwin:city:ev-charging-station:7cf4bb5963cdc31fc47ad55a9eafa3d81749a0100459dbe7901aab5a2ebcce6e,POINT (-73.987588 40.578665)
289,DSNY,"DSNY - 1397 Ralph Ave, Brooklyn",['Level 2 Charger'],2,1397 Ralph Ave,Canarsie,11236,Brooklyn,No,No,40.642674,-73.919717,318.0,42.0,960.0,3221978.0,3079180145.0,BK1803,urn:agentwin:city:ev-charging-station:6db1eb8d3b71900cf792be501e4c47ef1f34a9660f49bb2261881724734c6086,POINT (-73.919717 40.642674)
290,DSNY,"DSNY - 50 Wortman Ave, Brooklyn",['Level 3 Fast Charger'],2,50 Wortman Ave,Brooklyn,11207,Brooklyn,No,No,40.654488,-73.890676,305.0,42.0,1104.0,3097871.0,3043880001.0,BK0503,urn:agentwin:city:ev-charging-station:97e2c4d3263d3e67c81dea995e81d9fce0bf8c041ff1e4b14d9333c8db3bc339,POINT (-73.890676 40.654488)
291,DSNY,"DSNY - 10502 Avenue D, Brooklyn","['Level 2 Charger', 'Level 3 Fast Charger']",3,10502 Avenue D,Brooklyn,11236,Brooklyn,No,No,40.653831,-73.901511,318.0,42.0,1098.0,3256921.0,3081380001.0,BK0503,urn:agentwin:city:ev-charging-station:c2c439dd462d296c7cd1cb5afa0c02933ecb31bb7c98045ff5f1be6aff6cf358,POINT (-73.901511 40.653831)
292,DSNY,"DSNY - 105-01 Foster Ave, Brooklyn","['Level 2 Charger', 'Level 3 Fast Charger']",4,105-01 Foster Ave,Brooklyn,11236,Brooklyn,No,No,40.627727,-73.976281,314.0,40.0,480.0,3398029.0,3054260001.0,BK1402,urn:agentwin:city:ev-charging-station:307e75e7cb58e2267ea312357804cd0ddb97cd6af190dcde93157619c9a76c9c,POINT (-73.976281 40.627727)
293,DSNY,"DSNY - 110 E 131st St, Manhattan",['Level 2 Charger'],8,110 E 131st St,New York,10037,Manhattan,No,No,40.808657,-73.935809,111.0,9.0,242.0,1054511.0,1017790001.0,MN1102,urn:agentwin:city:ev-charging-station:302dfe2de0e3a213098a42d87f68619e5e9f92040f2714dd6b61eebdcaccf491,POINT (-73.935809 40.808657)
294,DSNY,"DSNY - 650 Casanova St, Bronx",['Level 2 Charger'],2,650 Casanova St,West Bronx,10474,Bronx,No,No,40.812786,-73.889857,202.0,17.0,9301.0,2006621.0,2027650177.0,BX0201,urn:agentwin:city:ev-charging-station:67d26548356c4a50dbccbf6e460d724988a8529c7e4bd0e58922a2d9f291b176,POINT (-73.889857 40.812786)
295,DSNY,"DSNY - 525 Johnson Ave, Brooklyn",['Level 2 Charger'],4,525 Johnson Ave,East Williamsburg,11237,Brooklyn,No,No,40.708726,-73.926318,301.0,34.0,44902.0,3070584.0,3029870016.0,BK0104,urn:agentwin:city:ev-charging-station:ff5f5c0328278523cb22dc9a5409814f17fca65d444421c7e48683793b5e31b8,POINT (-73.926318 40.708726)
296,DSNY,"DSNY - 1331 Cromwell Ave, Bronx",['Level 2 Charger'],1,1331 Cromwell Ave,Bronx,10452,Bronx,No,No,40.839273,-73.920629,204.0,16.0,219.0,2008640.0,2028710077.0,BX0403,urn:agentwin:city:ev-charging-station:a17155509df6482a3c54e2fe5391c7f1c31a6e2db7fb0601e79c2fb95bbb27f2,POINT (-73.920629 40.839273)
297,DSNY,"DSNY - 465 Hamilton Ave, Brooklyn",['Level 2 Charger'],2,465 Hamilton Ave,Gowanus,11232,Brooklyn,No,No,40.669156,-73.996907,306.0,38.0,11902.0,3023562.0,3010380001.0,BK0601,urn:agentwin:city:ev-charging-station:85240fc004e3cea63fdcc9b86042fd11596c3f1a80ad1ac9a1984baeec9d057f,POINT (-73.996907 40.669156)
298,DSNY,"DSNY - 800 E 176Th St, Bronx","['Level 2 Charger', 'Level 3 Fast Charger']",9,800 E 176Th St,Bronx,10460,Bronx,No,No,40.842053,-73.889504,206.0,15.0,367.0,2097277.0,2029530021.0,BX0602,urn:agentwin:city:ev-charging-station:1c2b66918ab43f362e7279ac3a98d6ac319b141c9cfe32f4de76d509d6adabdd,POINT (-73.889504 40.842053)
299,DSNY,"DSNY - 850 Zerega Ave, Bronx",['Level 2 Charger'],4,850 Zerega Ave,East Bronx,10473,Bronx,No,No,40.825144,-73.843139,209.0,18.0,90.0,2094841.0,2037020001.0,BX0903,urn:agentwin:city:ev-charging-station:de383f1fab307fa353d87ba66145585dbcd0147ca323ede9c3a3aa1bf2e7f83e,POINT (-73.843139 40.825144)
300,DSNY,"DSNY - 1635 E 233Rd St, Bronx",['Level 2 Charger'],8,1635 E 233Rd St,East Bronx,10475,Bronx,No,No,40.888188,-73.826903,212.0,12.0,456.0,2090261.0,2049740028.0,BX1202,urn:agentwin:city:ev-charging-station:c2590329ce02c509554e93d9275977c5b54777aaad58c66210d00d1947a7fe46,POINT (-73.826903 40.888188)
301,DSNY,"DSNY - 10601 Avenue D, Brooklyn",['Level 2 Charger'],4,10601 Avenue D,Brooklyn,11236,Brooklyn,No,No,40.654363,-73.900725,318.0,42.0,1098.0,3252759.0,3038710001.0,BK0503,urn:agentwin:city:ev-charging-station:f0f43ad3f51fcab63c422cf318e56cbb32230e985758a965b8d05272677bccc0,POINT (-73.900725 40.654363)
302,DSNY,"DSNY - 401 E 105th St, Brooklyn",['Level 2 Charger'],2,401 E 105th St,Canarsie,11236,Brooklyn,No,No,40.653513,-73.901371,318.0,42.0,1098.0,3256921.0,3081380001.0,BK0503,urn:agentwin:city:ev-charging-station:00ccc3beb0965612aea872beca68d73932281af2cf4baaeef5cc2e0c3ede8e36,POINT (-73.901371 40.653513)
303,DSNY,"DSNY - 50 Aviation Rd, Brooklyn",['EV Solar Arc Charger'],3,50 Aviation Rd,Brooklyn,11234,Brooklyn,No,No,40.591839,-73.882699,356.0,46.0,70202.0,3397818.0,3085910075.0,BK5691,urn:agentwin:city:ev-charging-station:5abe1a83273937237b866f7446472f23fc6c2e5415901df8ede46a1404325db6,POINT (-73.882699 40.591839)
304,DSNY,"DSNY - 80 Henry Street, Manhattan",['Level 2 Charger'],3,80 Henry Street,New York,10002,Manhattan,No,No,40.71307,-73.993821,103.0,1.0,8.0,1079607.0,1002750003.0,MN0301,urn:agentwin:city:ev-charging-station:ca867638b63758b66df564f796b2db9bcb98ddb40b4c30b5dcc5f989ca52a518,POINT (-73.993821 40.71307)
305,DSNY,"DSNY - 640 West 26Th Street, Manhattan","['Level 2 Charger', 'Level 3 Fast Charger']",9,640 West 26Th Street,New York,10001,Manhattan,No,No,40.751183,-74.006594,104.0,3.0,9901.0,1012267.0,1006700050.0,MN0401,urn:agentwin:city:ev-charging-station:8572c6a0db1874a91f05b90a7f244d3c03274d75274e7f03317d0386e09984b9,POINT (-74.006594 40.751183)
306,DSNY,"DSNY - 353 Spring St, Manhattan","['Level 2 Charger', 'Level 3 Fast Charger']",12,353 Spring St,New York,10013,Manhattan,No,No,40.726159,-74.010712,102.0,3.0,37.0,1089625.0,1005967501.0,MN0201,urn:agentwin:city:ev-charging-station:41a297847859cbf9307e61235994dc8802a79eaf9c75dede95825e2c13f41583,POINT (-74.010712 40.726159)
307,DSNY,"DSNY - 299 South St, Manhattan",['Level 3 Fast Charger'],4,299 South St,New York,10002,Manhattan,No,No,40.710508,-73.986196,103.0,1.0,201.0,1079600.0,1002410013.0,MN0301,urn:agentwin:city:ev-charging-station:6130e0217b51a1e59e3fc087586d282a48006446f44edce0bcdc65921159b6b5,POINT (-73.986196 40.710508)
308,DSNY,"DSNY - 1787 W Farms Rd, Bronx",['Level 2 Charger'],2,1787 W Farms Rd,Bronx,10460,Bronx,No,No,40.836086,-73.882066,203.0,17.0,161.0,2010955.0,2030150058.0,BX0303,urn:agentwin:city:ev-charging-station:804630000a8761cbc5330d28a2e971c1c6125ce2285094f60da201db5eb402bc,POINT (-73.882066 40.836086)
309,DSNY,"DSNY - 4036 9th Ave, Manhattan",['Level 2 Charger'],2,4036 9th Ave,New York,10034,Manhattan,No,No,40.869218,-73.913033,112.0,10.0,299.0,1082037.0,1022120001.0,MN1203,urn:agentwin:city:ev-charging-station:4bcca6c171ac409e09da5043f796b0e006cd47160bfc6c5d6e109faf59b9c70d,POINT (-73.913033 40.869218)
310,DSNY,"DSNY - 125 E 149th St, Bronx",['Level 2 Charger'],2,125 E 149th St,West Bronx,10451,Bronx,No,No,40.818987,-73.928909,204.0,8.0,6301.0,2001102.0,2023520028.0,BX0401,urn:agentwin:city:ev-charging-station:86816d640834796d24768cb4645075c5dd42c6a8c0b10431d7dad282a2c2ab72,POINT (-73.928909 40.818987)
311,DSNY,"DSNY - 1921 Park Ave, Manhattan",['Level 2 Charger'],2,1921 Park Ave,New York,10037,Manhattan,No,No,40.808361,-73.936604,111.0,9.0,242.0,1054511.0,1017790001.0,MN1102,urn:agentwin:city:ev-charging-station:66952b02e7dab526f1fb93bb01d237650d4609921ca4ef6f485f5e2531d7381d,POINT (-73.936604 40.808361)
312,DSNY,"DSNY - 110 E 130th St, Manhattan",['Level 2 Charger'],2,110 E 130th St,New York,10037,Manhattan,No,No,40.808023,-73.936268,111.0,9.0,242.0,1000000.0,1017780006.0,MN1102,urn:agentwin:city:ev-charging-station:356f9d51c09897f5a27fa0d6d5b3cb3255c48caf6e6905afefd6327808cdd8bf,POINT (-73.936268 40.808023)
313,DSNY,"DSNY - 217 E 127th St, Manhattan",['Level 2 Charger'],8,217 E 127th St,New York,10035,Manhattan,No,No,40.804756,-73.934281,111.0,8.0,242.0,1087849.0,1017920005.0,MN1102,urn:agentwin:city:ev-charging-station:fa4e72b981052d885b415353afadbea1610c6625bf0b6af6b29fe0a6c4552625,POINT (-73.934281 40.804756)
314,DSNY,"DSNY - 301 W 215 St, Manhattan","['Level 2 Charger', 'Level 3 Fast Charger']",4,301 W 215 St,New York,10034,Manhattan,No,No,40.868199,-73.911997,112.0,10.0,299.0,1064485.0,1021960001.0,MN1203,urn:agentwin:city:ev-charging-station:f7d6d1cc3ccbac91bf14a7a4cadffea6bf689d5b5729f5027cda33670420f9f8,POINT (-73.911997 40.868199)
315,DSNY,"DSNY - 34-28 21st St, Queens",['Level 3 Fast Charger'],2,34-28 21st St,Queens,11106,Queens,No,No,40.762336,-73.934464,401.0,26.0,43.0,4005787.0,4005230012.0,QN0105,urn:agentwin:city:ev-charging-station:06eaa8ca5b755899932fde2312667c117ea0764c1ba7f4a10344c21f7af48bc7,POINT (-73.934464 40.762336)
316,DSNY,"DSNY - 58-1 52 Rd, Queens",['Level 2 Charger'],1,58-1 52 Rd,Woodside,11377,Queens,No,No,40.734957,-73.909719,402.0,26.0,243.0,4054170.0,4023470055.0,QN0203,urn:agentwin:city:ev-charging-station:3239fcc736e236d2b74a7385d26a103dbd359fc6d8c0a021909a526315b1dad5,POINT (-73.909719 40.734957)
317,DSNY,"DSNY - 48-01 58 Rd, Queens","['Level 2 Charger', 'Level 3 Fast Charger']",11,48-01 58 Rd,Maspeth,11378,Queens,No,No,40.720249,-73.922845,405.0,26.0,219.0,4307983.0,4026000001.0,QN0501,urn:agentwin:city:ev-charging-station:bff540aa91a463da5851cf6c1399fe4cb411bb081ef6f4843ded10d6926bd4d3,POINT (-73.922845 40.720249)
318,DSNY,"DSNY - 120-15 31St Ave, Queens","['Level 2 Charger', 'Level 3 Fast Charger']",5,120-15 31St Ave,Flushing,11354,Queens,No,No,40.769692,-73.847197,407.0,19.0,907.0,4610396.0,4043460075.0,QN0701,urn:agentwin:city:ev-charging-station:b9b0aa1dc03cca0488947c4b478be2c0432c0fe4997f1dd495c82dd10c3ac92f,POINT (-73.847197 40.769692)
319,DSNY,"DSNY - 30-19 122Nd St, Queens",['Level 2 Charger'],7,30-19 122Nd St,Flushing,11354,Queens,No,No,40.770849,-73.846552,407.0,19.0,907.0,4570021.0,4043500001.0,QN0701,urn:agentwin:city:ev-charging-station:5306f6462540e412e2f5dfd1c8ae01b02f9c4c21edfae1664708c61dae32c6dc,POINT (-73.846552 40.770849)
320,DSNY,"DSNY - 13287 Atlantic Ave, Queens","['Level 2 Charger', 'Level 3 Fast Charger']",3,13287 Atlantic Ave,Queens,11418,Queens,No,No,40.69657,-73.816405,409.0,29.0,14202.0,,,QN0902,urn:agentwin:city:ev-charging-station:0cfa6fe2f116cff0fbb84bc0e09f20e2b2636d7d0120ad631b76806b1c24218e,POINT (-73.816405 40.69657)
321,DSNY,"DSNY - 133-20 Atlantic Ave, Queens",['Level 2 Charger'],2,133-20 Atlantic Ave,Queens,11418,Queens,No,No,40.696682,-73.81595,409.0,29.0,152.0,,,QN0903,urn:agentwin:city:ev-charging-station:c7f64f3ae9df951ebd6fffb7e2d68eb8892e0b66f48e75a0ec633ff79f1f981b,POINT (-73.81595 40.696682)
322,DSNY,"DSNY - 130-23 150Th Ave, Queens",['Level 2 Charger'],10,130-23 150Th Ave,Jamaica,11430,Queens,No,No,40.664778,-73.810159,410.0,28.0,84602.0,4257531.0,4118840001.0,QN1001,urn:agentwin:city:ev-charging-station:d75bff23260175da66e231ab10d6e4e872d25a739bebde503adff91f9f133554,POINT (-73.810159 40.664778)
323,DSNY,"DSNY - 153-67 146Th Ave, Queens",['Level 2 Charger'],4,153-67 146Th Ave,Jamaica,11434,Queens,No,No,40.664629,-73.784675,413.0,31.0,306.0,4433112.0,4150010073.0,QN1306,urn:agentwin:city:ev-charging-station:be9058ae8aec8119021e5f0bd38714925b2460017cbe859342c7608c8084b960,POINT (-73.784675 40.664629)
324,DSNY,"DSNY - 74-75 Douglaston Parkway, Queens",['Level 3 Fast Charger'],2,74-75 Douglaston Parkway,Queens,11362,Queens,No,No,40.743829,-73.734509,411.0,23.0,152901.0,,,QN1103,urn:agentwin:city:ev-charging-station:304298e54da4071f8bb3e3287005a12488483e2a0a658acdb14fa01f4e9f3b9b,POINT (-73.734509 40.743829)
325,DSNY,"DSNY - 51-10 Almeda Ave, Queens","['Level 2 Charger', 'Level 3 Fast Charger']",6,51-10 Almeda Ave,Far Rockaway,11691,Queens,No,No,40.597844,-73.782485,414.0,31.0,97207.0,4616024.0,4159800100.0,QN1491,urn:agentwin:city:ev-charging-station:dc7639638ad43962deb1f99bdeaf46906e86d55185dbd4119648a01d62093d34,POINT (-73.782485 40.597844)
326,DSNY,"DSNY - 52-07 58th St, Queens","['Level 2 Charger', 'Level 3 Fast Charger']",13,52-07 58th St,Woodside,11377,Queens,No,No,40.735462,-73.909675,402.0,26.0,243.0,4054170.0,4023470055.0,QN0203,urn:agentwin:city:ev-charging-station:77a172dbfbc8fee4f4cc4f57e40d5388a4b3b8bc9018cdb959ebe998c78258d0,POINT (-73.909675 40.735462)
327,DSNY,"DSNY - 2 Muldoon Ave, Staten Island",['Level 2 Charger'],1,2 Muldoon Ave,Staten Island,10314,Staten Island,No,No,40.575017,-74.196645,503.0,51.0,22801.0,5158124.0,5059000500.0,SI0391,urn:agentwin:city:ev-charging-station:ad54ef819825183432b6565f26542e86d60e456283b37ffc044d0a42d6608d17,POINT (-74.196645 40.575017)
328,DSNY,"DSNY - 1000 W. Service RD, Staten Island","['EV Solar Arc Charger', 'Level 2 Charger']",16,1000 W. Service RD,Staten Island,10314,Staten Island,No,No,40.571144,-74.195327,503.0,51.0,22801.0,5130986.0,5059000500.0,SI0391,urn:agentwin:city:ev-charging-station:da3b6492cb6aad7bd3f5b8def813caae3b13d371ec67fb55e2c3324c94f79e00,POINT (-74.195327 40.571144)
329,DSNY,"DSNY - 2538 Richmond Ave, Staten Island","['EV Solar Arc Charger', 'Level 3 Fast Charger']",3,2538 Richmond Ave,Staten Island,10314,Staten Island,No,No,40.586223,-74.168484,502.0,51.0,22802.0,,,SI0291,urn:agentwin:city:ev-charging-station:2ae2142f46e2731ec0c380875307a179fcbb1cfbaade37d33c796d6d11be5a5d,POINT (-74.168484 40.586223)
330,DSNY,"DSNY - 3 Muldoon Ave, Staten Island",['EV Solar Arc Charger'],6,3 Muldoon Ave,Staten Island,10314,Staten Island,No,No,40.575234,-74.196696,503.0,51.0,22801.0,5158125.0,5059000500.0,SI0391,urn:agentwin:city:ev-charging-station:5fa5b8e445224f0b5f7adb91ea99b28c0d22f1f33a280f2a9efc4f2eb964da9e,POINT (-74.196696 40.575234)
331,DSNY,"DSNY - 2500 Richmond Ave, Staten Island",['Level 2 Charger'],4,2500 Richmond Ave,Heartland Village,10314,Staten Island,No,No,40.586997,-74.168316,502.0,51.0,22802.0,5041599.0,5025200001.0,SI0291,urn:agentwin:city:ev-charging-station:db1362d5776b43e2c82928bb9db2387a68ffed87a8fc7120220a214bd16d84b8,POINT (-74.168316 40.586997)
332,DSNY,"DSNY - 450 West Service Road, Staten Island",['Level 2 Charger'],2,450 West Service Road,Staten Island,10314,Staten Island,No,No,40.583744,-74.193041,502.0,50.0,22802.0,5141714.0,5026850100.0,SI0291,urn:agentwin:city:ev-charging-station:9b1608b8bfea49cf8cd2ff9c1fda998edfc5b12596ce9950d4e87f30ad14af44,POINT (-74.193041 40.583744)
333,DSNY,"DSNY - 600 West Service Road, Staten Island",['EV Solar Arc Charger'],1,600 West Service Road,Travis - Chelsea,10314,Staten Island,No,No,40.583069,-74.192892,502.0,50.0,22802.0,5141714.0,5026850100.0,SI0291,urn:agentwin:city:ev-charging-station:e0979af6f4e05d862bfc4cee78e0d4211e17487b3091348231ae8859220dc0e0,POINT (-74.192892 40.583069)
334,FDNY,"FDNY - 48-34 35Th St, Queens",['Level 2 Charger'],3,48-34 35Th St,Long Island City,11101,Queens,No,No,40.740165,-73.930693,402.0,26.0,19901.0,4003451.0,4002540001.0,QN0202,urn:agentwin:city:ev-charging-station:7f1ed844ce3af9f7693d979c82acfc1f9c880a5db0924e5edd7bd83854f33a2b,POINT (-73.930693 40.740165)
335,FDNY,"FDNY - 48-58 35Th St, Queens",['Level 2 Charger'],1,48-58 35Th St,Long Island City,11101,Queens,No,No,40.740126,-73.9307,402.0,26.0,19901.0,4003451.0,4002540001.0,QN0202,urn:agentwin:city:ev-charging-station:6905825e8573edf6021162b3701e3d34551fb5e65e7fb011bbbe45fdb02c8ab2,POINT (-73.9307 40.740126)
336,FDNY,"FDNY - 35 Empire Blvd, Brooklyn",['Level 2 Charger'],1,35 Empire Blvd,Brooklyn,11205,Brooklyn,No,No,40.663276,-73.961227,355.0,35.0,177.0,3029669.0,3011830051.0,BK5591,urn:agentwin:city:ev-charging-station:8420c0afa9b82c5ed2225582754ec1e806e2259a578b4a844a4b939825686e28,POINT (-73.961227 40.663276)
337,FDNY,"FDNY - 418 A Weaver Ave, Queens",['Level 2 Charger'],1,418 A Weaver Ave,Queens,11359,Queens,No,No,40.793414,-73.775096,407.0,19.0,999.0,4459162.0,4059170001.0,QN0761,urn:agentwin:city:ev-charging-station:0957ae905834c00f32986bedc774fee31e93ee3c135ddc600cdf6239d6b48364,POINT (-73.775096 40.793414)
338,FDNY,"FDNY - 5600 1st Ave, Brooklyn",['Level 2 Charger'],2,5600 1st Ave,Brooklyn,11220,Brooklyn,No,No,40.646985,-74.022721,307.0,38.0,1803.0,3255737.0,3008190001.0,BK0702,urn:agentwin:city:ev-charging-station:dded177871bd858a974788418f38008cb30709dc8c70630a7e22a249e9908531,POINT (-74.022721 40.646985)
339,FDNY,"FDNY - 453 E 176th St, Bronx",['Level 2 Charger'],1,453 E 176th St,Bronx,10457,Bronx,No,No,40.846206,-73.899394,206.0,15.0,395.0,2009541.0,2029090040.0,BX0602,urn:agentwin:city:ev-charging-station:34daafa5c9a559e8bd22f725542a8f19d6bbf545323b4d9adfa233be52551359,POINT (-73.899394 40.846206)
340,FDNY,"FDNY - 1647 Washington Ave, Bronx",['Level 3 Fast Charger'],1,1647 Washington Ave,The Bronx,10457,Bronx,No,No,40.840839,-73.901556,203.0,15.0,167.0,2117924.0,2029050030.0,BX0302,urn:agentwin:city:ev-charging-station:bff352d7d0f261492e656897b4e106118d69d14ca64ba0356f30a339298e1db7,POINT (-73.901556 40.840839)
341,FDNY,"FDNY - 100 Duane Street, Manhattan",['Level 2 Charger'],1,100 Duane Street,New York,10007,Manhattan,No,No,40.715463,-74.005938,101.0,1.0,33.0,1001647.0,1001500025.0,MN0102,urn:agentwin:city:ev-charging-station:151db265e17e54187313bb4a976c6cead4d431f7f58c44a48ffdabcf4b6fddac,POINT (-74.005938 40.715463)
342,FDNY,"FDNY - Randalls Island Fire Academy, Manhattan",['Level 2 Charger'],2,Randalls Island Fire Academy,New York,10035,Manhattan,No,No,40.795535,-73.922671,111.0,8.0,240.0,1000000.0,1018190203.0,MN1191,urn:agentwin:city:ev-charging-station:eacdd5844ec1ba2e7980c0fdc9159aedbc02db1ac7434fb2ffc964ec31a62fa1,POINT (-73.922671 40.795535)
343,FDNY,"FDNY - 400 Murray Ave, Queens",['Level 2 Charger'],1,400 Murray Ave,Queens,11359,Queens,No,No,40.79273,-73.777616,407.0,19.0,999.0,4453917.0,4059170001.0,QN0761,urn:agentwin:city:ev-charging-station:f4686866c64fe5e2e6ce6aa511f4bf5ce0207f9ac6b6d0e11f4b4fce1763c760,POINT (-73.777616 40.79273)
344,FDNY,"FDNY - 402 Murray Ave, Queens",['Level 2 Charger'],2,402 Murray Ave,Queens,11359,Queens,No,No,40.79314,-73.777925,407.0,19.0,999.0,4539822.0,4059170001.0,QN0761,urn:agentwin:city:ev-charging-station:d9c9715a8b5e9145a4b4968546eb62c32697e2038012aecaa1d5894394791848,POINT (-73.777925 40.79314)
345,FDNY,"FDNY - 30-30 Review Ave, Queens",['Level 2 Charger'],2,30-30 Review Ave,Queens,11101,Queens,No,No,40.736818,-73.939753,402.0,26.0,19902.0,4003565.0,4002940173.0,QN0202,urn:agentwin:city:ev-charging-station:1268066d5b2d8b96566c54aeb6068ce1db69d00866f507b054a8a44c1ea840ef,POINT (-73.939753 40.736818)
346,FDNY,"FDNY - 9 Metrotech Center, Brooklyn",['Level 2 Charger'],10,9 Metrotech Center,Brooklyn,11201,Brooklyn,No,No,40.69486,-73.984674,302.0,33.0,1502.0,3058187.0,3020470011.0,BK0202,urn:agentwin:city:ev-charging-station:f4e5db4a69493e8984dcef1a7f3bdb5186ef2154538c03c9acabb5b1107f17c4,POINT (-73.984674 40.69486)
347,FDNY,"FDNY - 475 Brielle Ave, Staten Island",['Level 2 Charger'],2,475 Brielle Ave,Staten Island,10314,Staten Island,No,No,40.593273,-74.135732,502.0,50.0,27302.0,5134761.0,5019550001.0,SI0203,urn:agentwin:city:ev-charging-station:1cb21c4a3f7f97e2f2973dab9d5eefa3a1db3cf6819eedfd8d689f66a0e58d78,POINT (-74.135732 40.593273)
348,FDNY,"FDNY - 135-16 38th Ave, Queens",['Level 2 Charger'],1,135-16 38th Ave,Queens,11354,Queens,No,No,40.760328,-73.832112,407.0,20.0,871.0,4112309.0,4049750031.0,QN0707,urn:agentwin:city:ev-charging-station:680cacc574420c967bcae4fff4b04d850c86b2203344b2b324198b264e8d823e,POINT (-73.832112 40.760328)
349,HPD,"HPD - 701 Euclid Ave, Brooklyn",['Level 3 Fast Charger'],2,701 Euclid Ave,East New York,11208,Brooklyn,No,No,40.669676,-73.870515,305.0,42.0,120801.0,3098536.0,3044610001.0,BK0505,urn:agentwin:city:ev-charging-station:52cf1b344822402e5d9f024cf9dc1f9afc668cb1c47d4ef90ce83faf582d68f4,POINT (-73.870515 40.669676)
350,HRA,"HRA - 260 11th Ave, Manhattan",['Level 2 Charger'],16,260 11th Ave,New York,10001,Manhattan,No,No,40.75131,-74.005233,104.0,3.0,9902.0,1012389.0,1006980001.0,MN0401,urn:agentwin:city:ev-charging-station:b01b5154c27d74819b01d2aac220ad2b2b8a4d854c81f3c3ceb8b0bc03726fde,POINT (-74.005233 40.75131)
351,HRA,"HRA - 95 Evergreen Avenue, Brooklyn",['Level 3 Fast Charger'],2,95 Evergreen Avenue,Brooklyn,11206,Brooklyn,No,No,40.699927,-73.932531,304.0,34.0,425.0,3071940.0,3031560001.0,BK0401,urn:agentwin:city:ev-charging-station:24498caee6de7091b121d367a6bea547bfe1e9ddc74f6a41131bdb2190c1c9df,POINT (-73.932531 40.699927)
352,HRA,"HRA - 10300 Foster Avenue, Brooklyn",['EV Solar Arc Charger'],1,10300 Foster Avenue,Brooklyn,11236,Brooklyn,No,No,40.651177,-73.901274,318.0,42.0,1098.0,3229150.0,3081490300.0,BK0503,urn:agentwin:city:ev-charging-station:0b702c9f9dc7fff2b94cce66e9d8aa58b8a20e111f1c2c083ebc8d60185adf99,POINT (-73.901274 40.651177)
353,NYCHA,"NYCHA - 23 Ash St, Brooklyn",['Level 2 Charger'],6,23 Ash St,Greenpoint,11222,Brooklyn,No,No,40.738096,-73.954533,301.0,33.0,57901.0,3063679.0,3024770060.0,BK0101,urn:agentwin:city:ev-charging-station:3e7afb9d9ce81df149bac5e6f0330867354b369b5f69289b6b8c87fb0763c7f4,POINT (-73.954533 40.738096)
354,NYCHA,"NYCHA - 1260 Sutter Ave, Brooklyn",['EV Solar Arc Charger'],1,1260 Sutter Ave,Brooklyn,11208,Brooklyn,No,No,40.672807,-73.871627,305.0,42.0,1210.0,3337020.0,3042920061.0,BK0505,urn:agentwin:city:ev-charging-station:341b0cf828ff024db54e4a24dde9d32f2cfda19f1815439b236b30ebfcfd07c4,POINT (-73.871627 40.672807)
355,NYCHA,"NYCHA - 67 35th St, Brooklyn",['EV Solar Arc Charger'],1,67 35th St,Brooklyn,11232,Brooklyn,No,No,40.656695,-74.006815,307.0,38.0,1802.0,3336900.0,3006870001.0,BK0702,urn:agentwin:city:ev-charging-station:9843703e2fc7d06999e57d977d359da1523bfa96006c9d9f31fa614053fdbee3,POINT (-74.006815 40.656695)
356,NYCHA,"NYCHA - 1980 Lexington Ave, Manhattan",['Level 2 Charger'],1,1980 Lexington Ave,New York,10035,Manhattan,No,No,40.801789,-73.939319,111.0,9.0,196.0,1054377.0,1017690005.0,MN1102,urn:agentwin:city:ev-charging-station:b5bf90538c6c8d717851454c2782db3163d291e9f08d4bafbf6e5c93d208d719,POINT (-73.939319 40.801789)
357,NYCHA,"NYCHA - 90-20 170Th St, Queens",['Level 2 Charger'],1,90-20 170Th St,Jamaica,11432,Queens,No,No,40.708578,-73.790579,412.0,27.0,460.0,4209721.0,4098020041.0,QN1201,urn:agentwin:city:ev-charging-station:59bdc4fef993ed3d7e9101b068b6b8bf756d150afbfbe329d884f29f7c3a62b5,POINT (-73.790579 40.708578)
358,NYCHA,"NYCHA - 35-35 21st St, Queens",['EV Solar Arc Charger'],1,35-35 21st St,Queens,11106,Queens,No,No,40.760888,-73.935819,401.0,26.0,47.0,4430706.0,4003350002.0,QN0105,urn:agentwin:city:ev-charging-station:3b6d22123937bf6813a43f9a33172b9e6606e9d59967013cff7db1916d2f7fbb,POINT (-73.935819 40.760888)
359,NYCHA,"NYCHA - 1741 Bruckner Blvd, Bronx",['EV Solar Arc Charger'],1,1741 Bruckner Blvd,The Bronx,10472,Bronx,No,No,40.825243,-73.867481,209.0,18.0,44.0,,,BX0901,urn:agentwin:city:ev-charging-station:61c6dd692563efee6d696f5b9e5c2fb6146c35e285daf02fa97026eb22c0286c,POINT (-73.867481 40.825243)
360,NYCHA,"NYCHA - 3 St. James Pl, Manhattan","['EV Solar Arc Charger', 'Level 2 Charger']",3,3 St. James Pl,New York,10038,Manhattan,No,No,40.71108,-74.000397,103.0,1.0,25.0,1077416.0,1001110100.0,MN0301,urn:agentwin:city:ev-charging-station:7f18862ed5d27edec2c396d3a8d134b0cf53a90d77ba7414b3a5d1163251e2b7,POINT (-74.000397 40.71108)
361,NYPD,"NYPD - 87-34 118th St, Queens",['Level 2 Charger'],2,87-34 118th St,Queens,11418,Queens,No,No,40.699311,-73.83157,409.0,29.0,122.0,4195880.0,4093270021.0,QN0902,urn:agentwin:city:ev-charging-station:45c31f100a8ba70c7b0282fb1ad1550def1675c5b4f6a9b6f42f4d8168930ca9,POINT (-73.83157 40.699311)
362,NYPD,"NYPD - 103-53 101st St, Queens",['Level 2 Charger'],1,103-53 101st St,Queens,11417,Queens,No,No,40.682344,-73.840046,410.0,29.0,112.0,4201325.0,4095050061.0,QN0904,urn:agentwin:city:ev-charging-station:e103f83af4ede6d5614a9711e3ae00c7e9a64359d366998b81b7a2661a35cda4,POINT (-73.840046 40.682344)
363,NYPD,"NYPD - 71-01 Parsons Blvd, Queens",['Level 2 Charger'],1,71-01 Parsons Blvd,Queens,11365,Queens,No,No,40.7301,-73.810908,408.0,24.0,122704.0,4445325.0,4067970040.0,QN0802,urn:agentwin:city:ev-charging-station:a6523cd762275e0ccb37f8b734e3d2ed55dd419f1d0007d9afa26be061a98b5f,POINT (-73.810908 40.7301)
364,NYPD,"NYPD - 68-40 Austin St, Queens",['Level 2 Charger'],1,68-40 Austin St,Forest Hills,11375,Queens,No,No,40.722429,-73.850982,406.0,29.0,711.0,4077446.0,4032340022.0,QN0602,urn:agentwin:city:ev-charging-station:83533d58c363ac90eae731800d11f2b5a75f250addb2a44c09349ac833091962,POINT (-73.850982 40.722429)
365,NYPD,"NYPD - 167-02 Baisley Blvd, Queens",['Level 2 Charger'],1,167-02 Baisley Blvd,Jamaica,11434,Queens,No,No,40.679976,-73.776214,412.0,28.0,33403.0,4270044.0,4124950045.0,QN1204,urn:agentwin:city:ev-charging-station:f6e5a1ed7fc183a2dd2c60854d5d0737a32823fc6358c2ce031cfb548a236fa8,POINT (-73.776214 40.679976)
366,NYPD,"NYPD - 3416 Astoria Blvd, Queens",['Level 3 Fast Charger'],1,3416 Astoria Blvd,Long Island City,11103,Queens,No,No,40.769581,-73.915593,401.0,22.0,6501.0,4009361.0,4006320030.0,QN0103,urn:agentwin:city:ev-charging-station:b8065ced72f4b0ab9949abf3adeec8c0aced7ecb949eddc6ed92247ddabfa245,POINT (-73.915593 40.769581)
367,NYPD,"NYPD - 92-01 Northern Blvd, Queens",['Level 3 Fast Charger'],1,92-01 Northern Blvd,Flushing,11372,Queens,No,No,40.75656,-73.87593,403.0,21.0,351.0,4034862.0,4014220034.0,QN0301,urn:agentwin:city:ev-charging-station:c08839bf5c42d5a193e26becb5a5210cf9cbd2e7c4e3077f609604a097bff052,POINT (-73.87593 40.75656)
368,NYPD,"NYPD - 244-04 North Conduit Avenue, Queens","['Level 2 Charger', 'Level 3 Fast Charger']",9,244-04 North Conduit Avenue,Queens,11422,Queens,No,No,40.666567,-73.733465,413.0,31.0,65401.0,4518258.0,4132650030.0,QN1307,urn:agentwin:city:ev-charging-station:e30cc7a693b402d12392daaf73f838ca55690cfd456e6426dece626eb2d3dab2,POINT (-73.733465 40.666567)
369,NYPD,"NYPD - 242-20 N Conduit Ave, Queens",['Level 2 Charger'],1,242-20 N Conduit Ave,Queens,11422,Queens,No,No,40.666572,-73.735563,413.0,31.0,65401.0,4620957.0,4132650030.0,QN1307,urn:agentwin:city:ev-charging-station:7831be1033f27cc6e0979f128a7ffbd3f624f887356f74efad4c9c0b18c2bf8e,POINT (-73.735563 40.666572)
370,NYPD,"NYPD - 970 Richmond Ave, Staten Island",['Level 2 Charger'],5,970 Richmond Ave,Staten Island,10314,Staten Island,No,No,40.623595,-74.149133,501.0,49.0,30302.0,5165197.0,5017040001.0,SI0107,urn:agentwin:city:ev-charging-station:d5896806b482d2dc59c7d34a16627255262c928d29e96c2ba4dfb240b4a44295,POINT (-74.149133 40.623595)
371,NYPD,"NYPD - 116 Main St, Staten Island",['Level 2 Charger'],1,116 Main St,Staten Island,10307,Staten Island,No,No,40.512,-74.249725,503.0,51.0,248.0,5088926.0,5080280056.0,SI0305,urn:agentwin:city:ev-charging-station:9a9cce3849a86607f9d3027cc42c40480cbabcc7f8658565a8228b3f8e57918b,POINT (-74.249725 40.512)
372,NYPD,"NYPD - 167 E 51st St, Manhattan",['Level 2 Charger'],1,167 E 51st St,New York,10022,Manhattan,No,No,40.756812,-73.971142,106.0,4.0,100.0,1036462.0,1013060033.0,MN0604,urn:agentwin:city:ev-charging-station:ca92aa4ecd85ea360a061ce9f131d1a2a31af39754cc17d85b6266703ff02e27,POINT (-73.971142 40.756812)
373,NYPD,"NYPD - 844 3rd Ave, Manhattan",['Level 2 Charger'],1,844 3rd Ave,New York,10022,Manhattan,No,No,40.756738,-73.970117,106.0,4.0,100.0,1036462.0,1013060033.0,MN0604,urn:agentwin:city:ev-charging-station:ece17e6ee6bbe9ab843fc86a9a2b739df7302f2ffd5f50e8ccbbe395dbbabc5b,POINT (-73.970117 40.756738)
374,NYPD,"NYPD - 157 E 67th St, Manhattan",['Level 3 Fast Charger'],1,157 E 67th St,New York,10065,Manhattan,No,No,40.76696,-73.963856,108.0,4.0,120.0,1072190.0,1014020029.0,MN0802,urn:agentwin:city:ev-charging-station:e0f5509cafab6a5bf253cf9614ec4893aba0e1ed0541b38160108438e22752b4,POINT (-73.963856 40.76696)
375,NYPD,"NYPD - 120 E 119th St, Manhattan",['Level 2 Charger'],3,120 E 119th St,New York,10035,Manhattan,No,No,40.800892,-73.941025,111.0,9.0,182.0,1054360.0,1017670062.0,MN1102,urn:agentwin:city:ev-charging-station:99bb3c3ba04047995d860bf6ead22dd916f96ef1409bc198b819274cb4371871,POINT (-73.941025 40.800892)
376,NYPD,"NYPD - 451 W 151st St, Manhattan","['Level 2 Charger', 'Level 3 Fast Charger']",4,451 W 151st St,New York,10031,Manhattan,No,No,40.828615,-73.943847,109.0,7.0,23501.0,1081826.0,1020660009.0,MN0903,urn:agentwin:city:ev-charging-station:4b368dc8ba7903d7a818ce5d10b8ba4ba1824c035960cbd5ac5beafa237aeb04,POINT (-73.943847 40.828615)
377,NYPD,"NYPD - 242 W 135th St, Manhattan",['Level 2 Charger'],1,242 W 135th St,New York,10030,Manhattan,No,No,40.815834,-73.944978,110.0,9.0,228.0,1075467.0,1019400048.0,MN1002,urn:agentwin:city:ev-charging-station:57c3b4e4d531f7fff732fd4cfe8dd5a2d32691642369567378b85ae5cafdbe7e,POINT (-73.944978 40.815834)
378,NYPD,"NYPD - 250 W 135th St, Manhattan",['Level 2 Charger'],1,250 W 135th St,New York,10030,Manhattan,No,No,40.815908,-73.945151,110.0,9.0,228.0,1075467.0,1019400048.0,MN1002,urn:agentwin:city:ev-charging-station:08051533e53dbc21115290c4e07a1600d18b38b720d9cd59e63d39592fef924e,POINT (-73.945151 40.815908)
379,NYPD,"NYPD - 2207 Amsterdam Ave, Manhattan",['Level 2 Charger'],2,2207 Amsterdam Ave,New York,10032,Manhattan,No,No,40.840712,-73.93564,112.0,10.0,249.0,1086200.0,1021120010.0,MN1201,urn:agentwin:city:ev-charging-station:8f8e4b44cab2a831c8dd3c1f7498eb347b5da446366d808e40962d60f520a810,POINT (-73.93564 40.840712)
380,NYPD,"NYPD - 4295 Broadway, Manhattan",['Level 2 Charger'],2,4295 Broadway,New York,10033,Manhattan,No,No,40.85126,-73.935186,112.0,10.0,271.0,1064415.0,1021800108.0,MN1202,urn:agentwin:city:ev-charging-station:57785c20ef358193e6a205c9c34902f0f05ecb46f74029ecc26a07bcfa69e02f,POINT (-73.935186 40.85126)
381,NYPD,"NYPD - 257 Alexander Ave, Bronx",['Level 2 Charger'],1,257 Alexander Ave,The Bronx,10454,Bronx,No,No,40.810347,-73.924941,201.0,8.0,39.0,2000700.0,2023140030.0,BX0101,urn:agentwin:city:ev-charging-station:e8f2d7e078204991712bab79546c67228d7551f521cb440cde5ac37a698b0b12,POINT (-73.924941 40.810347)
382,NYPD,"NYPD - 555 E 149th St, Bronx",['Level 2 Charger'],2,555 E 149th St,The Bronx,10455,Bronx,No,No,40.814502,-73.913629,201.0,17.0,71.0,,,BX0102,urn:agentwin:city:ev-charging-station:8ed7731bc650d89c069c6d700243b929d99ee7629c1639a1711495ebe752d3a6,POINT (-73.913629 40.814502)
383,NYPD,"NYPD - 1035 Longwood Avenue, Bronx","['Level 2 Charger', 'Level 3 Fast Charger']",4,1035 Longwood Avenue,The Bronx,10459,Bronx,No,No,40.816198,-73.896,202.0,17.0,89.0,2090437.0,2027320001.0,BX0201,urn:agentwin:city:ev-charging-station:12c937cf9d318a389c9de57e606910a3edeba510f08973469f3b3ccbb180c030,POINT (-73.896 40.816198)
384,NYPD,"NYPD - 1925 Bath Ave, Brooklyn",['Level 2 Charger'],1,1925 Bath Ave,Brooklyn,11214,Brooklyn,No,No,40.602329,-74.00318,311.0,38.0,282.0,3167815.0,3064060045.0,BK1102,urn:agentwin:city:ev-charging-station:12bfae40897d7f236a0855bd6ff43c027ebf667d6aa14e987662211f68d52c39,POINT (-74.00318 40.602329)
385,NYPD,"NYPD - 5822 16th Ave, Brooklyn",['Level 2 Charger'],1,5822 16th Ave,Brooklyn,11204,Brooklyn,No,No,40.625843,-73.990929,312.0,44.0,242.0,3131362.0,3055020043.0,BK1202,urn:agentwin:city:ev-charging-station:8a664a5c35bac8f5a07c0a1c60e6c1d2a42ed4307321e39a46c6b81c8150313e,POINT (-73.990929 40.625843)
386,NYPD,"NYPD - 2900 Snyder Ave, Brooklyn",['Level 2 Charger'],1,2900 Snyder Ave,Brooklyn,11226,Brooklyn,No,No,40.648867,-73.950471,317.0,40.0,824.0,3117400.0,3051110024.0,BK1701,urn:agentwin:city:ev-charging-station:d2d644e026198a422141c82ef696e2aaf01a48c775cf854957822ccbbdc11fcb,POINT (-73.950471 40.648867)
387,NYPD,"NYPD - 333 65th St, Brooklyn",['Level 2 Charger'],2,333 65th St,Brooklyn,11220,Brooklyn,No,No,40.638827,-74.022721,310.0,47.0,70.0,3144156.0,3058170055.0,BK1001,urn:agentwin:city:ev-charging-station:27ca22261ba65b98516389fdb61f794e34fa2d1c87d207bc61133ef75991cc32,POINT (-74.022721 40.638827)
388,NYPD,"NYPD - 9720 Foster Ave, Brooklyn",['Level 2 Charger'],2,9720 Foster Ave,Brooklyn,11236,Brooklyn,No,No,40.648606,-73.905256,318.0,42.0,1098.0,3229075.0,3081470026.0,BK0503,urn:agentwin:city:ev-charging-station:a0335795d22ef34bdabca440123d6cb3990407219e31cdaec9d3ad96a1a53a58,POINT (-73.905256 40.648606)
389,NYPD,"NYPD - 421 Empire Boulevard, Brooklyn","['Level 2 Charger', 'Level 3 Fast Charger']",4,421 Empire Boulevard,Brooklyn,11225,Brooklyn,No,No,40.664113,-73.947763,309.0,35.0,331.0,3034563.0,3013100001.0,BK0901,urn:agentwin:city:ev-charging-station:a3588a501285c3f61bf158015bbe42610376928034fe55cc40c8b28e885b6254,POINT (-73.947763 40.664113)
390,NYPD,"NYPD - 830 4 Ave, Brooklyn","['Level 2 Charger', 'Level 3 Fast Charger']",4,830 4 Ave,Sunset Park,11232,Brooklyn,No,No,40.65815,-74.00044,307.0,38.0,101.0,3009843.0,3006680029.0,BK0702,urn:agentwin:city:ev-charging-station:2ca631951c4df3ba133a3b7ab6bc1cd5eea624ef34bee743cc166a8b9e4dc406,POINT (-74.00044 40.65815)
391,NYPD,"NYPD - 1470 East New York Avenue, Brooklyn",['Level 3 Fast Charger'],4,1470 East New York Avenue,Brooklyn,11212,Brooklyn,No,No,40.671122,-73.913501,316.0,41.0,924.0,3080735.0,3034970002.0,BK1602,urn:agentwin:city:ev-charging-station:b5671dd4777e9de3f8f0c35088bc3512e06493ad4a943af6faa5d1b7acddd20e,POINT (-73.913501 40.671122)
392,NYPD,"NYPD - 25 Pitt St, Manhattan",['Level 3 Fast Charger'],1,25 Pitt St,New York,10002,Manhattan,No,No,40.716401,-73.983493,103.0,1.0,12.0,1004078.0,1003420060.0,MN0302,urn:agentwin:city:ev-charging-station:d83d34e737fb110eff834c3914d0deba385fdb4b44cc0d2cd5923b64b45b7d37,POINT (-73.983493 40.716401)
393,NYPD,"NYPD - 30 Ralph Ave, Brooklyn",['Level 2 Charger'],2,30 Ralph Ave,Brooklyn,11221,Brooklyn,No,No,40.689456,-73.924024,303.0,41.0,387.0,3044596.0,3016330039.0,BK0302,urn:agentwin:city:ev-charging-station:aeb4c7aced885d977ce195ad24d30f1bebb1fcbf77fa1d7138af27d73cac301c,POINT (-73.924024 40.689456)
394,NYPD,"NYPD - 480 Knickerbocker Ave, Brooklyn",['Level 2 Charger'],1,480 Knickerbocker Ave,Brooklyn,11237,Brooklyn,No,No,40.698466,-73.917768,304.0,37.0,433.0,3326387.0,3033070022.0,BK0402,urn:agentwin:city:ev-charging-station:2243bc1414d597815cb45dbf685c335eebf92998e496bb8692c38aba34b3bd11,POINT (-73.917768 40.698466)
395,NYPD,"NYPD - 487 Broadway, Brooklyn",['Level 2 Charger'],1,487 Broadway,Brooklyn,11211,Brooklyn,No,No,40.7063,-73.951781,301.0,34.0,527.0,3063633.0,3024650100.0,BK0102,urn:agentwin:city:ev-charging-station:84629fa480842ba4389875276c5adce2c5e8e36b84e9be6595ff08cb4a78871f,POINT (-73.951781 40.7063)
396,NYPD,"NYPD - 500 Abbot Street, Bronx",['Level 2 Charger'],3,500 Abbot Street,The Bronx,10470,Bronx,No,No,40.908297,-73.853698,212.0,11.0,414.0,2071627.0,2051010012.0,BX1203,urn:agentwin:city:ev-charging-station:2cf34ad84508dcee1df3a7db4066a433e11092620a5ef068f5b014918c3e493f,POINT (-73.853698 40.908297)
397,NYPD,"NYPD - 92-33 168th St, Queens",['Level 2 Charger'],2,92-33 168th St,Queens,11433,Queens,No,No,40.705661,-73.79211,412.0,27.0,444.0,4617186.0,4102097501.0,QN1201,urn:agentwin:city:ev-charging-station:c551d47d98383a2f161b1345dab422eef6c691ee9a5df324e42aeeb8d27feade,POINT (-73.79211 40.705661)
398,NYPD,"NYPD - 59-06 Laurel Hill Blvd, Queens","['Level 2 Charger', 'Level 3 Fast Charger']",10,59-06 Laurel Hill Blvd,Queens,11377,Queens,No,No,40.736834,-73.906426,402.0,26.0,243.0,4054168.0,4023440030.0,QN0203,urn:agentwin:city:ev-charging-station:468d0eddcf25ed06be069d3212ac0b8c447e50a0244464ba900b33f13b74b156,POINT (-73.906426 40.736834)
399,NYPD,"NYPD - 235 E 20Th St, Manhattan",['Level 3 Fast Charger'],2,235 E 20Th St,New York,10003,Manhattan,No,No,40.736468,-73.983311,106.0,2.0,64.0,1019613.0,1009010006.0,MN0602,urn:agentwin:city:ev-charging-station:3d9d12fb3a1cfa3b3ec7d7fdf4344c210371a065609b0e2fb12dd66c6be86296,POINT (-73.983311 40.736468)
400,NYPD,"NYPD - 31-40 College Point Blvd, Queens",['Level 2 Charger'],1,31-40 College Point Blvd,Flushing,11354,Queens,No,No,40.76822,-73.840605,407.0,19.0,907.0,4596067.0,4043840010.0,QN0701,urn:agentwin:city:ev-charging-station:f35322368e20b2430035d592ce1af3c9e290c7113806d83ea73c5f6441eda555,POINT (-73.840605 40.76822)
401,NYPD,"NYPD - 31-22 College Point Blvd, Queens",['Level 2 Charger'],3,31-22 College Point Blvd,Flushing,11354,Queens,No,No,40.768682,-73.841095,407.0,19.0,907.0,4605716.0,4043820001.0,QN0701,urn:agentwin:city:ev-charging-station:641baf2d1be8f5b335ec74a4eb9e5c28393b147b65a30f89ad8599d2e5ca25c8,POINT (-73.841095 40.768682)
402,NYPD,"NYPD - 53-15 58Th St, Queens",['Level 3 Fast Charger'],2,53-15 58Th St,Flushing,11377,Queens,No,No,40.733733,-73.91054,402.0,26.0,243.0,4054276.0,4023610150.0,QN0203,urn:agentwin:city:ev-charging-station:1b318c91fde01b674572709e8744b56872edc0cb504f4ed78483defc259a88b5,POINT (-73.91054 40.733733)
403,NYPD,"NYPD - 3260 Flatbush Ave, Brooklyn",['EV Solar Arc Charger'],2,3260 Flatbush Ave,Brooklyn,11234,Brooklyn,No,No,40.588627,-73.899217,356.0,46.0,666.0,3397749.0,3085900700.0,BK1891,urn:agentwin:city:ev-charging-station:23fa9869f82cfc289b49fece52edff4ddd737faa8ba1c53e9deab796d5eb1d0f,POINT (-73.899217 40.588627)
404,NYPD,"NYPD - 3159 Flatbush Ave, Brooklyn",['EV Solar Arc Charger'],1,3159 Flatbush Ave,Brooklyn,11234,Brooklyn,No,No,40.589157,-73.899781,356.0,46.0,70202.0,3397777.0,3085910075.0,BK5691,urn:agentwin:city:ev-charging-station:bd6b6b49838f0b5f4c33ba9825ccbe7013edc32595da6761dba14d7aa0318061,POINT (-73.899781 40.589157)
405,NYPD,"NYPD - 150-14 Jamaica Avenue, Queens",['Level 3 Fast Charger'],2,150-14 Jamaica Avenue,Queens,11432,Queens,No,No,40.702193,-73.804192,412.0,27.0,240.0,4215603.0,4100920006.0,QN1201,urn:agentwin:city:ev-charging-station:3eb79edbe9dde5beec4d9b5dec189c8d4e2788a46aac3ff9d6153d574ce5b9a9,POINT (-73.804192 40.702193)
406,NYPD,"NYPD - 2900 Flatbush Ave, Brooklyn",['Level 2 Charger'],4,2900 Flatbush Ave,Brooklyn,11234,Brooklyn,No,No,40.600248,-73.912051,318.0,46.0,666.0,3397327.0,3085900600.0,BK1891,urn:agentwin:city:ev-charging-station:e8b25e9374237be11a01d6e0c3e3e8d06678f5aaa6cfe07c457a82813ba24438,POINT (-73.912051 40.600248)
407,NYPD,"NYPD - 306 W 54th St, Manhattan",['Level 2 Charger'],2,306 W 54th St,New York,10019,Manhattan,No,No,40.765016,-73.984835,104.0,3.0,133.0,1082822.0,1010440038.0,MN0402,urn:agentwin:city:ev-charging-station:e01cfbb3ced8b1a8902d19ee9c7450c05df9353f8587a9d2f486ac85f0774304,POINT (-73.984835 40.765016)
408,NYPD,"NYPD - 357 W 35th St, Manhattan",['Level 2 Charger'],2,357 W 35th St,New York,10001,Manhattan,No,No,40.753599,-73.994712,104.0,3.0,111.0,1013564.0,1007590008.0,MN0401,urn:agentwin:city:ev-charging-station:5c85a90a90201a26914d49c81b12236a474030a6bea98abaf7d2af1ec2157f76,POINT (-73.994712 40.753599)
409,NYPD,"NYPD - 37-05 Union St, Queens",['Level 2 Charger'],2,37-05 Union St,Queens,11354,Queens,No,No,40.762286,-73.827436,407.0,20.0,865.0,4113348.0,4050110006.0,QN0707,urn:agentwin:city:ev-charging-station:11cff3a6a01bd3fab1a1868c467d994705a9e6b7c4b6e325400e3da4d6934f97,POINT (-73.827436 40.762286)
410,NYPD,"NYPD - 2877 Barkley Ave, Bronx",['Level 2 Charger'],1,2877 Barkley Ave,New York,10465,Bronx,No,No,40.830714,-73.827125,210.0,13.0,166.0,2097742.0,2055310040.0,BX1002,urn:agentwin:city:ev-charging-station:979fcd789d5d0f34efa93ba8c249180bedf72ddf27debd178f88a2ead963e373,POINT (-73.827125 40.830714)
411,NYPD,"NYPD - 4111 Laconia Ave, Bronx",['Level 2 Charger'],6,4111 Laconia Ave,New York,10466,Bronx,No,No,40.887306,-73.84727,212.0,12.0,424.0,2065163.0,2048760001.0,BX1203,urn:agentwin:city:ev-charging-station:49bfea2a94dea004a67a4e7b57d01cc87f159782d3b202652310870e5df57a3a,POINT (-73.84727 40.887306)
412,NYPD,"NYPD - 2860 W 23Rd St, Brooklyn",['Level 3 Fast Charger'],1,2860 W 23Rd St,Coney Island,11224,Brooklyn,No,No,40.576884,-73.990241,313.0,47.0,326.0,3397616.0,3070150040.0,BK1302,urn:agentwin:city:ev-charging-station:8e463bb271b4cc11ce560b6f6d546db35428698166fc42e892574c742d29b3eb,POINT (-73.990241 40.576884)
413,NYPD,"NYPD - 25 Central Ave, Brooklyn",['Level 3 Fast Charger'],2,25 Central Ave,Bushwick,11206,Brooklyn,No,No,40.70226,-73.932478,304.0,34.0,425.0,3392857.0,3031480001.0,BK0401,urn:agentwin:city:ev-charging-station:fb650a0087a5a55799448ce9833bbcf52f36298f635144d14099946795d66781,POINT (-73.932478 40.70226)
414,NYPD,"NYPD - 130 Loisaida Ave, Manhattan",['Level 2 Charger'],3,130 Loisaida Ave,New York,10009,Manhattan,No,No,40.724887,-73.978259,103.0,2.0,2602.0,1075834.0,1003780001.0,MN0303,urn:agentwin:city:ev-charging-station:78e52dd7cd9bbfce8b3831675668634ac7915e1d752df04671dfdc64052a8cfe,POINT (-73.978259 40.724887)
415,NYPD,"NYPD - 136 Loisaida Ave, Manhattan",['Level 2 Charger'],1,136 Loisaida Ave,New York,10009,Manhattan,No,No,40.725041,-73.978148,103.0,2.0,2602.0,1084875.0,1003780004.0,MN0303,urn:agentwin:city:ev-charging-station:d967bd19463f6fe7bb4321b4ef04e894a281e48a3b287f1a92e635ffe437a0e5,POINT (-73.978148 40.725041)
416,NYPD,"NYPD - 126 Loisaida Ave, Manhattan",['Level 2 Charger'],2,126 Loisaida Ave,New York,10009,Manhattan,No,No,40.724783,-73.978335,103.0,2.0,2602.0,1075834.0,1003780001.0,MN0303,urn:agentwin:city:ev-charging-station:fada2593e4ebfa9dc0f6f516d1245360af8d8d8b7b3fb30836a5ef4a48e67c20,POINT (-73.978335 40.724783)
417,NYPD,"NYPD - 221 E 123rd St, Manhattan",['Level 2 Charger'],2,221 E 123rd St,New York,10035,Manhattan,No,No,40.802127,-73.936108,111.0,8.0,194.0,1087233.0,1017880009.0,MN1102,urn:agentwin:city:ev-charging-station:2dec9714527d603d024e8af3019f99f8616c3161a9d6854ee48389ed6bad0f25,POINT (-73.936108 40.802127)
418,NYPD,"NYPD - 737 Melrose Ave, Bronx",['Level 2 Charger'],2,737 Melrose Ave,The Bronx,10451,Bronx,No,No,40.820729,-73.915665,201.0,17.0,69.0,2101214.0,2024020017.0,BX0102,urn:agentwin:city:ev-charging-station:5fa508eb234e60d9b8760d038c1e6825a25322d21992b1cb13c3be7a49784eae,POINT (-73.915665 40.820729)
419,NYPD,"NYPD - Rodmans Neck, Bronx",['Level 3 Fast Charger'],2,Rodmans Neck,Bronx,10464,Bronx,No,No,40.855351,-73.801579,228.0,13.0,504.0,2000000.0,2056500001.0,BX2891,urn:agentwin:city:ev-charging-station:f4830c62995e4a072f5d0a5795fbda11300610318de671aef19666ce882cfb99,POINT (-73.801579 40.855351)
420,NYPD,"NYPD - 174-20 N Boundary Rd, Queens",['Level 2 Charger'],6,174-20 N Boundary Rd,Queens,11430,Queens,No,No,40.657122,-73.771566,413.0,31.0,716.0,4607238.0,4142600001.0,QN8381,urn:agentwin:city:ev-charging-station:1d8c6c82eff79be6e22f23bcfceea8cc256b5ca562be75ce1e56578560078eb0,POINT (-73.771566 40.657122)
421,NYPD,"NYPD - 521 W 57th St, Manhattan",['Level 3 Fast Charger'],1,521 W 57th St,New York,10019,Manhattan,No,No,40.76948,-73.989397,104.0,6.0,13502.0,1027074.0,1010867501.0,MN0402,urn:agentwin:city:ev-charging-station:8a087a104d7de60edf97a68d009cfb242ced3bb54125017de69e5911b37b0b25,POINT (-73.989397 40.76948)
422,NYPD,"NYPD - 1278 Sedgwick Ave, Bronx",['Level 2 Charger'],1,1278 Sedgwick Ave,The Bronx,10452,Bronx,No,No,40.840261,-73.928514,204.0,16.0,201.0,2003522.0,2025300021.0,BX0402,urn:agentwin:city:ev-charging-station:76e9951002b9072ebf46825be9157207e95151798168ecd6a59a5d6ca6c30b73,POINT (-73.928514 40.840261)
423,NYPD,"NYPD - 188 West 230th Street, Bronx",['Level 3 Fast Charger'],2,188 West 230th Street,The Bronx,10463,Bronx,No,No,40.876963,-73.905802,208.0,14.0,283.0,2016115.0,2032640104.0,BX0802,urn:agentwin:city:ev-charging-station:f5af78b9da614688b9ca02f55bbe30eebecb12d69db57c3e9f59c4ade569822a,POINT (-73.905802 40.876963)
424,NYPD,"NYPD - 460 Morris Park Avenue, Bronx",['Level 3 Fast Charger'],2,460 Morris Park Avenue,The Bronx,10460,Bronx,No,No,40.841527,-73.87232,211.0,13.0,240.0,2119365.0,2040150001.0,BX1101,urn:agentwin:city:ev-charging-station:f1f5c160947cab08ff6b4ac3cb6e22e25c88b8ced62bda8e1141f693f0c26655,POINT (-73.87232 40.841527)
425,NYPD,"NYPD - 80 John Street, Manhattan",['Level 3 Fast Charger'],2,80 John Street,New York,10038,Manhattan,No,No,40.708445,-74.006886,101.0,1.0,1502.0,1001115.0,1000687501.0,MN0101,urn:agentwin:city:ev-charging-station:69ff49ebcd71e07ae3e8878bf2eac8e01677e2f63bb850d16a17adfd177cec37,POINT (-74.006886 40.708445)
426,NYPD,"NYPD - 92-08 222Nd St, Queens",['Level 2 Charger'],2,92-08 222Nd St,Queens Village,11428,Queens,No,No,40.726329,-73.734788,413.0,23.0,560.0,4230132.0,4107370001.0,QN1303,urn:agentwin:city:ev-charging-station:a08820395e6bf2de7f786dc596addf941ef89a57a4a2ec8e278eb5ffe0f6b145,POINT (-73.734788 40.726329)
427,NYPD,"NYPD - 2320 Hylan Blvd, Staten Island",['Level 2 Charger'],3,2320 Hylan Blvd,New Dorp,10306,Staten Island,No,No,40.5743,-74.105888,502.0,50.0,11203.0,5107580.0,5039060001.0,SI0202,urn:agentwin:city:ev-charging-station:25618cf923d237ef040b7f8f6f12f6c39813f336c6d77305cc6a4128ee89a2e1,POINT (-74.105888 40.5743)
428,NYPD,"NYPD - 1264 River Ave, Bronx",['Level 2 Charger'],2,1264 River Ave,Concourse,10452,Bronx,No,No,40.837181,-73.920451,204.0,16.0,197.0,2003017.0,2024890077.0,BX0401,urn:agentwin:city:ev-charging-station:c99eb09053d449f5226f555d12a64e6c346ed4c697e832b0388e5c7dfda7fdd6,POINT (-73.920451 40.837181)
429,NYPD,"NYPD - 2121 Eastchestr Rd, Bronx",['Level 2 Charger'],2,2121 Eastchestr Rd,East Bronx,10461,Bronx,No,No,40.856047,-73.843944,211.0,13.0,296.0,2097543.0,2042050001.0,BX1102,urn:agentwin:city:ev-charging-station:7e95589cbbe0490aa0270e894b82aaf67c1354786eec297d9088cd147bbfbd3d,POINT (-73.843944 40.856047)
430,NYPD,"NYPD - 2927 W 8Th St, Brooklyn",['Level 2 Charger'],2,2927 W 8Th St,Coney Island,11224,Brooklyn,No,No,40.576822,-73.976465,313.0,48.0,354.0,3196591.0,3072790290.0,BK1302,urn:agentwin:city:ev-charging-station:e975d210a2a4b6b1c8e4a02f252851b28e99dcd4193ca24e4bf971fd4e5983f9,POINT (-73.976465 40.576822)
431,NYPD,"NYPD - 1016 Gravesend Neck Rd, Brooklyn",['Level 2 Charger'],2,1016 Gravesend Neck Rd,Sheepshead Bay,11223,Brooklyn,No,No,40.59445,-73.960233,315.0,48.0,584.0,3200557.0,3073710065.0,BK1501,urn:agentwin:city:ev-charging-station:086f90a1572a888bf375ac548780280b3ffff543ba463c8c5adfd0e52e426871,POINT (-73.960233 40.59445)
432,NYPD,"NYPD - 401 Thomas S Boyland St, Brooklyn",['Level 2 Charger'],2,401 Thomas S Boyland St,Brownsville,11212,Brooklyn,No,No,40.670653,-73.913955,316.0,41.0,924.0,3080735.0,3034970002.0,BK1602,urn:agentwin:city:ev-charging-station:ba0dda620d7cdca3c22cc365844fbbb3820e06756a36a62c263c8bd63dda9532,POINT (-73.913955 40.670653)
433,NYPD,"NYPD - 19 1/2 Pitt St, Manhattan",['Level 2 Charger'],2,19 1/2 Pitt St,New York,10002,Manhattan,No,No,40.716209,-73.983605,103.0,1.0,12.0,1004078.0,1003420060.0,MN0302,urn:agentwin:city:ev-charging-station:20f6081f751c9beea25edcf45b4b75454c50cb62db38d40bd462bad239c57591,POINT (-73.983605 40.716209)
434,NYPD,"NYPD - 3529 College Point Blvd, Queens",['EV Solar Arc Charger'],2,3529 College Point Blvd,Flushing,11354,Queens,No,No,40.762473,-73.835496,407.0,20.0,869.0,,,QN0707,urn:agentwin:city:ev-charging-station:c5cc44c2c97d7f29faf68859077dbacd72a1c31673828fd4df3692bfc4cd946d,POINT (-73.835496 40.762473)
435,NYPD,"NYPD - 130-30 28Th Ave, Queens",['EV Solar Arc Charger'],2,130-30 28Th Ave,Flushing,11354,Queens,No,No,40.772829,-73.838857,407.0,19.0,907.0,4537931.0,4043270100.0,QN0701,urn:agentwin:city:ev-charging-station:4490f6600139db27ed2aaa6d403f23599a0fbb493ba997a0af70689d1d324360,POINT (-73.838857 40.772829)
436,NYPD,"NYPD - 4223 Third Ave, Bronx",['EV Solar Arc Charger'],3,4223 Third Ave,Bronx,10457,Bronx,No,No,40.84707,-73.895984,206.0,15.0,395.0,2000000.0,2030430077.0,BX0602,urn:agentwin:city:ev-charging-station:67257f55ce48255295bee48465081a045920a3d20e27c1515c316f640d05fb60,POINT (-73.895984 40.84707)
437,NYPD,"NYPD - 700 Columbia St, Brooklyn",['EV Solar Arc Charger'],1,700 Columbia St,Red Hook,11231,Brooklyn,No,No,40.667954,-74.010346,306.0,38.0,5302.0,3008876.0,3006120205.0,BK0601,urn:agentwin:city:ev-charging-station:b28926346633ef12130b36e5afd4c69cbcdb53171717fa03431f57d64d4f53d8,POINT (-74.010346 40.667954)
438,NYPD,"NYPD - 53-01 58Th St, Queens",['Level 2 Charger'],2,53-01 58Th St,Flushing,11377,Queens,No,No,40.734205,-73.910298,402.0,26.0,243.0,4054276.0,4023610150.0,QN0203,urn:agentwin:city:ev-charging-station:74186369d18f2193eb03ef1b663096690a55fdd09a5e2193af0b7060c3fee436,POINT (-73.910298 40.734205)
439,NYPD,"NYPD - 1 Police Plaza Path, Manhattan","['Level 2 Charger', 'Level 3 Fast Charger']",10,1 Police Plaza Path,New York,10038,Manhattan,No,No,40.712348,-74.000891,101.0,1.0,2901.0,1079143.0,1001190001.0,MN0102,urn:agentwin:city:ev-charging-station:63ba309302e30ac9fb49e02df653a25c2587438c66b6d3c6da3ff5b53b5e1ebd,POINT (-74.000891 40.712348)
440,NYPD,"NYPD - 29 Avenue Of The Finest, Manhattan",['Level 3 Fast Charger'],1,29 Avenue Of The Finest,New York,10038,Manhattan,No,No,40.710369,-74.00136,101.0,1.0,2901.0,1001389.0,1001137501.0,MN0102,urn:agentwin:city:ev-charging-station:e7c86b789608e7a36d7ab9463d3054b25727b0b507146848c2031065d060f347,POINT (-74.00136 40.710369)
441,NYPD,"NYPD - 17 Frankfort St, Manhattan",['Level 3 Fast Charger'],1,17 Frankfort St,New York,10038,Manhattan,No,No,40.710932,-74.003481,101.0,1.0,1501.0,,,MN0101,urn:agentwin:city:ev-charging-station:b4ca5050e43a7902542075e6952bc80fdcdd926466320c498ff8fc844353027f,POINT (-74.003481 40.710932)
442,NYPD,"NYPD - 49-21 Metropolitan Ave, Queens",['Level 3 Fast Charger'],1,49-21 Metropolitan Ave,New York,11385,Queens,No,No,40.713639,-73.917886,405.0,30.0,53502.0,4059022.0,4026110452.0,QN0501,urn:agentwin:city:ev-charging-station:96d62fc0d2342f5056993d4c835a1705b8aebaea76a0bd43f7e390026a2c53f3,POINT (-73.917886 40.713639)
443,NYPD,"NYPD - 669 W 158 St, Manhattan",['Level 3 Fast Charger'],4,669 W 158 St,New York,10032,Manhattan,No,No,40.836055,-73.947657,112.0,7.0,247.0,1090854.0,1201329999.0,MN1201,urn:agentwin:city:ev-charging-station:39c3596a1cf113216101f595f58f946e6df739ee6c7e5359794c258bc3635d87,POINT (-73.947657 40.836055)
444,OCME,"OCME - 460 Brielle Ave, Staten Island",['Level 2 Charger'],2,460 Brielle Ave,Staten Island,10314,Staten Island,No,No,40.593798,-74.135437,502.0,50.0,181.0,5154986.0,5009550170.0,SI0203,urn:agentwin:city:ev-charging-station:4459d12a4ebf7c16d5902d4a608736ffb953a3bbe54651bcacfaeec9227c5d7d,POINT (-74.135437 40.593798)
445,OCME,"OCME - 421 E 26th St, Manhattan","['Level 2 Charger', 'Level 3 Fast Charger']",9,421 E 26th St,New York,10016,Manhattan,No,No,40.738575,-73.976588,106.0,4.0,62.0,1087939.0,1009620100.0,MN0603,urn:agentwin:city:ev-charging-station:28897e3c56feeb62cdcc7d73c932bd358fa63c896cdb2ea1d1da8536de57e2db,POINT (-73.976588 40.738575)
446,OCME,"OCME - 599 Winthrop St, Brooklyn",['Level 2 Charger'],2,599 Winthrop St,East Flatbush,11203,Brooklyn,No,No,40.657723,-73.940499,309.0,40.0,808.0,3397939.0,3048120001.0,BK0902,urn:agentwin:city:ev-charging-station:7f1eef3df3e5325f098968c0a965daf8f2eaf92b7261714e03a6c0283774a1ba,POINT (-73.940499 40.657723)
447,OCME,"OCME - 160-15 82Nd Dr, Queens","['Level 2 Charger', 'Level 3 Fast Charger']",4,160-15 82Nd Dr,Jamaica,11432,Queens,No,No,40.717155,-73.805825,408.0,24.0,1267.0,4439812.0,4068580001.0,QN0802,urn:agentwin:city:ev-charging-station:499f5b048946e0e8252ee9a0112a6ab6faa182565f53a4672c82de6b0835a535,POINT (-73.805825 40.717155)
448,NYCEM,"NYCEM - 165 Cadman Plz E, Brooklyn","['EV Solar Arc Charger', 'Level 2 Charger', 'Level 3 Fast Charger']",11,165 Cadman Plz E,Downtown Brooklyn,11201,Brooklyn,No,No,40.698761,-73.98987,302.0,33.0,13.0,3000172.0,3000850006.0,BK0202,urn:agentwin:city:ev-charging-station:745be40707a46f9c8af916ed973bd32cac0378b332274251d50bed64120e02c8,POINT (-73.98987 40.698761)
449,NYCEM,"NYCEM - 42 Red Cross Pl, Brooklyn",['EV Solar Arc Charger'],2,42 Red Cross Pl,Downtown Brooklyn,11201,Brooklyn,No,No,40.699502,-73.989556,302.0,33.0,13.0,,,BK0202,urn:agentwin:city:ev-charging-station:dbf899365066b2927c2fd412793d5aa7eb17e7c41a34c2f679fe2e30e7b45e59,POINT (-73.989556 40.699502)
450,NYCEM,"NYCEM - 930 Flushing Ave, Brooklyn","['Level 2 Charger', 'Level 3 Fast Charger']",6,930 Flushing Ave,Brooklyn,11206,Brooklyn,No,No,40.702555,-73.934382,304.0,34.0,391.0,3071838.0,3031400001.0,BK0401,urn:agentwin:city:ev-charging-station:2bef54b954447ac40f2a5af13eaee5a35372c60c480a2f3f8d688e8456c8eca5,POINT (-73.934382 40.702555)
451,PROB,"PROB - 340 Bay St, Staten Island",['Level 2 Charger'],2,340 Bay St,Tompkinsville,10301,Staten Island,No,No,40.63368,-74.075159,501.0,49.0,21.0,5013302.0,5005030032.0,SI0102,urn:agentwin:city:ev-charging-station:7097bd8219617ffcb543d7c02e21ef14ee3d7c986d714592ef89b33900fbbcfc,POINT (-74.075159 40.63368)
452,TLC,"TLC - 3189 123rd St, Queens",['Level 2 Charger'],24,3189 123rd St,College Point,11354,Queens,No,No,40.768295,-73.845753,407.0,19.0,907.0,4438020.0,4043920025.0,QN0701,urn:agentwin:city:ev-charging-station:1c657956323429faa1a5fd3f62ec4c9c20d332a7b7118ad976c53a0e4d8e5d87,POINT (-73.845753 40.768295)
453,DSNY,"DSNY - 803 Forbell St, Brooklyn",['Level 2 Charger'],4,803 Forbell St,Brooklyn,11208,Brooklyn,No,No,40.664595,-73.860612,305.0,42.0,1220.0,3099064.0,3045550001.0,BK0505,urn:agentwin:city:ev-charging-station:8433d5e4507f33a5fc9e0601ec9c0d2353da5bab93dca95d118eabc697f7950a,POINT (-73.860612 40.664595)
454,DSNY,"DSNY - 2383 Blackrock Ave, Bronx",['Level 2 Charger'],8,2383 Blackrock Ave,Bronx,10462,Bronx,No,No,40.829823,-73.844707,209.0,18.0,96.0,2119181.0,2038270001.0,BX1001,urn:agentwin:city:ev-charging-station:ac0cda5a45691925a962fd25bab32fc47beb115dc250372f45f7b28a019aca0d,POINT (-73.844707 40.829823)
455,NYCEM,"NYCEM - 1 Muldoon Ave, Staten Island",['Level 2 Charger'],1,1 Muldoon Ave,Staten Island,10314,Staten Island,No,No,40.575374,-74.196743,503.0,51.0,22801.0,5158123.0,5059000500.0,SI0391,urn:agentwin:city:ev-charging-station:cf29489f9b9f1b4555caa4da7877e649e21cb1001e79b953d1c6b09ac838bec7,POINT (-74.196743 40.575374)
456,OTI,"OTI - 15 Metrotech, Brooklyn",['Level 2 Charger'],1,15 Metrotech,Brooklyn,11201,Brooklyn,No,No,40.693707,-73.984786,302.0,33.0,1502.0,3348771.0,3020470040.0,BK0202,urn:agentwin:city:ev-charging-station:e30eb571f8fa38f580cba87369a22390a59205f2793bf538529d22e20598c3bf,POINT (-73.984786 40.693707)
457,OTI,"OTI - 2 Metrotech, Brooklyn",['Level 2 Charger'],1,2 Metrotech,Brooklyn,11201,Brooklyn,No,No,40.693727,-73.985695,302.0,33.0,11.0,3255603.0,3001480007.0,BK0202,urn:agentwin:city:ev-charging-station:9f36b65749697670a8d0e7a73fbf2ef90155c6301864445fec2a4d0a5678b6f0,POINT (-73.985695 40.693727)
458,QPL,"QPL - 89-11 Merrick Blvd, Queens",['Level 2 Charger'],1,89-11 Merrick Blvd,Queens,11432,Queens,No,No,40.707865,-73.795295,412.0,27.0,460.0,4209635.0,4097980006.0,QN1201,urn:agentwin:city:ev-charging-station:a7b1486c803718e0836ff37d8ac2bd6fc598adf88874ea3adef5b0a7638471cf,POINT (-73.795295 40.707865)
459,QPL,"QPL - 79-50 Bell Blvd, Queens",['Level 2 Charger'],1,79-50 Bell Blvd,Queens,11364,Queens,No,No,40.734936,-73.755509,411.0,23.0,129103.0,4164306.0,4077720001.0,QN1104,urn:agentwin:city:ev-charging-station:95636358457f41df9f61a6e85be473e383774797b061479218942a59e1298e83,POINT (-73.755509 40.734936)
460,DHS,"DHS - 175-10 88 Avenue, Queens",['Level 2 Charger'],3,175-10 88 Avenue,Queens,11432,Queens,No,No,40.711075,-73.787032,412.0,27.0,462.0,4448804.0,4098330004.0,QN1201,urn:agentwin:city:ev-charging-station:3f08b667eeaa6a82685aaa889d49012061fd3daf75127aeddcdde86b523b029b,POINT (-73.787032 40.711075)
461,DOH,"DOH - 455 1st Ave., Manhattan",['Level 2 Charger'],2,455 1st Ave.,New York,10016,Manhattan,No,No,40.739162,-73.976894,106.0,2.0,66.0,1020610.0,1009320017.0,MN0603,urn:agentwin:city:ev-charging-station:df641c414eee1a9eb191aa9088c2bfe0aedcf7c02b97594a3a4016464aab2da8,POINT (-73.976894 40.739162)
462,DPR,"DPR - 21 Slosson Ave, Staten Island",['Level 2 Charger'],12,21 Slosson Ave,Staten Island,10314,Staten Island,No,No,40.62089,-74.119394,501.0,49.0,147.0,5112422.0,5003190001.0,SI0105,urn:agentwin:city:ev-charging-station:9c0384020ef97ec13205dac1040f39d157f2f86a018d0e44cec93367fe463e4e,POINT (-74.119394 40.62089)
463,FDNY,"FDNY - 266 Rockaway Ave, Brooklyn",['Level 2 Charger'],1,266 Rockaway Ave,Brooklyn,11233,Brooklyn,No,No,40.674096,-73.91115,316.0,41.0,36501.0,3038942.0,3014480040.0,BK1601,urn:agentwin:city:ev-charging-station:3d100cc95b346219e84cc4af0e939845bc9deda86102933ed5cf0e58e9cc1f39,POINT (-73.91115 40.674096)
464,HRA,"HRA - 2440 Fulton Street, Brooklyn",['Level 3 Fast Charger'],3,2440 Fulton Street,Brooklyn,11207,Brooklyn,No,No,40.677869,-73.903473,316.0,37.0,367.0,3000000.0,3015540016.0,BK1601,urn:agentwin:city:ev-charging-station:dcc25eeee98aeadb3c14bcf93a9c2a9727636caf7092930c6e20c7ffc0843414,POINT (-73.903473 40.677869)
465,DSNY,"DSNY - 58-73 53rd Ave, Queens",['Level 2 Charger'],2,58-73 53rd Ave,Woodside,11377,Queens,No,No,40.734136,-73.909403,402.0,26.0,243.0,4462505.0,4023610268.0,QN0203,urn:agentwin:city:ev-charging-station:03e3c4f3f3acaa260a32e02476b545b0cd2587201d34004b1869bd1d80717148,POINT (-73.909403 40.734136)
466,FDNY,"FDNY - 1592 Richmond Road, Staten Island",['Level 3 Fast Charger'],1,1592 Richmond Road,Staten Island,10304,Staten Island,No,No,40.590935,-74.100895,502.0,50.0,9602.0,5048682.0,5033060008.0,SI0201,urn:agentwin:city:ev-charging-station:9a242f2d5c95abd61a38d11fc7d0403bdb53ba7907675eeed88191d3f0a165f9,POINT (-74.100895 40.590935)
467,DPR,"DPR - 1-09 Beach 30th St, Queens",['EV Solar Arc Charger'],1,1-09 Beach 30th St,Far Rockaway,11691,Queens,Solar Carport Charging,No,40.593116,-73.762539,414.0,31.0,99802.0,4000000.0,4158220048.0,QN1401,urn:agentwin:city:ev-charging-station:5c6842f785b3146c64bea3c78998643ee6a697378f7a4c8f171c96a6deca1ca9,POINT (-73.762539 40.593116)
468,DOE,"DOE - 86-35 235th Ct, Queens",['Level 2 Charger'],2,86-35 235th Ct,Queens,11427,Queens,No,No,40.732112,-73.73246,413.0,23.0,1621.0,4166561.0,4079550002.0,QN1302,urn:agentwin:city:ev-charging-station:df1cbc397410f91663cd3c580fdaebdb9c16e999729ad7df9da40f9eb6c6236e,POINT (-73.73246 40.732112)
469,DOT,"DOT - 8501 5th Ave, Brooklyn",['DOT Municipal Level 2 Charger'],5,8501 5th Ave,Brooklyn,11209,Brooklyn,Yes,$0.27 per kWh,40.622039,-74.025734,310.0,47.0,142.0,3153196.0,3060360001.0,BK1001,urn:agentwin:city:ev-charging-station:194ff385e9051b4861c4892fa1163a77e9c4f268f348610e5b344d4d29c830c7,POINT (-74.025734 40.622039)
470,DOC,"DOC - 11-15 Hazen St, Bronx",['EV Solar Canopy Charger'],6,11-15 Hazen St,East Elmhurst,11370,Bronx,No,No,40.793737,-73.884135,401.0,22.0,1.0,,,QN0151,urn:agentwin:city:ev-charging-station:26900b16a428c46f40c9960bdf5f63c9a8d9972ff43611ce20ae5f8c93f59250,POINT (-73.884135 40.793737)
471,DPR,"DPR - 3808 Victory Boulevard, Staten Island",['Level 2 Charger'],4,3808 Victory Boulevard,Staten Island,10314,Staten Island,No,No,40.596755,-74.182514,502.0,50.0,29102.0,5127019.0,5026100027.0,SI0204,urn:agentwin:city:ev-charging-station:3b9f587c1512665a9d7a29998e34ecfcd9355bd7ba206799271ee851d4cd654b,POINT (-74.182514 40.596755)
472,DEP,"DEP - 127-17 92nd Ave, Queens",['Level 2 Charger'],4,127-17 92nd Ave,Queens,11418,Queens,No,No,40.697353,-73.821682,409.0,29.0,14202.0,4590407.0,4093560035.0,QN0902,urn:agentwin:city:ev-charging-station:799b410cff54879d09b60b5bdb4e84fdd7def5d956d90032a864986c73154291,POINT (-73.821682 40.697353)
473,DOE,"DOE - 41-77 Little Neck Pkwy, Queens",['Level 2 Charger'],1,41-77 Little Neck Pkwy,Queens,11363,Queens,No,No,40.771186,-73.739252,411.0,19.0,1479.0,4169468.0,4081350029.0,QN1103,urn:agentwin:city:ev-charging-station:6ce2375b159a3e0ad0a98258f7a22b05ac49bf5a84626d3d874b69ea3d74ec20,POINT (-73.739252 40.771186)
474,DOC,"DOC - 10- 10 Hazen St, Bronx",['Level 2 Charger'],2,10- 10 Hazen St,Queens,11370,Bronx,No,No,40.793474,-73.884161,401.0,22.0,1.0,2116651.0,2026050040.0,QN0151,urn:agentwin:city:ev-charging-station:be448d4c70ed780582955d0de9f1bbb3b0ca79fa07f393139dd1a656d087b6dd,POINT (-73.884161 40.793474)
475,DOT,"DOT - 2478 Jerome Avenue, Bronx",['DOT Municipal Level 2 Charger'],5,2478 Jerome Avenue,Bronx,10468,Bronx,Yes,$0.27 per kWh,40.863249,-73.90068,207.0,14.0,401.0,2014125.0,2031890009.0,BX0701,urn:agentwin:city:ev-charging-station:22dada86f353ddfd6a040ead0ef37229dc96482bd24079ceefaf19d9dcf8b602,POINT (-73.90068 40.863249)
476,DPR,"DPR - 25 Slosson Ave, Staten Island",['Level 2 Charger'],2,25 Slosson Ave,Staten Island,10314,Staten Island,No,No,40.620778,-74.119351,501.0,49.0,147.0,,,SI0105,urn:agentwin:city:ev-charging-station:eb0781c684e8aaafaa858a516ccede092323137e7286839022491abbcb1903d0,POINT (-74.119351 40.620778)
477,DOT,"DOT - 3510 Jerome Avenue, Bronx",['DOT Municipal Level 2 Charger'],4,3510 Jerome Avenue,Bronx,10467,Bronx,Yes,$0.27 per kWh,40.88316,-73.880887,207.0,11.0,43101.0,2017791.0,2033280010.0,BX0703,urn:agentwin:city:ev-charging-station:c6db3a8d06291d396d9b2062f1422623b1e5855c29ccf2f0032696a026dda294,POINT (-73.880887 40.88316)
478,DOT,"DOT - 141-22 Brookville Blvd, Queens",['Level 2 Charger'],1,141-22 Brookville Blvd,Queens,11422,Queens,No,No,40.664556,-73.740159,413.0,31.0,65402.0,4448954.0,4135380007.0,QN1306,urn:agentwin:city:ev-charging-station:3f0a1be9fb2429c7f1ad81ba036732d8cd0c50d5fbed7e669c9b475726331808,POINT (-73.740159 40.664556)
479,DOT,"DOT - 105-113 Essex Street & 112-120 Ludlow Street, Manhattan","['DOT Municipal Level 2 Charger', 'DOT Municipal Level 3 Charger']",13,105-113 Essex Street & 112-120 Ludlow Street,New York,10002,Manhattan,Yes,$0.39 per kWh,40.719086,-73.98794,103.0,1.0,18.0,1005326.0,1004100038.0,MN0302,urn:agentwin:city:ev-charging-station:30dc014b48e443153477aba9665897cda199448b680b17a8752ab4720a13fb80,POINT (-73.98794 40.719086)
480,DOT,"DOT - 45-40 Court Square, Queens","['DOT Municipal Level 2 Charger', 'DOT Municipal Level 3 Charger']",13,45-40 Court Square,Queens,11101,Queens,Yes,$0.39 per kWh,40.745815,-73.943549,402.0,26.0,1901.0,4000699.0,4000830018.0,QN0201,urn:agentwin:city:ev-charging-station:a0531b2900f0b3875ad75a7d483394f12095d209673974425e46c7833d9a3f06,POINT (-73.943549 40.745815)
481,DOT,"DOT - 42-00 Vernon Boulevard, Queens","['Level 2 Charger', 'Level 3 Fast Charger']",5,42-00 Vernon Boulevard,Queens,11101,Queens,No,No,40.754395,-73.94923,402.0,26.0,103.0,4005413.0,4004770007.0,QN0201,urn:agentwin:city:ev-charging-station:a737bd84d0da5ae51a1d6e5a994cf7952930ecdf109295ca1b705baa5dc11986,POINT (-73.94923 40.754395)
482,DPR,"DPR - 54-54 43rd St, Queens",['Level 2 Charger'],2,54-54 43rd St,Queens,11378,Queens,No,No,40.73087,-73.925175,402.0,26.0,205.0,4058801.0,4025170032.0,QN0202,urn:agentwin:city:ev-charging-station:f18185ade7099d9a850b6f0f6fa55f9afd6039c6ba02a1186e7d170cd43dd11f,POINT (-73.925175 40.73087)
483,DSNY,"DSNY - 2501 Knapp St, Brooklyn","['Level 2 Charger', 'Level 3 Fast Charger']",3,2501 Knapp St,Brooklyn,11235,Brooklyn,No,No,40.592214,-73.932546,315.0,46.0,628.0,3414032.0,3088350001.0,BK1503,urn:agentwin:city:ev-charging-station:532d4bfaeddcf2aa34ad6ce7bbae270d1d50156414d84f4ad25111c71925ab8a,POINT (-73.932546 40.592214)
484,FDNY,"FDNY - 720 Melrose Avenue, Bronx","['Level 2 Charger', 'Level 3 Fast Charger']",3,720 Melrose Avenue,The Bronx,10455,Bronx,No,No,40.820422,-73.915778,201.0,17.0,69.0,2001400.0,2023770001.0,BX0102,urn:agentwin:city:ev-charging-station:6eb1c60889208d7e0bd779bcf77d58dca7ce3009eb148e7b3b23aeec5287c8e9,POINT (-73.915778 40.820422)
485,DOT,"DOT - 80-25 126th Street, Queens","['DOT Municipal Level 2 Charger', 'DOT Municipal Level 3 Charger']",34,80-25 126th Street,Queens,11415,Queens,Yes,$0.27 per kWh,40.714856,-73.82705,409.0,29.0,21601.0,4620879.0,4096570001.0,QN0901,urn:agentwin:city:ev-charging-station:2cbcbda14f4fced4672fae4fe0e46d15e2c32fec4cb0b8e0a74edcb4f20ea8ac,POINT (-73.82705 40.714856)
486,DOT,"DOT - 32-11 Harper St, Queens",['EV Solar Arc Charger'],1,32-11 Harper St,Flushing,11368,Queens,No,No,40.764102,-73.842217,407.0,21.0,38301.0,4444576.0,4017900001.0,QN0707,urn:agentwin:city:ev-charging-station:6ac342341cfb19d03562a7523eb3f4e889ae99561541759c6bc417f17aef6a52,POINT (-73.842217 40.764102)
487,DOT,"DOT - 345 East 59th Street, Manhattan","['Level 2 Charger', 'Level 3 Fast Charger']",10,345 East 59th Street,New York,10022,Manhattan,No,No,40.759933,-73.962697,108.0,5.0,110.0,1000000.0,1014340001.0,MN0801,urn:agentwin:city:ev-charging-station:13307b4549c10ecdf7c1615ec64116945dde139e59304b4839481c489c23e4c0,POINT (-73.962697 40.759933)
488,DSNY,"DSNY - 80 Henry Street, Brooklyn",['Level 2 Charger'],1,80 Henry Street,New York,10002,Brooklyn,No,No,40.698451,-73.992546,302.0,33.0,1.0,3001700.0,3002260025.0,BK0201,urn:agentwin:city:ev-charging-station:6f07358d5d92e3005cae45458ff9d8c61ca46678d6eac6ff3b67ade36bb28d11,POINT (-73.992546 40.698451)
489,DOT,"DOT - 150-07 Archer Avenue, Queens",['DOT Municipal Level 2 Charger'],3,150-07 Archer Avenue,Queens,11432,Queens,Yes,$0.27 per kWh,40.701386,-73.80374,412.0,27.0,240.0,4215602.0,4100920001.0,QN1201,urn:agentwin:city:ev-charging-station:87dfd5436f6f3ce1b0be148513af4d58f5fbe64faf2505225f6a3bac7b4a566d,POINT (-73.80374 40.701386)
490,DPR,"DPR - 29 N 10th St, Brooklyn",['EV Solar Arc Charger'],2,29 N 10th St,Brooklyn,11249,Brooklyn,No,No,40.722456,-73.96068,301.0,33.0,557.0,3414046.0,3022940005.0,BK0102,urn:agentwin:city:ev-charging-station:64d5f5a0de2b0e44035fafefd69eaa44f9b42d15be4f9184a70a4efe4ff475b4,POINT (-73.96068 40.722456)
491,NYPD,"NYPD - 450 Cross Bronx Expy, Bronx","['Level 2 Charger', 'Level 3 Fast Charger']",2,450 Cross Bronx Expy,The Bronx,10457,Bronx,No,No,40.844149,-73.900604,206.0,15.0,165.0,2009509.0,2029070010.0,BX0302,urn:agentwin:city:ev-charging-station:c5e970550ac23df28d20a63e4d526773350ff547710c69e63ee85da98ec3853e,POINT (-73.900604 40.844149)
492,DPR,"DPR - 3278 Middletown Rd, Bronx",['EV Solar Arc Charger'],2,3278 Middletown Rd,Bronx,10465,Bronx,No,No,40.848118,-73.821238,210.0,13.0,27401.0,2075923.0,2054130059.0,BX1003,urn:agentwin:city:ev-charging-station:bb267fca91cf43510a3191d7a5f545168f278d625e4c06bc187a5361ea69afb9,POINT (-73.821238 40.848118)
493,DOT,"DOT - 2900 Flatbush Avenue, Brooklyn",['Level 3 Fast Charger'],2,2900 Flatbush Avenue,Brooklyn,11234,Brooklyn,No,No,40.600248,-73.912051,318.0,46.0,666.0,3397327.0,3085900600.0,BK1891,urn:agentwin:city:ev-charging-station:567068512814a33fcde5281b762ad96f00dd91e8fc8497774d5138214f5aaa4e,POINT (-73.912051 40.600248)
494,DOT,"DOT - 32 Old Slip, Manhattan",['Level 2 Charger'],4,32 Old Slip,New York,10005,Manhattan,No,No,40.703573,-74.008036,101.0,1.0,7.0,1000867.0,1000350001.0,MN0101,urn:agentwin:city:ev-charging-station:1c7ffac90d182d6e2dfac994439dd0cb7c229d91981a74d02596445f05ed4fc4,POINT (-74.008036 40.703573)
495,DOT,"DOT - 42 South St, Manhattan",['Level 2 Charger'],4,42 South St,New York,10005,Manhattan,No,No,40.703466,-74.007538,101.0,1.0,7.0,1000867.0,1000350001.0,MN0101,urn:agentwin:city:ev-charging-station:c4dd9b28fef0611b2c103f519ff0ed9bd3b83f997e5ad0e0f826871d8b8405d5,POINT (-74.007538 40.703466)
496,NYPD,"NYPD - 151 West 100th Street, Manhattan",['Level 3 Fast Charger'],1,151 West 100th Street,New York,10025,Manhattan,No,No,40.79625,-73.967509,107.0,7.0,189.0,1055910.0,1018550005.0,MN0703,urn:agentwin:city:ev-charging-station:935d00f6f921cdcc915348d3c48e36b7493a8fc7d3f147770624011c2b4a2a1c,POINT (-73.967509 40.79625)
497,DOT,"DOT - 54 Central Avenue, Staten Island",['DOT Municipal Level 2 Charger'],5,54 Central Avenue,Staten Island,10301,Staten Island,Yes,$0.27 per kWh,40.640566,-74.076713,501.0,49.0,3.0,5151736.0,5000060021.0,SI0101,urn:agentwin:city:ev-charging-station:1c21d49d88f1a941a9ad28471192cccd0aa713de1c18ee85c1a3d4430ee42d0d,POINT (-74.076713 40.640566)
498,DPR,"DPR - 3002 Foster Avenue, Brooklyn",['Level 3 Fast Charger'],2,3002 Foster Avenue,Brooklyn,11210,Brooklyn,No,No,40.638609,-73.948086,317.0,45.0,78802.0,3113806.0,3049950026.0,BK1702,urn:agentwin:city:ev-charging-station:1a2c5ccd299e601a2dda49477986d14634de0bd00b0383935ff5a039dcb95187,POINT (-73.948086 40.638609)
499,DSNY,"DSNY - 559 Park Avenue, Brooklyn","['Level 2 Charger', 'Level 3 Fast Charger']",29,559 Park Avenue,Brooklyn,11205,Brooklyn,No,No,40.697144,-73.953529,303.0,33.0,1237.0,3426233.0,3017180001.0,BK0301,urn:agentwin:city:ev-charging-station:bc091ade75a347d3981f888396126dfaa9c366135d4943112465babf7f112bc7,POINT (-73.953529 40.697144)
500,DPR,"DPR - 1-00 Meridian Rd, Queens",['EV Solar Arc Charger'],1,1-00 Meridian Rd,Queens,11368,Queens,No,No,40.741892,-73.84454,481.0,21.0,38302.0,,,QN8191,urn:agentwin:city:ev-charging-station:050663d521b8452f5b778c3e6af22be5edd84dade9e07a000350e5ebb9769b1c,POINT (-73.84454 40.741892)
501,FDNY,"FDNY - 58-65 52nd Road, Queens",['Level 2 Charger'],4,58-65 52nd Road,Queens,11377,Queens,No,No,40.73442,-73.907602,402.0,26.0,243.0,4054172.0,4023510023.0,QN0203,urn:agentwin:city:ev-charging-station:08fcf33f65e67ba688718782ac4d9f4e58abfde221a5646554086765b12fb183,POINT (-73.907602 40.73442)
502,DSNY,"DSNY - 59-98 52nd Rd, Queens",['Level 2 Charger'],2,59-98 52nd Rd,Queens,11377,Queens,No,No,40.734035,-73.906155,402.0,26.0,243.0,,,QN0203,urn:agentwin:city:ev-charging-station:ed98df653a987f3b47f93133ed8c9bbb8759eee194db6c0d02f17f79d0a0ff29,POINT (-73.906155 40.734035)
503,NYPD,"NYPD - 137-58 Northern Blvd, Queens",['Level 2 Charger'],1,137-58 Northern Blvd,Queens,11354,Queens,No,No,40.763664,-73.829208,407.0,20.0,869.0,4112351.0,4049770039.0,QN0707,urn:agentwin:city:ev-charging-station:3efa2db347b09f88fff1a633ab50e7f709dc452f4fe31136e41deb04f7fc954e,POINT (-73.829208 40.763664)
504,DOH,"DOH - 485 Throop Avenue, Brooklyn","['Level 2 Charger', 'Level 3 Fast Charger']",4,485 Throop Avenue,Brooklyn,11221,Brooklyn,No,No,40.685654,-73.941462,303.0,36.0,277.0,3051782.0,3018260001.0,BK0302,urn:agentwin:city:ev-charging-station:2fabf3834a3fc0a6c7eb56b3d0d065a421af2e1cfb4a6d04ebd2a5bc01d749db,POINT (-73.941462 40.685654)
505,FDNY,"FDNY - 301 Gold Street, Brooklyn",['Level 3 Fast Charger'],1,301 Gold Street,Brooklyn,11201,Brooklyn,No,No,40.695447,-73.983228,302.0,35.0,1501.0,3000252.0,3001340006.0,BK0202,urn:agentwin:city:ev-charging-station:c585c14cc99b14444685c7f0826858fd1e2bfa53ca46e97ec8bfdcf033b8decc,POINT (-73.983228 40.695447)
506,DCAS,"DCAS - 130 Stuyvesant Place, Staten Island",['Level 3 Fast Charger'],2,130 Stuyvesant Place,Staten Island,10301,Staten Island,No,No,40.642907,-74.076889,501.0,49.0,3.0,5000085.0,5000080070.0,SI0101,urn:agentwin:city:ev-charging-station:6f2841b59c97a3bae77897242183d6f39801907f4485e552b27f4c53dc1270f6,POINT (-74.076889 40.642907)
507,NYPD,"NYPD - 301 Gold Street, Brooklyn",['Level 3 Fast Charger'],1,301 Gold Street,Brooklyn,11201,Brooklyn,No,No,40.695447,-73.983228,302.0,35.0,1501.0,3000252.0,3001340006.0,BK0202,urn:agentwin:city:ev-charging-station:9225b3ffd8587f65b8b98062644a7eadb3a2dc9490f90cd2dcc205a38f699b19,POINT (-73.983228 40.695447)
508,DSNY,"DSNY - 580 Main St, Manhattan",['Level 2 Charger'],1,580 Main St,Roosevelt Island,10044,Manhattan,No,No,40.76295,-73.949097,108.0,5.0,23803.0,1089341.0,1013730030.0,MN0801,urn:agentwin:city:ev-charging-station:07c38e2e5673864b50060ad007d79d0cd041c61d65554e890436b3a05b29b61b,POINT (-73.949097 40.76295)
509,DPR,"DPR - 3-66 Beach 75th Street, Queens",['Level 2 Charger'],14,3-66 Beach 75th Street,Queens,11692,Queens,No,No,40.591747,-73.803252,414.0,31.0,94202.0,4000000.0,4160790001.0,QN1402,urn:agentwin:city:ev-charging-station:d2e1048a0bbe1c0152bc52d4051be2cb9f9682be6654f67d318c29fcaf087d40,POINT (-73.803252 40.591747)
510,DSNY,"DSNY - 1010 Muldoon Ave, Staten Island",['Level 2 Charger'],3,1010 Muldoon Ave,Staten Island,10312,Staten Island,No,No,40.571138,-74.195348,503.0,51.0,22801.0,5158129.0,5059000500.0,SI0391,urn:agentwin:city:ev-charging-station:8d58d9655da2d962cbb827c24284507011ef4def4eecc50fb04682d288b50988,POINT (-74.195348 40.571138)
511,DPR,"DPR - 2131 Hart St, Bronx",['EV Solar Arc Charger'],1,2131 Hart St,Bronx,10473,Bronx,No,No,40.811647,-73.846685,209.0,18.0,4.0,,,BX0902,urn:agentwin:city:ev-charging-station:d79daef9a5bd12926035b0af31aca72c23a8df2902d09931fcbf4c63684fb967,POINT (-73.846685 40.811647)
512,DPR,"DPR - 97-77 Queens Boulevard, Queens",['Level 2 Charger'],28,97-77 Queens Boulevard,Queens,11374,Queens,No,No,40.728721,-73.858501,406.0,29.0,71701.0,4050482.0,4020920001.0,QN0601,urn:agentwin:city:ev-charging-station:c386790acc69e3d370e5093bcf74a7ef0473e5e99e07ff88b7458a35e6f16d2a,POINT (-73.858501 40.728721)
513,DCAS,"DCAS - 851 Grand Concourse, Bronx",['Level 2 Charger'],1,851 Grand Concourse,Bronx,10451,Bronx,No,No,40.826048,-73.923102,204.0,16.0,6301.0,2002869.0,2024680001.0,BX0401,urn:agentwin:city:ev-charging-station:3845beba233617c0be73a2d9853e9eead9a5220ff837f8bee29c9911ef0230e5,POINT (-73.923102 40.826048)
514,DOE,"DOE - 143 Baxter St, Manhattan",['Level 2 Charger'],2,143 Baxter St,Manhattan,10013,Manhattan,No,No,40.718903,-73.998438,102.0,1.0,41.0,1003086.0,1002360038.0,MN0201,urn:agentwin:city:ev-charging-station:30de416d485dbb05df576da0bcbeda620bc0da690ec7664d0b868c7346f353cf,POINT (-73.998438 40.718903)
515,DSNY,"DSNY - 455 Park Avenue, Brooklyn",['Level 2 Charger'],2,455 Park Avenue,Brooklyn,11205,Brooklyn,No,No,40.696528,-73.958885,303.0,33.0,1237.0,3329789.0,3018840070.0,BK0301,urn:agentwin:city:ev-charging-station:4fafdcffc3aef013bc0d7e158d6f548f02f28baf8c9e339ae72d47830e8ddd42,POINT (-73.958885 40.696528)
516,DPR,"DPR - 151 97th Street Transverse, Manhattan",['Level 2 Charger'],4,151 97th Street Transverse,New York,10029,Manhattan,No,No,40.790363,-73.960055,164.0,6.0,143.0,1083840.0,1011110001.0,MN6491,urn:agentwin:city:ev-charging-station:3419ca6a02a752188980ed341073f1a6b73c3be65c072827ccfd809fd599a3cc,POINT (-73.960055 40.790363)
517,DCAS,"DCAS - 265 E 161st St, Bronx",['Level 2 Charger'],2,265 E 161st St,Bronx,10451,Bronx,No,No,40.825928,-73.919514,204.0,16.0,18302.0,2097114.0,2024440001.0,BX0401,urn:agentwin:city:ev-charging-station:d63016860f8fe8c468f7ec6696c9ebeb6c1a02f5e1e2544b4558e630d30ee589,POINT (-73.919514 40.825928)
