{
"type": "FeatureCollection",
"name": "osm_substations",
"crs": { "type": "name", "properties": { "name": "urn:ogc:def:crs:OGC:1.3:CRS84" } },
"features": [
{ "type": "Feature", "properties": { "element": "node", "id": 368062840, "addr:state": "NY", "ele": "2", "gnis:feature_id": "2062029", "name": "Port Morris Power Station", "power": "substation", "source": "USGS Geonames", "barrier": null, "check_date": null, "fixme": null, "operator": null, "substation": null, "wikidata": null, "wikipedia": null, "note": null, "operator:wikidata": null, "voltage": null, "ref": null, "frequency": null, "location": null, "operator:wikipedia": null, "landuse": null, "building:colour": null, "addr:housenumber": null, "addr:postcode": null, "addr:street": null, "building": null, "height": null, "nycdcp:uid": null, "nycdoitt:bin": null, "alt_name": null, "heritage": null, "heritage:operator": null, "historic": null, "ref:nrhp": null, "NY_mta:propcode": null, "addr:city": null, "exit": null, "building:material": null, "roof:material": null, "roof:shape": null, "disused": null, "destination": null, "building:facade:colour": null, "roof:colour": null, "building:part": null, "website": null, "voltage:primary": null, "voltage:secondary": null, "description": null, "abandoned": null, "protection_title": null, "source:1": null, "source_ref:1": null, "start_date": null }, "geometry": { "type": "Point", "coordinates": [ -73.9029142, 40.8045454 ] } },
{ "type": "Feature", "properties": { "element": "way", "id": 108298302, "addr:state": null, "ele": null, "gnis:feature_id": null, "name": "Rainey Substation", "power": "substation", "source": null, "barrier": null, "check_date": null, "fixme": null, "operator": "Consolidated Edison", "substation": "transmission", "wikidata": null, "wikipedia": null, "note": null, "operator:wikidata": "Q1127536", "voltage": "345000;138000", "ref": null, "frequency": "60", "location": "outdoor", "operator:wikipedia": "en:Consolidated Edison", "landuse": null, "building:colour": null, "addr:housenumber": null, "addr:postcode": null, "addr:street": null, "building": null, "height": null, "nycdcp:uid": null, "nycdoitt:bin": null, "alt_name": null, "heritage": null, "heritage:operator": null, "historic": null, "ref:nrhp": null, "NY_mta:propcode": null, "addr:city": null, "exit": null, "building:material": null, "roof:material": null, "roof:shape": null, "disused": null, "destination": null, "building:facade:colour": null, "roof:colour": null, "building:part": null, "website": null, "voltage:primary": null, "voltage:secondary": null, "description": null, "abandoned": null, "protection_title": null, "source:1": null, "source_ref:1": null, "start_date": null }, "geometry": { "type": "Polygon", "coordinates": [ [ [ -73.9434133, 40.7641675 ], [ -73.9434382, 40.7641435 ], [ -73.9435694, 40.7641898 ], [ -73.9439969, 40.7636176 ], [ -73.9443655, 40.7630489 ], [ -73.9444062, 40.762929 ], [ -73.9436909, 40.7626174 ], [ -73.9425765, 40.7622129 ], [ -73.9425425, 40.7622042 ], [ -73.9425028, 40.7622024 ], [ -73.9424791, 40.7622158 ], [ -73.9424631, 40.762236 ], [ -73.9416718, 40.7635286 ], [ -73.9434133, 40.7641675 ] ] ] } },
{ "type": "Feature", "properties": { "element": "way", "id": 108318934, "addr:state": null, "ele": null, "gnis:feature_id": null, "name": null, "power": "substation", "source": null, "barrier": null, "check_date": null, "fixme": null, "operator": null, "substation": "transmission", "wikidata": null, "wikipedia": null, "note": null, "operator:wikidata": null, "voltage": "138000", "ref": null, "frequency": "60", "location": "outdoor", "operator:wikipedia": null, "landuse": null, "building:colour": null, "addr:housenumber": null, "addr:postcode": null, "addr:street": null, "building": null, "height": null, "nycdcp:uid": null, "nycdoitt:bin": null, "alt_name": null, "heritage": null, "heritage:operator": null, "historic": null, "ref:nrhp": null, "NY_mta:propcode": null, "addr:city": null, "exit": null, "building:material": null, "roof:material": null, "roof:shape": null, "disused": null, "destination": null, "building:facade:colour": null, "roof:colour": null, "building:part": null, "website": null, "voltage:primary": null, "voltage:secondary": null, "description": null, "abandoned": null, "protection_title": null, "source:1": null, "source_ref:1": null, "start_date": null }, "geometry": { "type": "Polygon", "coordinates": [ [ [ -73.9105054, 40.7872511 ], [ -73.909806, 40.7867604 ], [ -73.9097395, 40.7867137 ], [ -73.9078972, 40.7882189 ], [ -73.9086631, 40.7887563 ], [ -73.9096187, 40.7879756 ], [ -73.9105054, 40.7872511 ] ] ] } },
{ "type": "Feature", "properties": { "element": "way", "id": 108322562, "addr:state": null, "ele": null, "gnis:feature_id": null, "name": "Vernon Substation", "power": "substation", "source": null, "barrier": null, "check_date": null, "fixme": null, "operator": "Consolidated Edison", "substation": "distribution", "wikidata": null, "wikipedia": null, "note": null, "operator:wikidata": "Q1127536", "voltage": "138000", "ref": null, "frequency": "60", "location": "outdoor", "operator:wikipedia": null, "landuse": null, "building:colour": null, "addr:housenumber": null, "addr:postcode": null, "addr:street": null, "building": null, "height": null, "nycdcp:uid": null, "nycdoitt:bin": null, "alt_name": null, "heritage": null, "heritage:operator": null, "historic": null, "ref:nrhp": null, "NY_mta:propcode": null, "addr:city": null, "exit": null, "building:material": null, "roof:material": null, "roof:shape": null, "disused": null, "destination": null, "building:facade:colour": null, "roof:colour": null, "building:part": null, "website": null, "voltage:primary": null, "voltage:secondary": null, "description": null, "abandoned": null, "protection_title": null, "source:1": null, "source_ref:1": null, "start_date": null }, "geometry": { "type": "Polygon", "coordinates": [ [ [ -73.9473458, 40.7587815 ], [ -73.945906, 40.7581334 ], [ -73.9459629, 40.7580566 ], [ -73.9458079, 40.7579738 ], [ -73.9466008, 40.7572559 ], [ -73.9479936, 40.7579748 ], [ -73.9473458, 40.7587815 ] ] ] } },
{ "type": "Feature", "properties": { "element": "way", "id": 108331538, "addr:state": null, "ele": null, "gnis:feature_id": null, "name": "North Queens Substation", "power": "substation", "source": null, "barrier": "fence", "check_date": null, "fixme": null, "operator": "Consolidated Edison", "substation": "distribution", "wikidata": null, "wikipedia": null, "note": null, "operator:wikidata": "Q1127536", "voltage": "138000;27000", "ref": null, "frequency": "60", "location": "outdoor", "operator:wikipedia": "en:Consolidated Edison", "landuse": null, "building:colour": null, "addr:housenumber": null, "addr:postcode": null, "addr:street": null, "building": null, "height": null, "nycdcp:uid": null, "nycdoitt:bin": null, "alt_name": null, "heritage": null, "heritage:operator": null, "historic": null, "ref:nrhp": null, "NY_mta:propcode": null, "addr:city": null, "exit": null, "building:material": null, "roof:material": null, "roof:shape": null, "disused": null, "destination": null, "building:facade:colour": null, "roof:colour": null, "building:part": null, "website": null, "voltage:primary": null, "voltage:secondary": null, "description": null, "abandoned": null, "protection_title": null, "source:1": null, "source_ref:1": null, "start_date": null }, "geometry": { "type": "Polygon", "coordinates": [ [ [ -73.9060539, 40.7811609 ], [ -73.9058098, 40.7809984 ], [ -73.9056965, 40.7810909 ], [ -73.904981, 40.7816747 ], [ -73.90526, 40.7818697 ], [ -73.9051715, 40.7819489 ], [ -73.9053834, 40.7821013 ], [ -73.9054746, 40.7820281 ], [ -73.9062809, 40.7825924 ], [ -73.9068559, 40.7829949 ], [ -73.9086503, 40.7815305 ], [ -73.9070096, 40.7803842 ], [ -73.9063984, 40.780877 ], [ -73.9062444, 40.7810039 ], [ -73.9060539, 40.7811609 ] ] ] } },
{ "type": "Feature", "properties": { "element": "way", "id": 187973489, "addr:state": null, "ele": null, "gnis:feature_id": null, "name": "Far Rockaway Substation", "power": "substation", "source": null, "barrier": null, "check_date": null, "fixme": null, "operator": "Long Island Power Authority", "substation": "transmission", "wikidata": null, "wikipedia": null, "note": null, "operator:wikidata": "Q17035174", "voltage": "69000;33000", "ref": "2H", "frequency": "60", "location": "outdoor", "operator:wikipedia": "en:Long Island Power Authority", "landuse": null, "building:colour": null, "addr:housenumber": null, "addr:postcode": null, "addr:street": null, "building": null, "height": null, "nycdcp:uid": null, "nycdoitt:bin": null, "alt_name": null, "heritage": null, "heritage:operator": null, "historic": null, "ref:nrhp": null, "NY_mta:propcode": null, "addr:city": null, "exit": null, "building:material": null, "roof:material": null, "roof:shape": null, "disused": null, "destination": null, "building:facade:colour": null, "roof:colour": null, "building:part": null, "website": null, "voltage:primary": null, "voltage:secondary": null, "description": null, "abandoned": null, "protection_title": null, "source:1": null, "source_ref:1": null, "start_date": null }, "geometry": { "type": "Polygon", "coordinates": [ [ [ -73.7599107, 40.6097169 ], [ -73.759959, 40.6097418 ], [ -73.7600868, 40.6098078 ], [ -73.7606441, 40.6100954 ], [ -73.7599667, 40.6108879 ], [ -73.7594919, 40.6108187 ], [ -73.7596527, 40.6103958 ], [ -73.7599107, 40.6097169 ] ] ] } },
{ "type": "Feature", "properties": { "element": "way", "id": 187984305, "addr:state": null, "ele": null, "gnis:feature_id": null, "name": "Jamaica Substation", "power": "substation", "source": null, "barrier": null, "check_date": null, "fixme": null, "operator": "Consolidated Edison", "substation": "transmission", "wikidata": null, "wikipedia": null, "note": null, "operator:wikidata": "Q1127536", "voltage": "138000;27000", "ref": null, "frequency": "60", "location": "outdoor", "operator:wikipedia": "en:Consolidated Edison", "landuse": null, "building:colour": null, "addr:housenumber": null, "addr:postcode": null, "addr:street": null, "building": null, "height": null, "nycdcp:uid": null, "nycdoitt:bin": null, "alt_name": null, "heritage": null, "heritage:operator": null, "historic": null, "ref:nrhp": null, "NY_mta:propcode": null, "addr:city": null, "exit": null, "building:material": null, "roof:material": null, "roof:shape": null, "disused": null, "destination": null, "building:facade:colour": null, "roof:colour": null, "building:part": null, "website": null, "voltage:primary": null, "voltage:secondary": null, "description": null, "abandoned": null, "protection_title": null, "source:1": null, "source_ref:1": null, "start_date": null }, "geometry": { "type": "Polygon", "coordinates": [ [ [ -73.8136897, 40.6996836 ], [ -73.8144963, 40.6994617 ], [ -73.8141254, 40.6986869 ], [ -73.8133188, 40.6989088 ], [ -73.8136897, 40.6996836 ] ] ] } },
{ "type": "Feature", "properties": { "element": "way", "id": 187984310, "addr:state": null, "ele": null, "gnis:feature_id": null, "name": null, "power": "substation", "source": null, "barrier": null, "check_date": null, "fixme": null, "operator": "Long Island Rail Road", "substation": "traction", "wikidata": null, "wikipedia": null, "note": null, "operator:wikidata": null, "voltage": null, "ref": null, "frequency": null, "location": "outdoor", "operator:wikipedia": null, "landuse": "railway", "building:colour": null, "addr:housenumber": null, "addr:postcode": null, "addr:street": null, "building": null, "height": null, "nycdcp:uid": null, "nycdoitt:bin": null, "alt_name": null, "heritage": null, "heritage:operator": null, "historic": null, "ref:nrhp": null, "NY_mta:propcode": null, "addr:city": null, "exit": null, "building:material": null, "roof:material": null, "roof:shape": null, "disused": null, "destination": null, "building:facade:colour": null, "roof:colour": null, "building:part": null, "website": null, "voltage:primary": null, "voltage:secondary": null, "description": null, "abandoned": null, "protection_title": null, "source:1": null, "source_ref:1": null, "start_date": null }, "geometry": { "type": "Polygon", "coordinates": [ [ [ -73.7505445, 40.6681676 ], [ -73.7504863, 40.6682687 ], [ -73.7504647, 40.6683064 ], [ -73.7504012, 40.6684167 ], [ -73.750193, 40.6683442 ], [ -73.7497937, 40.6680519 ], [ -73.7497999, 40.6680074 ], [ -73.7498585, 40.6679033 ], [ -73.7505445, 40.6681676 ] ] ] } },
{ "type": "Feature", "properties": { "element": "way", "id": 188367030, "addr:state": null, "ele": null, "gnis:feature_id": null, "name": "West 49th Street Substation", "power": "substation", "source": null, "barrier": null, "check_date": null, "fixme": null, "operator": "Consolidated Edison", "substation": "transmission", "wikidata": null, "wikipedia": null, "note": null, "operator:wikidata": "Q1127536", "voltage": "345000", "ref": null, "frequency": "60", "location": "indoor", "operator:wikipedia": "en:Consolidated Edison", "landuse": null, "building:colour": null, "addr:housenumber": null, "addr:postcode": null, "addr:street": null, "building": null, "height": null, "nycdcp:uid": null, "nycdoitt:bin": null, "alt_name": null, "heritage": null, "heritage:operator": null, "historic": null, "ref:nrhp": null, "NY_mta:propcode": null, "addr:city": null, "exit": null, "building:material": null, "roof:material": null, "roof:shape": null, "disused": null, "destination": null, "building:facade:colour": null, "roof:colour": null, "building:part": null, "website": null, "voltage:primary": null, "voltage:secondary": null, "description": null, "abandoned": null, "protection_title": null, "source:1": null, "source_ref:1": null, "start_date": null }, "geometry": { "type": "Polygon", "coordinates": [ [ [ -73.9948435, 40.7658808 ], [ -73.9949708, 40.7659339 ], [ -73.9950113, 40.7659508 ], [ -73.9963289, 40.7665 ], [ -73.9965768, 40.7666033 ], [ -73.9969249, 40.7661263 ], [ -73.9964471, 40.7659266 ], [ -73.9953607, 40.7654724 ], [ -73.9953202, 40.7654554 ], [ -73.9951937, 40.7654026 ], [ -73.9951081, 40.7655187 ], [ -73.9949355, 40.7657539 ], [ -73.9948435, 40.7658808 ] ] ] } },
{ "type": "Feature", "properties": { "element": "way", "id": 211183845, "addr:state": null, "ele": null, "gnis:feature_id": null, "name": "Arverne Substation", "power": "substation", "source": null, "barrier": null, "check_date": null, "fixme": null, "operator": "Long Island Power Authority", "substation": "distribution", "wikidata": null, "wikipedia": null, "note": null, "operator:wikidata": "Q17035174", "voltage": "33000", "ref": "2AR", "frequency": "60", "location": "outdoor", "operator:wikipedia": null, "landuse": null, "building:colour": null, "addr:housenumber": null, "addr:postcode": null, "addr:street": null, "building": null, "height": null, "nycdcp:uid": null, "nycdoitt:bin": null, "alt_name": null, "heritage": null, "heritage:operator": null, "historic": null, "ref:nrhp": null, "NY_mta:propcode": null, "addr:city": null, "exit": null, "building:material": null, "roof:material": null, "roof:shape": null, "disused": null, "destination": null, "building:facade:colour": null, "roof:colour": null, "building:part": null, "website": null, "voltage:primary": null, "voltage:secondary": null, "description": null, "abandoned": null, "protection_title": null, "source:1": null, "source_ref:1": null, "start_date": null }, "geometry": { "type": "Polygon", "coordinates": [ [ [ -73.7829658, 40.5927123 ], [ -73.7829289, 40.5924256 ], [ -73.7835929, 40.5923642 ], [ -73.7836052, 40.592519 ], [ -73.7829658, 40.5927123 ] ] ] } },
{ "type": "Feature", "properties": { "element": "way", "id": 211183848, "addr:state": null, "ele": null, "gnis:feature_id": null, "name": "Rockaway Beach Substation", "power": "substation", "source": null, "barrier": null, "check_date": null, "fixme": null, "operator": "Long Island Power Authority", "substation": "distribution", "wikidata": null, "wikipedia": null, "note": null, "operator:wikidata": "Q17035174", "voltage": "33000", "ref": "2G", "frequency": "60", "location": "outdoor", "operator:wikipedia": "en:Long Island Power Authority", "landuse": null, "building:colour": null, "addr:housenumber": null, "addr:postcode": null, "addr:street": null, "building": null, "height": null, "nycdcp:uid": null, "nycdoitt:bin": null, "alt_name": null, "heritage": null, "heritage:operator": null, "historic": null, "ref:nrhp": null, "NY_mta:propcode": null, "addr:city": null, "exit": null, "building:material": null, "roof:material": null, "roof:shape": null, "disused": null, "destination": null, "building:facade:colour": null, "roof:colour": null, "building:part": null, "website": null, "voltage:primary": null, "voltage:secondary": null, "description": null, "abandoned": null, "protection_title": null, "source:1": null, "source_ref:1": null, "start_date": null }, "geometry": { "type": "Polygon", "coordinates": [ [ [ -73.8334798, 40.5830761 ], [ -73.8332715, 40.582723 ], [ -73.834104, 40.5824396 ], [ -73.8342936, 40.5827608 ], [ -73.8342647, 40.5828091 ], [ -73.8334798, 40.5830761 ] ] ] } },
{ "type": "Feature", "properties": { "element": "way", "id": 219612704, "addr:state": null, "ele": null, "gnis:feature_id": null, "name": "Leonard Street Substation", "power": "substation", "source": null, "barrier": null, "check_date": null, "fixme": null, "operator": "Consolidated Edison", "substation": "distribution", "wikidata": null, "wikipedia": null, "note": null, "operator:wikidata": "Q1127536", "voltage": "69000;13200", "ref": null, "frequency": "60", "location": "outdoor", "operator:wikipedia": "en:Consolidated Edison", "landuse": null, "building:colour": "#7e583f", "addr:housenumber": null, "addr:postcode": null, "addr:street": null, "building": null, "height": null, "nycdcp:uid": null, "nycdoitt:bin": null, "alt_name": null, "heritage": null, "heritage:operator": null, "historic": null, "ref:nrhp": null, "NY_mta:propcode": null, "addr:city": null, "exit": null, "building:material": null, "roof:material": null, "roof:shape": null, "disused": null, "destination": null, "building:facade:colour": null, "roof:colour": null, "building:part": null, "website": null, "voltage:primary": null, "voltage:secondary": null, "description": null, "abandoned": null, "protection_title": null, "source:1": null, "source_ref:1": null, "start_date": null }, "geometry": { "type": "Polygon", "coordinates": [ [ [ -74.0062491, 40.7182513 ], [ -74.0062154, 40.7182937 ], [ -74.0062837, 40.7183249 ], [ -74.0061022, 40.7185534 ], [ -74.006513, 40.7187408 ], [ -74.0068874, 40.7182696 ], [ -74.0064083, 40.7180509 ], [ -74.0062491, 40.7182513 ] ] ] } },
{ "type": "Feature", "properties": { "element": "way", "id": 232053177, "addr:state": null, "ele": null, "gnis:feature_id": null, "name": "Queensbridge Substation", "power": "substation", "source": null, "barrier": null, "check_date": null, "fixme": null, "operator": "Consolidated Edison", "substation": "distribution", "wikidata": null, "wikipedia": null, "note": null, "operator:wikidata": "Q1127536", "voltage": "138000;69000", "ref": null, "frequency": "60", "location": "outdoor", "operator:wikipedia": "en:Consolidated Edison", "landuse": null, "building:colour": null, "addr:housenumber": null, "addr:postcode": null, "addr:street": null, "building": null, "height": null, "nycdcp:uid": null, "nycdoitt:bin": null, "alt_name": null, "heritage": null, "heritage:operator": null, "historic": null, "ref:nrhp": null, "NY_mta:propcode": null, "addr:city": null, "exit": null, "building:material": null, "roof:material": null, "roof:shape": null, "disused": null, "destination": null, "building:facade:colour": null, "roof:colour": null, "building:part": null, "website": null, "voltage:primary": null, "voltage:secondary": null, "description": null, "abandoned": null, "protection_title": null, "source:1": null, "source_ref:1": null, "start_date": null }, "geometry": { "type": "Polygon", "coordinates": [ [ [ -73.9389468, 40.7559999 ], [ -73.9386422, 40.756328 ], [ -73.9386236, 40.756349 ], [ -73.9381119, 40.7568991 ], [ -73.9375168, 40.7565792 ], [ -73.9383451, 40.7556849 ], [ -73.9389468, 40.7559999 ] ] ] } },
{ "type": "Feature", "properties": { "element": "way", "id": 247488316, "addr:state": null, "ele": null, "gnis:feature_id": null, "name": "Forest Parkway Substation", "power": "substation", "source": null, "barrier": null, "check_date": null, "fixme": null, "operator": "New York City Transit Authority", "substation": "traction", "wikidata": null, "wikipedia": null, "note": null, "operator:wikidata": null, "voltage": null, "ref": null, "frequency": null, "location": null, "operator:wikipedia": null, "landuse": null, "building:colour": null, "addr:housenumber": "80-24", "addr:postcode": "11421", "addr:street": "Jamaica Avenue", "building": "service", "height": "6.0", "nycdcp:uid": "1aadc5a408c9e23ecd9a3ba0914e1ac1", "nycdoitt:bin": "4000000", "alt_name": null, "heritage": null, "heritage:operator": null, "historic": null, "ref:nrhp": null, "NY_mta:propcode": null, "addr:city": null, "exit": null, "building:material": null, "roof:material": null, "roof:shape": null, "disused": null, "destination": null, "building:facade:colour": null, "roof:colour": null, "building:part": null, "website": null, "voltage:primary": null, "voltage:secondary": null, "description": null, "abandoned": null, "protection_title": null, "source:1": null, "source_ref:1": null, "start_date": null }, "geometry": { "type": "Polygon", "coordinates": [ [ [ -73.8614357, 40.6921216 ], [ -73.8613932, 40.6921272 ], [ -73.8613406, 40.6918946 ], [ -73.8614924, 40.6918747 ], [ -73.8615506, 40.692132 ], [ -73.8614585, 40.692144 ], [ -73.8614357, 40.6921216 ] ] ] } },
{ "type": "Feature", "properties": { "element": "way", "id": 248171336, "addr:state": null, "ele": null, "gnis:feature_id": null, "name": "10th Street Substation", "power": "substation", "source": null, "barrier": null, "check_date": null, "fixme": null, "operator": "New York City Transit Authority", "substation": "traction", "wikidata": null, "wikipedia": null, "note": null, "operator:wikidata": "Q1325591", "voltage": null, "ref": null, "frequency": null, "location": null, "operator:wikipedia": "en:New York City Transit Authority", "landuse": null, "building:colour": null, "addr:housenumber": null, "addr:postcode": null, "addr:street": null, "building": "service", "height": "3.1", "nycdcp:uid": "970ddc9d85810560b908decaec4b71ff", "nycdoitt:bin": "3022204", "alt_name": null, "heritage": null, "heritage:operator": null, "historic": null, "ref:nrhp": null, "NY_mta:propcode": null, "addr:city": null, "exit": null, "building:material": null, "roof:material": null, "roof:shape": null, "disused": null, "destination": null, "building:facade:colour": null, "roof:colour": null, "building:part": null, "website": null, "voltage:primary": null, "voltage:secondary": null, "description": null, "abandoned": null, "protection_title": null, "source:1": null, "source_ref:1": null, "start_date": null }, "geometry": { "type": "Polygon", "coordinates": [ [ [ -73.9931052, 40.6720979 ], [ -73.99314, 40.6720555 ], [ -73.9931986, 40.6720833 ], [ -73.9931639, 40.6721258 ], [ -73.9931587, 40.6721233 ], [ -73.9931052, 40.6720979 ] ] ] } },
{ "type": "Feature", "properties": { "element": "way", "id": 248176338, "addr:state": null, "ele": null, "gnis:feature_id": null, "name": "Substation 401", "power": "substation", "source": null, "barrier": null, "check_date": null, "fixme": null, "operator": "New York City Transit Authority", "substation": "traction", "wikidata": "Q7632101", "wikipedia": "en:Substation 401", "note": null, "operator:wikidata": "Q1325591", "voltage": null, "ref": null, "frequency": null, "location": null, "operator:wikipedia": "en:New York City Transit Authority", "landuse": null, "building:colour": null, "addr:housenumber": null, "addr:postcode": null, "addr:street": null, "building": "service", "height": "7.7", "nycdcp:uid": null, "nycdoitt:bin": "3397034", "alt_name": "Essex Substation", "heritage": null, "heritage:operator": null, "historic": null, "ref:nrhp": null, "NY_mta:propcode": null, "addr:city": null, "exit": null, "building:material": null, "roof:material": null, "roof:shape": null, "disused": null, "destination": null, "building:facade:colour": null, "roof:colour": null, "building:part": null, "website": null, "voltage:primary": null, "voltage:secondary": null, "description": null, "abandoned": null, "protection_title": null, "source:1": null, "source_ref:1": null, "start_date": null }, "geometry": { "type": "Polygon", "coordinates": [ [ [ -73.8826767, 40.6801902 ], [ -73.8827389, 40.6804445 ], [ -73.8825849, 40.6804663 ], [ -73.8825227, 40.6802121 ], [ -73.8825368, 40.6802101 ], [ -73.8826767, 40.6801902 ] ] ] } },
{ "type": "Feature", "properties": { "element": "way", "id": 248502552, "addr:state": null, "ele": null, "gnis:feature_id": null, "name": "IND Substation", "power": "substation", "source": null, "barrier": null, "check_date": null, "fixme": null, "operator": "New York City Transit Authority", "substation": "traction", "wikidata": null, "wikipedia": null, "note": null, "operator:wikidata": "Q1325591", "voltage": null, "ref": null, "frequency": null, "location": null, "operator:wikipedia": "en:New York City Transit Authority", "landuse": null, "building:colour": null, "addr:housenumber": null, "addr:postcode": null, "addr:street": null, "building": "service", "height": "8.5", "nycdcp:uid": "73ef5eed6c21d32c1044c282a37e49aa", "nycdoitt:bin": "3000000", "alt_name": null, "heritage": null, "heritage:operator": null, "historic": null, "ref:nrhp": null, "NY_mta:propcode": null, "addr:city": null, "exit": null, "building:material": null, "roof:material": null, "roof:shape": null, "disused": null, "destination": null, "building:facade:colour": null, "roof:colour": null, "building:part": null, "website": null, "voltage:primary": null, "voltage:secondary": null, "description": null, "abandoned": null, "protection_title": null, "source:1": null, "source_ref:1": null, "start_date": null }, "geometry": { "type": "Polygon", "coordinates": [ [ [ -73.9747458, 40.5767062 ], [ -73.9750157, 40.57672 ], [ -73.9750051, 40.5768406 ], [ -73.9747352, 40.5768268 ], [ -73.9747384, 40.5767904 ], [ -73.9747458, 40.5767062 ] ] ] } },
{ "type": "Feature", "properties": { "element": "way", "id": 248829017, "addr:state": null, "ele": null, "gnis:feature_id": null, "name": "Linden Substation", "power": "substation", "source": "FERC", "barrier": null, "check_date": null, "fixme": null, "operator": "Consolidated Edison", "substation": "distribution", "wikidata": null, "wikipedia": null, "note": null, "operator:wikidata": "Q1127536", "voltage": "27000;4000", "ref": null, "frequency": "60", "location": null, "operator:wikipedia": "en:Consolidated Edison", "landuse": null, "building:colour": null, "addr:housenumber": "227-16", "addr:postcode": "11411", "addr:street": "Linden Boulevard", "building": "yes", "height": "3.2", "nycdcp:uid": null, "nycdoitt:bin": "4274576", "alt_name": null, "heritage": null, "heritage:operator": null, "historic": null, "ref:nrhp": null, "NY_mta:propcode": null, "addr:city": null, "exit": null, "building:material": null, "roof:material": null, "roof:shape": null, "disused": null, "destination": null, "building:facade:colour": null, "roof:colour": null, "building:part": null, "website": null, "voltage:primary": null, "voltage:secondary": null, "description": null, "abandoned": null, "protection_title": null, "source:1": null, "source_ref:1": null, "start_date": null }, "geometry": { "type": "Polygon", "coordinates": [ [ [ -73.7336276, 40.6927677 ], [ -73.7336818, 40.6927833 ], [ -73.733638, 40.6928714 ], [ -73.733607, 40.6928625 ], [ -73.7336114, 40.6928535 ], [ -73.7336024, 40.6928509 ], [ -73.7336166, 40.6928224 ], [ -73.7336024, 40.6928184 ], [ -73.7336276, 40.6927677 ] ] ] } },
{ "type": "Feature", "properties": { "element": "way", "id": 249085666, "addr:state": null, "ele": null, "gnis:feature_id": null, "name": "65th Street Substation", "power": "substation", "source": null, "barrier": null, "check_date": null, "fixme": null, "operator": "New York City Transit Authority", "substation": "traction", "wikidata": null, "wikipedia": null, "note": null, "operator:wikidata": "Q1325591", "voltage": null, "ref": null, "frequency": null, "location": null, "operator:wikipedia": "en:New York City Transit Authority", "landuse": null, "building:colour": null, "addr:housenumber": "6419", "addr:postcode": "11219", "addr:street": "New Utrecht Avenue", "building": "service", "height": "10.6", "nycdcp:uid": "4c610c424279b8e697e385c162fed69d", "nycdoitt:bin": "3142112", "alt_name": null, "heritage": null, "heritage:operator": null, "historic": null, "ref:nrhp": null, "NY_mta:propcode": null, "addr:city": null, "exit": null, "building:material": null, "roof:material": null, "roof:shape": null, "disused": null, "destination": null, "building:facade:colour": null, "roof:colour": null, "building:part": null, "website": null, "voltage:primary": null, "voltage:secondary": null, "description": null, "abandoned": null, "protection_title": null, "source:1": null, "source_ref:1": null, "start_date": null }, "geometry": { "type": "Polygon", "coordinates": [ [ [ -73.997403, 40.6236763 ], [ -73.9975222, 40.6237482 ], [ -73.9974764, 40.6239102 ], [ -73.9972819, 40.623793 ], [ -73.9973882, 40.6236906 ], [ -73.997403, 40.6236763 ] ] ] } },
{ "type": "Feature", "properties": { "element": "way", "id": 249107547, "addr:state": null, "ele": null, "gnis:feature_id": null, "name": "Bensonhurst Substation", "power": "substation", "source": null, "barrier": null, "check_date": null, "fixme": null, "operator": "Consolidated Edison", "substation": "distribution", "wikidata": null, "wikipedia": null, "note": null, "operator:wikidata": "Q1127536", "voltage": "138000;27000", "ref": null, "frequency": "60", "location": "indoor", "operator:wikipedia": null, "landuse": null, "building:colour": null, "addr:housenumber": "1278", "addr:postcode": "11204", "addr:street": "McDonald Avenue", "building": "yes", "height": "9.8", "nycdcp:uid": null, "nycdoitt:bin": "3130395", "alt_name": null, "heritage": null, "heritage:operator": null, "historic": null, "ref:nrhp": null, "NY_mta:propcode": null, "addr:city": null, "exit": null, "building:material": null, "roof:material": null, "roof:shape": null, "disused": null, "destination": null, "building:facade:colour": null, "roof:colour": null, "building:part": null, "website": null, "voltage:primary": null, "voltage:secondary": null, "description": null, "abandoned": null, "protection_title": null, "source:1": null, "source_ref:1": null, "start_date": null }, "geometry": { "type": "Polygon", "coordinates": [ [ [ -73.9756019, 40.6216022 ], [ -73.9757543, 40.6215852 ], [ -73.9757496, 40.6215609 ], [ -73.9757447, 40.6215355 ], [ -73.9755924, 40.6215525 ], [ -73.9755033, 40.621089 ], [ -73.9756393, 40.6210738 ], [ -73.9756607, 40.6211856 ], [ -73.9760368, 40.6211436 ], [ -73.9760542, 40.6212342 ], [ -73.9762017, 40.6212178 ], [ -73.9762518, 40.6214786 ], [ -73.9761043, 40.6214951 ], [ -73.9761064, 40.6215059 ], [ -73.9760632, 40.6215107 ], [ -73.9760833, 40.6216153 ], [ -73.9761369, 40.6216094 ], [ -73.9761417, 40.6216343 ], [ -73.9761781, 40.6216303 ], [ -73.9761604, 40.6215381 ], [ -73.9763096, 40.6215215 ], [ -73.9763322, 40.621639 ], [ -73.9763762, 40.6216341 ], [ -73.976398, 40.6217478 ], [ -73.9762048, 40.6217693 ], [ -73.9762078, 40.6217853 ], [ -73.9763241, 40.6217723 ], [ -73.9763289, 40.6217976 ], [ -73.9761982, 40.6218122 ], [ -73.976208, 40.6218289 ], [ -73.9763679, 40.621811 ], [ -73.9763864, 40.6219073 ], [ -73.9763603, 40.6219309 ], [ -73.9756797, 40.6220068 ], [ -73.9756019, 40.6216022 ] ] ] } },
{ "type": "Feature", "properties": { "element": "way", "id": 249547376, "addr:state": null, "ele": null, "gnis:feature_id": null, "name": "BMT Substation", "power": "substation", "source": null, "barrier": null, "check_date": null, "fixme": null, "operator": "New York City Transit Authority", "substation": "traction", "wikidata": null, "wikipedia": null, "note": null, "operator:wikidata": "Q1325591", "voltage": null, "ref": null, "frequency": null, "location": null, "operator:wikipedia": null, "landuse": null, "building:colour": null, "addr:housenumber": "375", "addr:postcode": "11207", "addr:street": "Van Sinderen Avenue", "building": "service", "height": "5.5", "nycdcp:uid": "3cdbb8efb152fd245df7830159ad58a5", "nycdoitt:bin": "3084245", "alt_name": null, "heritage": null, "heritage:operator": null, "historic": null, "ref:nrhp": null, "NY_mta:propcode": null, "addr:city": null, "exit": null, "building:material": null, "roof:material": null, "roof:shape": null, "disused": null, "destination": null, "building:facade:colour": null, "roof:colour": null, "building:part": null, "website": null, "voltage:primary": null, "voltage:secondary": null, "description": null, "abandoned": null, "protection_title": null, "source:1": null, "source_ref:1": null, "start_date": null }, "geometry": { "type": "Polygon", "coordinates": [ [ [ -73.9010839, 40.6678414 ], [ -73.9010517, 40.6677158 ], [ -73.9014006, 40.6676639 ], [ -73.9014328, 40.6677896 ], [ -73.9014208, 40.6677914 ], [ -73.9010839, 40.6678414 ] ] ] } },
{ "type": "Feature", "properties": { "element": "way", "id": 249547377, "addr:state": null, "ele": null, "gnis:feature_id": null, "name": "BMT Substation", "power": "substation", "source": null, "barrier": null, "check_date": null, "fixme": null, "operator": "New York City Transit Authority", "substation": "traction", "wikidata": null, "wikipedia": null, "note": null, "operator:wikidata": "Q1325591", "voltage": null, "ref": null, "frequency": null, "location": null, "operator:wikipedia": null, "landuse": null, "building:colour": null, "addr:housenumber": "379", "addr:postcode": "11207", "addr:street": "Van Sinderen Avenue", "building": "service", "height": "5.6", "nycdcp:uid": "3cdbb8efb152fd245df7830159ad58a5", "nycdoitt:bin": "3084244", "alt_name": null, "heritage": null, "heritage:operator": null, "historic": null, "ref:nrhp": null, "NY_mta:propcode": null, "addr:city": null, "exit": null, "building:material": null, "roof:material": null, "roof:shape": null, "disused": null, "destination": null, "building:facade:colour": null, "roof:colour": null, "building:part": null, "website": null, "voltage:primary": null, "voltage:secondary": null, "description": null, "abandoned": null, "protection_title": null, "source:1": null, "source_ref:1": null, "start_date": null }, "geometry": { "type": "Polygon", "coordinates": [ [ [ -73.9013568, 40.6675295 ], [ -73.9013846, 40.667642 ], [ -73.9010749, 40.6676863 ], [ -73.9010471, 40.6675738 ], [ -73.90105, 40.6675734 ], [ -73.9013568, 40.6675295 ] ] ] } },
{ "type": "Feature", "properties": { "element": "way", "id": 249547428, "addr:state": null, "ele": null, "gnis:feature_id": null, "name": "Brownsville Substation", "power": "substation", "source": null, "barrier": null, "check_date": null, "fixme": null, "operator": "Consolidated Edison", "substation": "distribution", "wikidata": null, "wikipedia": null, "note": null, "operator:wikidata": "Q1127536", "voltage": "138000;27000", "ref": null, "frequency": "60", "location": "outdoor", "operator:wikipedia": "en:Consolidated Edison", "landuse": null, "building:colour": null, "addr:housenumber": null, "addr:postcode": null, "addr:street": null, "building": "yes", "height": "16.9", "nycdcp:uid": null, "nycdoitt:bin": "3401193", "alt_name": null, "heritage": null, "heritage:operator": null, "historic": null, "ref:nrhp": null, "NY_mta:propcode": null, "addr:city": null, "exit": null, "building:material": null, "roof:material": null, "roof:shape": null, "disused": null, "destination": null, "building:facade:colour": null, "roof:colour": null, "building:part": null, "website": null, "voltage:primary": null, "voltage:secondary": null, "description": null, "abandoned": null, "protection_title": null, "source:1": null, "source_ref:1": null, "start_date": null }, "geometry": { "type": "Polygon", "coordinates": [ [ [ -73.89846, 40.6695177 ], [ -73.8982869, 40.6695438 ], [ -73.8982251, 40.6693062 ], [ -73.8989295, 40.6691999 ], [ -73.8989913, 40.6694376 ], [ -73.8988138, 40.6694644 ], [ -73.8988312, 40.6695314 ], [ -73.8990087, 40.6695046 ], [ -73.8991394, 40.6700071 ], [ -73.8984351, 40.6701133 ], [ -73.8983193, 40.6696682 ], [ -73.8984924, 40.6696421 ], [ -73.8984806, 40.6695969 ], [ -73.89846, 40.6695177 ] ] ] } },
{ "type": "Feature", "properties": { "element": "way", "id": 249606926, "addr:state": null, "ele": null, "gnis:feature_id": null, "name": "38th Street Substation", "power": "substation", "source": null, "barrier": null, "check_date": null, "fixme": null, "operator": "New York City Transit Authority", "substation": "traction", "wikidata": null, "wikipedia": null, "note": null, "operator:wikidata": "Q1325591", "voltage": null, "ref": null, "frequency": null, "location": null, "operator:wikipedia": null, "landuse": null, "building:colour": null, "addr:housenumber": "479", "addr:postcode": "11232", "addr:street": "38th Street", "building": "service", "height": "6.3", "nycdcp:uid": "ae1904cab3ab69ba0cfce498ba33e707", "nycdoitt:bin": "3339235", "alt_name": null, "heritage": null, "heritage:operator": null, "historic": null, "ref:nrhp": null, "NY_mta:propcode": null, "addr:city": null, "exit": null, "building:material": null, "roof:material": null, "roof:shape": null, "disused": null, "destination": null, "building:facade:colour": null, "roof:colour": null, "building:part": null, "website": null, "voltage:primary": null, "voltage:secondary": null, "description": null, "abandoned": null, "protection_title": null, "source:1": null, "source_ref:1": null, "start_date": null }, "geometry": { "type": "Polygon", "coordinates": [ [ [ -74.0036107, 40.6521038 ], [ -74.0037522, 40.6521896 ], [ -74.0035039, 40.652427 ], [ -74.0033624, 40.6523411 ], [ -74.0036107, 40.6521038 ] ] ] } },
{ "type": "Feature", "properties": { "element": "way", "id": 249657384, "addr:state": null, "ele": null, "gnis:feature_id": null, "name": "IRT Substation #12", "power": "substation", "source": null, "barrier": null, "check_date": null, "fixme": null, "operator": "New York City Transit Authority", "substation": "traction", "wikidata": null, "wikipedia": null, "note": null, "operator:wikidata": "Q1325591", "voltage": null, "ref": null, "frequency": null, "location": null, "operator:wikipedia": "en:New York City Transit Authority", "landuse": null, "building:colour": null, "addr:housenumber": null, "addr:postcode": null, "addr:street": null, "building": "service", "height": "18.3", "nycdcp:uid": "5b8059b1344690bbd265c1d20c9f4651", "nycdoitt:bin": "1017904", "alt_name": null, "heritage": null, "heritage:operator": null, "historic": null, "ref:nrhp": null, "NY_mta:propcode": null, "addr:city": null, "exit": null, "building:material": null, "roof:material": null, "roof:shape": null, "disused": null, "destination": null, "building:facade:colour": null, "roof:colour": null, "building:part": null, "website": null, "voltage:primary": null, "voltage:secondary": null, "description": null, "abandoned": null, "protection_title": null, "source:1": null, "source_ref:1": null, "start_date": null }, "geometry": { "type": "Polygon", "coordinates": [ [ [ -73.9873348, 40.7370053 ], [ -73.9873394, 40.7370072 ], [ -73.9874199, 40.7370413 ], [ -73.9874976, 40.7370741 ], [ -73.9873399, 40.7372899 ], [ -73.9871772, 40.7372212 ], [ -73.9873348, 40.7370053 ] ] ] } },
{ "type": "Feature", "properties": { "element": "way", "id": 249930634, "addr:state": null, "ele": null, "gnis:feature_id": null, "name": "East 64th Street Substation", "power": "substation", "source": "FERC", "barrier": null, "check_date": null, "fixme": null, "operator": "Consolidated Edison", "substation": "distribution", "wikidata": null, "wikipedia": null, "note": null, "operator:wikidata": "Q1127536", "voltage": "27000;4000", "ref": null, "frequency": "60", "location": null, "operator:wikipedia": "en:Consolidated Edison", "landuse": null, "building:colour": null, "addr:housenumber": null, "addr:postcode": null, "addr:street": null, "building": "shed", "height": "3.1", "nycdcp:uid": null, "nycdoitt:bin": "3220497", "alt_name": null, "heritage": null, "heritage:operator": null, "historic": null, "ref:nrhp": null, "NY_mta:propcode": null, "addr:city": null, "exit": null, "building:material": null, "roof:material": null, "roof:shape": null, "disused": null, "destination": null, "building:facade:colour": null, "roof:colour": null, "building:part": null, "website": null, "voltage:primary": null, "voltage:secondary": null, "description": null, "abandoned": null, "protection_title": null, "source:1": null, "source_ref:1": null, "start_date": null }, "geometry": { "type": "Polygon", "coordinates": [ [ [ -73.9175555, 40.6197013 ], [ -73.9175898, 40.6196987 ], [ -73.9175953, 40.6197401 ], [ -73.9176115, 40.6197389 ], [ -73.9176185, 40.6197912 ], [ -73.9175679, 40.6197951 ], [ -73.9175555, 40.6197013 ] ] ] } },
{ "type": "Feature", "properties": { "element": "way", "id": 250266578, "addr:state": null, "ele": null, "gnis:feature_id": null, "name": "Stanton Substation", "power": "substation", "source": null, "barrier": null, "check_date": null, "fixme": null, "operator": "New York City Transit Authority", "substation": "traction", "wikidata": "Q6134973", "wikipedia": null, "note": null, "operator:wikidata": "Q1325591", "voltage": null, "ref": null, "frequency": null, "location": null, "operator:wikipedia": "en:New York City Transit Authority", "landuse": null, "building:colour": null, "addr:housenumber": null, "addr:postcode": null, "addr:street": null, "building": "service", "height": "11.8", "nycdcp:uid": "cb42cf4dbf8a05f2923a678975410abb", "nycdoitt:bin": "1005425", "alt_name": null, "heritage": "2", "heritage:operator": "nrhp", "historic": "yes", "ref:nrhp": "06000020", "NY_mta:propcode": null, "addr:city": null, "exit": null, "building:material": null, "roof:material": null, "roof:shape": null, "disused": null, "destination": null, "building:facade:colour": null, "roof:colour": null, "building:part": null, "website": null, "voltage:primary": null, "voltage:secondary": null, "description": null, "abandoned": null, "protection_title": null, "source:1": null, "source_ref:1": null, "start_date": null }, "geometry": { "type": "Polygon", "coordinates": [ [ [ -73.9868461, 40.7214764 ], [ -73.9869156, 40.7213427 ], [ -73.9872167, 40.7214334 ], [ -73.9871471, 40.7215671 ], [ -73.9870829, 40.7215478 ], [ -73.9868461, 40.7214764 ] ] ] } },
{ "type": "Feature", "properties": { "element": "way", "id": 250317212, "addr:state": null, "ele": null, "gnis:feature_id": null, "name": "BMT Substation", "power": "substation", "source": null, "barrier": null, "check_date": null, "fixme": null, "operator": "New York City Transit Authority", "substation": "traction", "wikidata": null, "wikipedia": null, "note": null, "operator:wikidata": "Q1325591", "voltage": null, "ref": null, "frequency": null, "location": null, "operator:wikipedia": "en:New York City Transit Authority", "landuse": null, "building:colour": null, "addr:housenumber": "1164", "addr:postcode": "11221", "addr:street": "Myrtle Avenue", "building": "service", "height": "5.0", "nycdcp:uid": "eddc0e6ca688e6ce143e7caba3685aa6", "nycdoitt:bin": "3342946", "alt_name": null, "heritage": null, "heritage:operator": null, "historic": null, "ref:nrhp": null, "NY_mta:propcode": null, "addr:city": null, "exit": null, "building:material": null, "roof:material": null, "roof:shape": null, "disused": null, "destination": null, "building:facade:colour": null, "roof:colour": null, "building:part": null, "website": null, "voltage:primary": null, "voltage:secondary": null, "description": null, "abandoned": null, "protection_title": null, "source:1": null, "source_ref:1": null, "start_date": null }, "geometry": { "type": "Polygon", "coordinates": [ [ [ -73.9354752, 40.6966157 ], [ -73.9356615, 40.6965943 ], [ -73.9357071, 40.6968225 ], [ -73.9355208, 40.6968439 ], [ -73.9354752, 40.6966157 ] ] ] } },
{ "type": "Feature", "properties": { "element": "way", "id": 250367086, "addr:state": null, "ele": null, "gnis:feature_id": null, "name": "Flatbush-Willoughby Substation", "power": "substation", "source": null, "barrier": null, "check_date": null, "fixme": null, "operator": "New York City Transit Authority", "substation": "traction", "wikidata": null, "wikipedia": null, "note": null, "operator:wikidata": "Q1325591", "voltage": null, "ref": null, "frequency": null, "location": null, "operator:wikipedia": "en:New York City Transit Authority", "landuse": null, "building:colour": null, "addr:housenumber": "161", "addr:postcode": "11201", "addr:street": "Prince Street", "building": "service", "height": "6.2", "nycdcp:uid": "34b0b061041aaca645e448b06a8870fa", "nycdoitt:bin": "3340747", "alt_name": null, "heritage": null, "heritage:operator": null, "historic": null, "ref:nrhp": null, "NY_mta:propcode": null, "addr:city": null, "exit": null, "building:material": null, "roof:material": null, "roof:shape": null, "disused": null, "destination": null, "building:facade:colour": null, "roof:colour": null, "building:part": null, "website": null, "voltage:primary": null, "voltage:secondary": null, "description": null, "abandoned": null, "protection_title": null, "source:1": null, "source_ref:1": null, "start_date": null }, "geometry": { "type": "Polygon", "coordinates": [ [ [ -73.982191, 40.6924164 ], [ -73.9824752, 40.6924239 ], [ -73.9824685, 40.6925701 ], [ -73.9821843, 40.6925626 ], [ -73.9821886, 40.6924684 ], [ -73.982191, 40.6924164 ] ] ] } },
{ "type": "Feature", "properties": { "element": "way", "id": 250374489, "addr:state": null, "ele": null, "gnis:feature_id": null, "name": "Jay Street Substation", "power": "substation", "source": null, "barrier": null, "check_date": null, "fixme": null, "operator": "New York City Transit Authority", "substation": "traction", "wikidata": "Q6134973", "wikipedia": null, "note": null, "operator:wikidata": "Q1325591", "voltage": null, "ref": null, "frequency": null, "location": null, "operator:wikipedia": "en:New York City Transit Authority", "landuse": null, "building:colour": null, "addr:housenumber": "212", "addr:postcode": "11201", "addr:street": "Jay Street", "building": "service", "height": "11.7", "nycdcp:uid": null, "nycdoitt:bin": "3000174", "alt_name": null, "heritage": null, "heritage:operator": null, "historic": null, "ref:nrhp": null, "NY_mta:propcode": "xbl30520", "addr:city": null, "exit": null, "building:material": null, "roof:material": null, "roof:shape": null, "disused": null, "destination": null, "building:facade:colour": null, "roof:colour": null, "building:part": null, "website": null, "voltage:primary": null, "voltage:secondary": null, "description": null, "abandoned": null, "protection_title": null, "source:1": null, "source_ref:1": null, "start_date": null }, "geometry": { "type": "Polygon", "coordinates": [ [ [ -73.9871453, 40.698035 ], [ -73.9874378, 40.6980466 ], [ -73.9874285, 40.6981812 ], [ -73.987136, 40.6981696 ], [ -73.9871363, 40.6981658 ], [ -73.9871453, 40.698035 ] ] ] } },
{ "type": "Feature", "properties": { "element": "way", "id": 250386730, "addr:state": null, "ele": null, "gnis:feature_id": null, "name": "Water Street Substation", "power": "substation", "source": null, "barrier": null, "check_date": null, "fixme": null, "operator": "Consolidated Edison", "substation": "distribution", "wikidata": null, "wikipedia": null, "note": null, "operator:wikidata": "Q1127536", "voltage": "138000;27000", "ref": null, "frequency": "60", "location": "indoor", "operator:wikipedia": "en:Consolidated Edison", "landuse": null, "building:colour": null, "addr:housenumber": "290", "addr:postcode": "11201", "addr:street": "Plymouth Street", "building": "yes", "height": "8.7", "nycdcp:uid": null, "nycdoitt:bin": "3333429", "alt_name": null, "heritage": null, "heritage:operator": null, "historic": null, "ref:nrhp": null, "NY_mta:propcode": null, "addr:city": null, "exit": null, "building:material": null, "roof:material": null, "roof:shape": null, "disused": null, "destination": null, "building:facade:colour": null, "roof:colour": null, "building:part": null, "website": null, "voltage:primary": null, "voltage:secondary": null, "description": null, "abandoned": null, "protection_title": null, "source:1": null, "source_ref:1": null, "start_date": null }, "geometry": { "type": "Polygon", "coordinates": [ [ [ -73.9821759, 40.7032831 ], [ -73.9822264, 40.7032848 ], [ -73.9822245, 40.7033179 ], [ -73.9822181, 40.7034276 ], [ -73.9822148, 40.7034275 ], [ -73.9822077, 40.70355 ], [ -73.9814818, 40.7035263 ], [ -73.9814975, 40.7032561 ], [ -73.9818844, 40.7032691 ], [ -73.9818922, 40.703134 ], [ -73.9821839, 40.7031438 ], [ -73.9821759, 40.7032831 ] ] ] } },
{ "type": "Feature", "properties": { "element": "way", "id": 250386956, "addr:state": null, "ele": null, "gnis:feature_id": null, "name": "York Street Substation", "power": "substation", "source": null, "barrier": null, "check_date": null, "fixme": null, "operator": "New York City Transit Authority", "substation": "traction", "wikidata": null, "wikipedia": null, "note": null, "operator:wikidata": "Q1325591", "voltage": null, "ref": null, "frequency": null, "location": null, "operator:wikipedia": "en:New York City Transit Authority", "landuse": null, "building:colour": null, "addr:housenumber": "95", "addr:postcode": "11201", "addr:street": "York Street", "building": "service", "height": "8.2", "nycdcp:uid": null, "nycdoitt:bin": "3395562", "alt_name": null, "heritage": null, "heritage:operator": null, "historic": null, "ref:nrhp": null, "NY_mta:propcode": null, "addr:city": null, "exit": null, "building:material": null, "roof:material": null, "roof:shape": null, "disused": null, "destination": null, "building:facade:colour": null, "roof:colour": null, "building:part": null, "website": null, "voltage:primary": null, "voltage:secondary": null, "description": null, "abandoned": null, "protection_title": null, "source:1": null, "source_ref:1": null, "start_date": null }, "geometry": { "type": "Polygon", "coordinates": [ [ [ -73.9872661, 40.7016215 ], [ -73.9873401, 40.7017508 ], [ -73.987251, 40.70178 ], [ -73.9871771, 40.7016508 ], [ -73.9872653, 40.7016218 ], [ -73.9872661, 40.7016215 ] ] ] } },
{ "type": "Feature", "properties": { "element": "way", "id": 250426673, "addr:state": null, "ele": null, "gnis:feature_id": null, "name": null, "power": "substation", "source": null, "barrier": null, "check_date": null, "fixme": null, "operator": null, "substation": null, "wikidata": null, "wikipedia": null, "note": null, "operator:wikidata": null, "voltage": null, "ref": null, "frequency": null, "location": null, "operator:wikipedia": null, "landuse": null, "building:colour": null, "addr:housenumber": "1551", "addr:postcode": "11237", "addr:street": "Gates Avenue", "building": "yes", "height": "12.8", "nycdcp:uid": null, "nycdoitt:bin": "3076374", "alt_name": null, "heritage": null, "heritage:operator": null, "historic": null, "ref:nrhp": null, "NY_mta:propcode": null, "addr:city": null, "exit": null, "building:material": null, "roof:material": null, "roof:shape": null, "disused": null, "destination": null, "building:facade:colour": null, "roof:colour": null, "building:part": null, "website": null, "voltage:primary": null, "voltage:secondary": null, "description": null, "abandoned": null, "protection_title": null, "source:1": null, "source_ref:1": null, "start_date": null }, "geometry": { "type": "Polygon", "coordinates": [ [ [ -73.9121424, 40.6997297 ], [ -73.9122281, 40.6996402 ], [ -73.9124199, 40.6997467 ], [ -73.9125374, 40.699812 ], [ -73.9124518, 40.6999014 ], [ -73.9122322, 40.6997795 ], [ -73.9121424, 40.6997297 ] ] ] } },
{ "type": "Feature", "properties": { "element": "way", "id": 250474177, "addr:state": null, "ele": null, "gnis:feature_id": null, "name": "IRT Substation", "power": "substation", "source": null, "barrier": null, "check_date": null, "fixme": "Height guesstimated", "operator": "New York City Transit Authority", "substation": "traction", "wikidata": null, "wikipedia": null, "note": null, "operator:wikidata": "Q1325591", "voltage": null, "ref": null, "frequency": null, "location": null, "operator:wikipedia": "en:New York City Transit Authority", "landuse": null, "building:colour": null, "addr:housenumber": "179", "addr:postcode": "10014", "addr:street": "7th Avenue South", "building": "service", "height": "11", "nycdcp:uid": "5e0efa46049c4daaedbf4392565de1fa", "nycdoitt:bin": "1080207", "alt_name": null, "heritage": null, "heritage:operator": null, "historic": null, "ref:nrhp": null, "NY_mta:propcode": null, "addr:city": null, "exit": null, "building:material": null, "roof:material": null, "roof:shape": null, "disused": null, "destination": null, "building:facade:colour": null, "roof:colour": null, "building:part": null, "website": null, "voltage:primary": null, "voltage:secondary": null, "description": null, "abandoned": null, "protection_title": null, "source:1": null, "source_ref:1": null, "start_date": null }, "geometry": { "type": "Polygon", "coordinates": [ [ [ -74.0011601, 40.7360202 ], [ -74.0011941, 40.7360776 ], [ -74.0011453, 40.7361669 ], [ -74.0010862, 40.736187 ], [ -74.0010279, 40.7362068 ], [ -74.0009757, 40.7361186 ], [ -74.0009581, 40.7360889 ], [ -74.0011175, 40.7360347 ], [ -74.0011601, 40.7360202 ] ] ] } },
{ "type": "Feature", "properties": { "element": "way", "id": 250490727, "addr:state": null, "ele": null, "gnis:feature_id": null, "name": "Greenwich Substation", "power": "substation", "source": null, "barrier": null, "check_date": null, "fixme": null, "operator": "New York City Transit Authority", "substation": "traction", "wikidata": null, "wikipedia": null, "note": null, "operator:wikidata": "Q1325591", "voltage": null, "ref": null, "frequency": null, "location": null, "operator:wikipedia": "en:New York City Transit Authority", "landuse": null, "building:colour": null, "addr:housenumber": "253", "addr:postcode": "10011", "addr:street": "West 13th Street", "building": "service", "height": "20.7", "nycdcp:uid": "62f0f921f1b56245e85d4fb10c2b6766", "nycdoitt:bin": "1011132", "alt_name": null, "heritage": null, "heritage:operator": null, "historic": null, "ref:nrhp": null, "NY_mta:propcode": null, "addr:city": null, "exit": null, "building:material": null, "roof:material": null, "roof:shape": null, "disused": null, "destination": null, "building:facade:colour": null, "roof:colour": null, "building:part": null, "website": null, "voltage:primary": null, "voltage:secondary": null, "description": null, "abandoned": null, "protection_title": null, "source:1": null, "source_ref:1": null, "start_date": null }, "geometry": { "type": "Polygon", "coordinates": [ [ [ -74.0022616, 40.7388396 ], [ -74.0023538, 40.738878 ], [ -74.0023908, 40.7389419 ], [ -74.0023737, 40.7389657 ], [ -74.002239, 40.7391531 ], [ -74.002083, 40.7390882 ], [ -74.0020939, 40.739073 ], [ -74.0022616, 40.7388396 ] ] ] } },
{ "type": "Feature", "properties": { "element": "way", "id": 251879805, "addr:state": null, "ele": null, "gnis:feature_id": null, "name": null, "power": "substation", "source": null, "barrier": null, "check_date": null, "fixme": null, "operator": "Consolidated Edison", "substation": "transmission", "wikidata": null, "wikipedia": null, "note": null, "operator:wikidata": "Q1127536", "voltage": "69000", "ref": null, "frequency": "60", "location": "outdoor", "operator:wikipedia": "en:Consolidated Edison", "landuse": null, "building:colour": null, "addr:housenumber": null, "addr:postcode": null, "addr:street": null, "building": null, "height": null, "nycdcp:uid": null, "nycdoitt:bin": null, "alt_name": null, "heritage": null, "heritage:operator": null, "historic": null, "ref:nrhp": null, "NY_mta:propcode": null, "addr:city": null, "exit": null, "building:material": null, "roof:material": null, "roof:shape": null, "disused": null, "destination": null, "building:facade:colour": null, "roof:colour": null, "building:part": null, "website": null, "voltage:primary": null, "voltage:secondary": null, "description": null, "abandoned": null, "protection_title": null, "source:1": null, "source_ref:1": null, "start_date": null }, "geometry": { "type": "Polygon", "coordinates": [ [ [ -73.9756198, 40.7282319 ], [ -73.9721389, 40.7267964 ], [ -73.9723985, 40.726422 ], [ -73.9725548, 40.7264876 ], [ -73.9724608, 40.7266164 ], [ -73.9726055, 40.7266771 ], [ -73.9726603, 40.7266021 ], [ -73.9730375, 40.7267602 ], [ -73.9731298, 40.7266337 ], [ -73.9735167, 40.7267958 ], [ -73.9734786, 40.726848 ], [ -73.973821, 40.7269915 ], [ -73.9738934, 40.7268788 ], [ -73.9759712, 40.7277576 ], [ -73.9756198, 40.7282319 ] ] ] } },
{ "type": "Feature", "properties": { "element": "way", "id": 264635236, "addr:state": null, "ele": null, "gnis:feature_id": null, "name": "IRT Substation #41", "power": "substation", "source": null, "barrier": null, "check_date": null, "fixme": null, "operator": "New York City Transit Authority", "substation": "traction", "wikidata": null, "wikipedia": null, "note": null, "operator:wikidata": "Q1325591", "voltage": null, "ref": null, "frequency": null, "location": null, "operator:wikipedia": "en:New York City Transit Authority", "landuse": null, "building:colour": null, "addr:housenumber": "150", "addr:postcode": "10011", "addr:street": "West 16th Street", "building": "service", "height": "18.0", "nycdcp:uid": "8826ae031713a3f025d3226f2ee36fb4", "nycdoitt:bin": "1080573", "alt_name": null, "heritage": null, "heritage:operator": null, "historic": null, "ref:nrhp": null, "NY_mta:propcode": null, "addr:city": null, "exit": null, "building:material": null, "roof:material": null, "roof:shape": null, "disused": null, "destination": null, "building:facade:colour": null, "roof:colour": null, "building:part": null, "website": null, "voltage:primary": null, "voltage:secondary": null, "description": null, "abandoned": null, "protection_title": null, "source:1": null, "source_ref:1": null, "start_date": null }, "geometry": { "type": "Polygon", "coordinates": [ [ [ -73.9981258, 40.7392167 ], [ -73.9983157, 40.7392966 ], [ -73.9982292, 40.7394157 ], [ -73.998137, 40.7395426 ], [ -73.9979469, 40.7394626 ], [ -73.9979509, 40.739457 ], [ -73.9980425, 40.7393311 ], [ -73.9981258, 40.7392167 ] ] ] } },
{ "type": "Feature", "properties": { "element": "way", "id": 264644824, "addr:state": null, "ele": null, "gnis:feature_id": null, "name": "West 19th Street", "power": "substation", "source": null, "barrier": null, "check_date": null, "fixme": null, "operator": "Consolidated Edison", "substation": "distribution", "wikidata": null, "wikipedia": null, "note": null, "operator:wikidata": "Q1127536", "voltage": "69000;13200", "ref": null, "frequency": "60", "location": "indoor", "operator:wikipedia": "en:Consolidated Edison", "landuse": null, "building:colour": null, "addr:housenumber": null, "addr:postcode": null, "addr:street": null, "building": "yes", "height": "8.2", "nycdcp:uid": null, "nycdoitt:bin": "1014710", "alt_name": null, "heritage": null, "heritage:operator": null, "historic": null, "ref:nrhp": null, "NY_mta:propcode": null, "addr:city": null, "exit": null, "building:material": null, "roof:material": null, "roof:shape": null, "disused": null, "destination": null, "building:facade:colour": null, "roof:colour": null, "building:part": null, "website": null, "voltage:primary": null, "voltage:secondary": null, "description": null, "abandoned": null, "protection_title": null, "source:1": null, "source_ref:1": null, "start_date": null }, "geometry": { "type": "Polygon", "coordinates": [ [ [ -73.9970034, 40.7412402 ], [ -73.9970905, 40.7411206 ], [ -73.9973751, 40.7412405 ], [ -73.997538, 40.7410169 ], [ -73.9976436, 40.7410614 ], [ -73.9973247, 40.7414992 ], [ -73.9972722, 40.7414771 ], [ -73.9973411, 40.7413825 ], [ -73.9970034, 40.7412402 ] ] ] } },
{ "type": "Feature", "properties": { "element": "way", "id": 265040100, "addr:state": null, "ele": null, "gnis:feature_id": null, "name": null, "power": "substation", "source": null, "barrier": null, "check_date": null, "fixme": null, "operator": "Consolidated Edison", "substation": null, "wikidata": null, "wikipedia": null, "note": null, "operator:wikidata": "Q1127536", "voltage": null, "ref": null, "frequency": null, "location": null, "operator:wikipedia": null, "landuse": null, "building:colour": null, "addr:housenumber": null, "addr:postcode": null, "addr:street": null, "building": "yes", "height": "7.1", "nycdcp:uid": null, "nycdoitt:bin": "1018205", "alt_name": null, "heritage": null, "heritage:operator": null, "historic": null, "ref:nrhp": null, "NY_mta:propcode": null, "addr:city": null, "exit": null, "building:material": null, "roof:material": null, "roof:shape": null, "disused": null, "destination": null, "building:facade:colour": null, "roof:colour": null, "building:part": null, "website": null, "voltage:primary": null, "voltage:secondary": null, "description": null, "abandoned": null, "protection_title": null, "source:1": null, "source_ref:1": null, "start_date": null }, "geometry": { "type": "Polygon", "coordinates": [ [ [ -73.9827739, 40.7434865 ], [ -73.9827841, 40.7434726 ], [ -73.9828858, 40.7433339 ], [ -73.9831186, 40.7430167 ], [ -73.9835386, 40.743195 ], [ -73.9833798, 40.7434114 ], [ -73.9833674, 40.7434282 ], [ -73.9832754, 40.7433891 ], [ -73.9832082, 40.7434806 ], [ -73.9831018, 40.7436257 ], [ -73.9829468, 40.7435599 ], [ -73.9827739, 40.7434865 ] ] ] } },
{ "type": "Feature", "properties": { "element": "way", "id": 265159390, "addr:state": null, "ele": null, "gnis:feature_id": null, "name": "Newtown Substation", "power": "substation", "source": "FERC", "barrier": null, "check_date": null, "fixme": null, "operator": "Consolidated Edison", "substation": "distribution", "wikidata": null, "wikipedia": null, "note": null, "operator:wikidata": "Q1127536", "voltage": "138000;27000", "ref": null, "frequency": "60", "location": "outdoor", "operator:wikipedia": "en:Consolidated Edison", "landuse": null, "building:colour": null, "addr:housenumber": null, "addr:postcode": null, "addr:street": null, "building": "yes", "height": "8.2", "nycdcp:uid": null, "nycdoitt:bin": "4539950", "alt_name": null, "heritage": null, "heritage:operator": null, "historic": null, "ref:nrhp": null, "NY_mta:propcode": null, "addr:city": null, "exit": null, "building:material": null, "roof:material": null, "roof:shape": null, "disused": null, "destination": null, "building:facade:colour": null, "roof:colour": null, "building:part": null, "website": null, "voltage:primary": null, "voltage:secondary": null, "description": null, "abandoned": null, "protection_title": null, "source:1": null, "source_ref:1": null, "start_date": null }, "geometry": { "type": "Polygon", "coordinates": [ [ [ -73.9312495, 40.7426683 ], [ -73.931583, 40.7427073 ], [ -73.9315507, 40.742867 ], [ -73.9315864, 40.7428712 ], [ -73.9316186, 40.7427114 ], [ -73.9319588, 40.7427512 ], [ -73.9319553, 40.7427685 ], [ -73.9319248, 40.7429194 ], [ -73.9318488, 40.7432957 ], [ -73.9311395, 40.7432128 ], [ -73.9312495, 40.7426683 ] ] ] } },
{ "type": "Feature", "properties": { "element": "way", "id": 265260927, "addr:state": null, "ele": null, "gnis:feature_id": null, "name": "Murray Hill Substation", "power": "substation", "source": null, "barrier": null, "check_date": null, "fixme": null, "operator": "Consolidated Edison", "substation": null, "wikidata": null, "wikipedia": null, "note": null, "operator:wikidata": "Q1127536", "voltage": null, "ref": null, "frequency": null, "location": null, "operator:wikipedia": "en:Consolidated Edison", "landuse": null, "building:colour": null, "addr:housenumber": "14", "addr:postcode": null, "addr:street": "West 31st Street", "building": "yes", "height": "15.7", "nycdcp:uid": null, "nycdoitt:bin": "1015780", "alt_name": null, "heritage": null, "heritage:operator": null, "historic": null, "ref:nrhp": null, "NY_mta:propcode": null, "addr:city": null, "exit": null, "building:material": null, "roof:material": null, "roof:shape": null, "disused": null, "destination": null, "building:facade:colour": null, "roof:colour": null, "building:part": null, "website": null, "voltage:primary": null, "voltage:secondary": null, "description": null, "abandoned": null, "protection_title": null, "source:1": null, "source_ref:1": null, "start_date": null }, "geometry": { "type": "Polygon", "coordinates": [ [ [ -73.987709, 40.7468343 ], [ -73.9876633, 40.7468614 ], [ -73.9875285, 40.7470496 ], [ -73.9874962, 40.7470935 ], [ -73.9874361, 40.7470683 ], [ -73.9874254, 40.7470638 ], [ -73.987355, 40.7470343 ], [ -73.9869583, 40.7468682 ], [ -73.9870477, 40.7467482 ], [ -73.9870968, 40.7466824 ], [ -73.9872292, 40.7467375 ], [ -73.9873304, 40.7465968 ], [ -73.9874226, 40.7464727 ], [ -73.987684, 40.7465823 ], [ -73.9877069, 40.7465918 ], [ -73.9877678, 40.7466172 ], [ -73.9878428, 40.7466484 ], [ -73.987796, 40.7467135 ], [ -73.9877592, 40.7467646 ], [ -73.987709, 40.7468343 ] ] ] } },
{ "type": "Feature", "properties": { "element": "way", "id": 265356034, "addr:state": null, "ele": null, "gnis:feature_id": null, "name": null, "power": "substation", "source": null, "barrier": null, "check_date": null, "fixme": null, "operator": null, "substation": null, "wikidata": null, "wikipedia": null, "note": null, "operator:wikidata": null, "voltage": null, "ref": null, "frequency": null, "location": null, "operator:wikipedia": null, "landuse": null, "building:colour": null, "addr:housenumber": null, "addr:postcode": null, "addr:street": null, "building": "yes", "height": "7.9", "nycdcp:uid": null, "nycdoitt:bin": "1089009", "alt_name": null, "heritage": null, "heritage:operator": null, "historic": null, "ref:nrhp": null, "NY_mta:propcode": null, "addr:city": null, "exit": null, "building:material": null, "roof:material": null, "roof:shape": null, "disused": null, "destination": null, "building:facade:colour": null, "roof:colour": null, "building:part": null, "website": null, "voltage:primary": null, "voltage:secondary": null, "description": null, "abandoned": null, "protection_title": null, "source:1": null, "source_ref:1": null, "start_date": null }, "geometry": { "type": "Polygon", "coordinates": [ [ [ -73.9950632, 40.765808 ], [ -73.9949355, 40.7657539 ], [ -73.9951081, 40.7655187 ], [ -73.9952344, 40.7655723 ], [ -73.9953202, 40.7654554 ], [ -73.9953607, 40.7654724 ], [ -73.9952747, 40.7655894 ], [ -73.9954585, 40.7656674 ], [ -73.9952859, 40.7659025 ], [ -73.9951035, 40.7658251 ], [ -73.9950113, 40.7659508 ], [ -73.9949708, 40.7659339 ], [ -73.9950632, 40.765808 ] ] ] } },
{ "type": "Feature", "properties": { "element": "way", "id": 265356062, "addr:state": null, "ele": null, "gnis:feature_id": null, "name": null, "power": "substation", "source": null, "barrier": null, "check_date": null, "fixme": null, "operator": null, "substation": null, "wikidata": null, "wikipedia": null, "note": null, "operator:wikidata": null, "voltage": null, "ref": null, "frequency": null, "location": null, "operator:wikipedia": null, "landuse": null, "building:colour": null, "addr:housenumber": null, "addr:postcode": null, "addr:street": null, "building": "yes", "height": "12.9", "nycdcp:uid": null, "nycdoitt:bin": "1086175", "alt_name": null, "heritage": null, "heritage:operator": null, "historic": null, "ref:nrhp": null, "NY_mta:propcode": null, "addr:city": null, "exit": null, "building:material": null, "roof:material": null, "roof:shape": null, "disused": null, "destination": null, "building:facade:colour": null, "roof:colour": null, "building:part": null, "website": null, "voltage:primary": null, "voltage:secondary": null, "description": null, "abandoned": null, "protection_title": null, "source:1": null, "source_ref:1": null, "start_date": null }, "geometry": { "type": "Polygon", "coordinates": [ [ [ -73.9955259, 40.7659705 ], [ -73.9956611, 40.7657853 ], [ -73.9963409, 40.766072 ], [ -73.9964471, 40.7659266 ], [ -73.9969249, 40.7661263 ], [ -73.9965768, 40.7666033 ], [ -73.9963289, 40.7665 ], [ -73.9964353, 40.7663541 ], [ -73.9959511, 40.7661499 ], [ -73.9955259, 40.7659705 ] ] ] } },
{ "type": "Feature", "properties": { "element": "way", "id": 265516418, "addr:state": null, "ele": null, "gnis:feature_id": null, "name": "Tuder Substation", "power": "substation", "source": null, "barrier": null, "check_date": null, "fixme": null, "operator": "New York City Transit Authority", "substation": "traction", "wikidata": null, "wikipedia": null, "note": null, "operator:wikidata": "Q1325591", "voltage": null, "ref": null, "frequency": null, "location": null, "operator:wikipedia": "en:New York City Transit Authority", "landuse": null, "building:colour": null, "addr:housenumber": "421", "addr:postcode": "10017", "addr:street": "East 42nd Street", "building": "service", "height": "4.7", "nycdcp:uid": "db2fd35b313a02a783bb7823c5c26e38", "nycdoitt:bin": "1040071", "alt_name": null, "heritage": null, "heritage:operator": null, "historic": null, "ref:nrhp": null, "NY_mta:propcode": null, "addr:city": "New York", "exit": "emergency", "building:material": null, "roof:material": null, "roof:shape": null, "disused": null, "destination": null, "building:facade:colour": null, "roof:colour": null, "building:part": null, "website": null, "voltage:primary": null, "voltage:secondary": null, "description": null, "abandoned": null, "protection_title": null, "source:1": null, "source_ref:1": null, "start_date": null }, "geometry": { "type": "Polygon", "coordinates": [ [ [ -73.9688093, 40.7485489 ], [ -73.9687318, 40.7486549 ], [ -73.9685692, 40.7485861 ], [ -73.9686468, 40.7484801 ], [ -73.9688045, 40.7485468 ], [ -73.9688093, 40.7485489 ] ] ] } },
{ "type": "Feature", "properties": { "element": "way", "id": 266155245, "addr:state": null, "ele": null, "gnis:feature_id": null, "name": "IRT Substation #13", "power": "substation", "source": null, "barrier": null, "check_date": null, "fixme": null, "operator": "New York City Transit Authority", "substation": "traction", "wikidata": null, "wikipedia": null, "note": null, "operator:wikidata": "Q1325591", "voltage": null, "ref": null, "frequency": null, "location": null, "operator:wikipedia": "en:New York City Transit Authority", "landuse": null, "building:colour": null, "addr:housenumber": "225", "addr:postcode": "10019", "addr:street": "West 53rd Street", "building": "service", "height": "18.2", "nycdcp:uid": "e42eefe696d5f59b8de13ca791516442", "nycdoitt:bin": "1024834", "alt_name": null, "heritage": null, "heritage:operator": null, "historic": null, "ref:nrhp": null, "NY_mta:propcode": null, "addr:city": null, "exit": null, "building:material": null, "roof:material": null, "roof:shape": null, "disused": null, "destination": null, "building:facade:colour": null, "roof:colour": null, "building:part": null, "website": null, "voltage:primary": null, "voltage:secondary": null, "description": null, "abandoned": null, "protection_title": null, "source:1": null, "source_ref:1": null, "start_date": null }, "geometry": { "type": "Polygon", "coordinates": [ [ [ -73.9835788, 40.7637755 ], [ -73.9837326, 40.7638404 ], [ -73.983556, 40.7640809 ], [ -73.9835288, 40.7641179 ], [ -73.9833749, 40.7640531 ], [ -73.9833936, 40.7640277 ], [ -73.9834055, 40.7640115 ], [ -73.9835788, 40.7637755 ] ] ] } },
{ "type": "Feature", "properties": { "element": "way", "id": 266170565, "addr:state": null, "ele": null, "gnis:feature_id": null, "name": "Central Substation", "power": "substation", "source": null, "barrier": null, "check_date": null, "fixme": null, "operator": "New York City Transit Authority", "substation": "traction", "wikidata": null, "wikipedia": null, "note": null, "operator:wikidata": "Q1325591", "voltage": null, "ref": null, "frequency": null, "location": null, "operator:wikipedia": "en:New York City Transit Authority", "landuse": null, "building:colour": "#675846", "addr:housenumber": "126", "addr:postcode": "10019", "addr:street": "West 53rd Street", "building": "service", "height": "27.2", "nycdcp:uid": "941d3ec9cf1c8a3aa9afe59d1b4cb352", "nycdoitt:bin": "1023162", "alt_name": null, "heritage": null, "heritage:operator": null, "historic": null, "ref:nrhp": null, "NY_mta:propcode": null, "addr:city": null, "exit": null, "building:material": "brick", "roof:material": "concrete", "roof:shape": "flat", "disused": null, "destination": null, "building:facade:colour": null, "roof:colour": null, "building:part": null, "website": null, "voltage:primary": null, "voltage:secondary": null, "description": null, "abandoned": null, "protection_title": null, "source:1": null, "source_ref:1": null, "start_date": null }, "geometry": { "type": "Polygon", "coordinates": [ [ [ -73.9806531, 40.7619729 ], [ -73.9809388, 40.7620963 ], [ -73.9807304, 40.7623809 ], [ -73.9804432, 40.7622602 ], [ -73.9804742, 40.7622175 ], [ -73.9805255, 40.7621468 ], [ -73.9806531, 40.7619729 ] ] ] } },
{ "type": "Feature", "properties": { "element": "way", "id": 266212005, "addr:state": null, "ele": null, "gnis:feature_id": null, "name": "IRT Substation #42", "power": "substation", "source": null, "barrier": null, "check_date": null, "fixme": null, "operator": "New York City Transit Authority", "substation": "traction", "wikidata": null, "wikipedia": null, "note": null, "operator:wikidata": "Q1325591", "voltage": null, "ref": null, "frequency": null, "location": null, "operator:wikipedia": "en:New York City Transit Authority", "landuse": null, "building:colour": "#49413F", "addr:housenumber": "152", "addr:postcode": "10022", "addr:street": "East 57th Street", "building": "service", "height": "17.8", "nycdcp:uid": "7bfad51cd622c406a713e3f9d2915f52", "nycdoitt:bin": "1036883", "alt_name": null, "heritage": null, "heritage:operator": null, "historic": null, "ref:nrhp": null, "NY_mta:propcode": null, "addr:city": null, "exit": null, "building:material": "brick", "roof:material": "concrete", "roof:shape": "flat", "disused": null, "destination": null, "building:facade:colour": null, "roof:colour": null, "building:part": null, "website": null, "voltage:primary": null, "voltage:secondary": null, "description": null, "abandoned": null, "protection_title": null, "source:1": null, "source_ref:1": null, "start_date": null }, "geometry": { "type": "Polygon", "coordinates": [ [ [ -73.9684462, 40.7601014 ], [ -73.9686042, 40.7601683 ], [ -73.9683949, 40.7604544 ], [ -73.9682369, 40.7603876 ], [ -73.9682559, 40.7603615 ], [ -73.9682993, 40.7603021 ], [ -73.9683762, 40.7601971 ], [ -73.9684462, 40.7601014 ] ] ] } },
{ "type": "Feature", "properties": { "element": "way", "id": 266924622, "addr:state": null, "ele": null, "gnis:feature_id": null, "name": "IRT Substation #7", "power": "substation", "source": null, "barrier": null, "check_date": null, "fixme": null, "operator": "New York City Transit Authority", "substation": "traction", "wikidata": "Q16900829", "wikipedia": "en:Substation 7", "note": null, "operator:wikidata": "Q1325591", "voltage": null, "ref": null, "frequency": null, "location": null, "operator:wikipedia": "en:New York City Transit Authority", "landuse": null, "building:colour": null, "addr:housenumber": "1782", "addr:postcode": "10029", "addr:street": "3rd Avenue", "building": "service", "height": "17.6", "nycdcp:uid": "99bd73bdff0d1f3058a14c8a1559baa4", "nycdoitt:bin": "1051753", "alt_name": null, "heritage": null, "heritage:operator": null, "historic": null, "ref:nrhp": null, "NY_mta:propcode": null, "addr:city": null, "exit": null, "building:material": null, "roof:material": null, "roof:shape": null, "disused": "yes", "destination": null, "building:facade:colour": null, "roof:colour": null, "building:part": null, "website": null, "voltage:primary": null, "voltage:secondary": null, "description": null, "abandoned": null, "protection_title": null, "source:1": null, "source_ref:1": null, "start_date": null }, "geometry": { "type": "Polygon", "coordinates": [ [ [ -73.9482143, 40.7869998 ], [ -73.9486305, 40.787173 ], [ -73.9485441, 40.7872929 ], [ -73.9481279, 40.7871197 ], [ -73.9481873, 40.7870373 ], [ -73.9482143, 40.7869998 ] ] ] } },
{ "type": "Feature", "properties": { "element": "way", "id": 269233313, "addr:state": "NY", "ele": null, "gnis:feature_id": null, "name": "West 65th Street Substation", "power": "substation", "source": null, "barrier": null, "check_date": null, "fixme": null, "operator": "Consolidated Edison", "substation": "minor_distribution", "wikidata": null, "wikipedia": null, "note": null, "operator:wikidata": "Q1127536", "voltage": "138000;13200", "ref": null, "frequency": "50", "location": null, "operator:wikipedia": "en:Consolidated Edison", "landuse": null, "building:colour": null, "addr:housenumber": "128", "addr:postcode": "10023", "addr:street": "West End Avenue", "building": "yes", "height": "24.7", "nycdcp:uid": null, "nycdoitt:bin": "1030342", "alt_name": null, "heritage": null, "heritage:operator": null, "historic": null, "ref:nrhp": null, "NY_mta:propcode": null, "addr:city": "New York", "exit": null, "building:material": null, "roof:material": null, "roof:shape": null, "disused": null, "destination": null, "building:facade:colour": null, "roof:colour": null, "building:part": null, "website": null, "voltage:primary": null, "voltage:secondary": null, "description": null, "abandoned": null, "protection_title": null, "source:1": null, "source_ref:1": null, "start_date": null }, "geometry": { "type": "Polygon", "coordinates": [ [ [ -73.9866113, 40.7753622 ], [ -73.986585, 40.7753978 ], [ -73.986559, 40.7753868 ], [ -73.9866015, 40.7753292 ], [ -73.9866551, 40.7753521 ], [ -73.9867711, 40.7751947 ], [ -73.9874315, 40.775476 ], [ -73.9872249, 40.7757563 ], [ -73.9865643, 40.7754749 ], [ -73.9866388, 40.7753739 ], [ -73.9866113, 40.7753622 ] ] ] } },
{ "type": "Feature", "properties": { "element": "way", "id": 271199175, "addr:state": null, "ele": null, "gnis:feature_id": null, "name": "West 110th Street Substation", "power": "substation", "source": null, "barrier": null, "check_date": null, "fixme": null, "operator": "Consolidated Edison", "substation": "distribution", "wikidata": null, "wikipedia": null, "note": null, "operator:wikidata": "Q1127536", "voltage": null, "ref": null, "frequency": null, "location": null, "operator:wikipedia": "en:Consolidated Edison", "landuse": null, "building:colour": null, "addr:housenumber": "1001", "addr:postcode": "10025", "addr:street": "Amsterdam Avenue", "building": "yes", "height": "18.3", "nycdcp:uid": null, "nycdoitt:bin": "1087871", "alt_name": null, "heritage": null, "heritage:operator": null, "historic": null, "ref:nrhp": null, "NY_mta:propcode": null, "addr:city": null, "exit": null, "building:material": null, "roof:material": null, "roof:shape": null, "disused": null, "destination": null, "building:facade:colour": null, "roof:colour": null, "building:part": null, "website": null, "voltage:primary": null, "voltage:secondary": null, "description": null, "abandoned": null, "protection_title": null, "source:1": null, "source_ref:1": null, "start_date": null }, "geometry": { "type": "Polygon", "coordinates": [ [ [ -73.9632994, 40.8021409 ], [ -73.9637189, 40.802319 ], [ -73.9637744, 40.8022435 ], [ -73.9640901, 40.8023776 ], [ -73.9637878, 40.8027887 ], [ -73.9634735, 40.8026553 ], [ -73.9635256, 40.8025845 ], [ -73.9631046, 40.8024058 ], [ -73.9632994, 40.8021409 ] ] ] } },
{ "type": "Feature", "properties": { "element": "way", "id": 271609420, "addr:state": null, "ele": null, "gnis:feature_id": null, "name": "Parkview Substation", "power": "substation", "source": null, "barrier": null, "check_date": null, "fixme": null, "operator": "Consolidated Edison", "substation": "distribution", "wikidata": null, "wikipedia": null, "note": null, "operator:wikidata": "Q1127536", "voltage": "138000;13200", "ref": null, "frequency": "60", "location": "outdoor", "operator:wikipedia": "en:Consolidated Edison", "landuse": null, "building:colour": null, "addr:housenumber": "1901", "addr:postcode": "10035", "addr:street": "Park Avenue Northbound Roadbed", "building": "yes", "height": "14.5", "nycdcp:uid": null, "nycdoitt:bin": "1054509", "alt_name": null, "heritage": null, "heritage:operator": null, "historic": null, "ref:nrhp": null, "NY_mta:propcode": null, "addr:city": null, "exit": null, "building:material": null, "roof:material": null, "roof:shape": null, "disused": null, "destination": null, "building:facade:colour": null, "roof:colour": null, "building:part": null, "website": null, "voltage:primary": null, "voltage:secondary": null, "description": null, "abandoned": null, "protection_title": null, "source:1": null, "source_ref:1": null, "start_date": null }, "geometry": { "type": "Polygon", "coordinates": [ [ [ -73.9365556, 40.8074422 ], [ -73.9368945, 40.8075838 ], [ -73.9365571, 40.80805 ], [ -73.9362182, 40.8079084 ], [ -73.9364465, 40.807593 ], [ -73.9365556, 40.8074422 ] ] ] } },
{ "type": "Feature", "properties": { "element": "way", "id": 271824540, "addr:state": null, "ele": null, "gnis:feature_id": null, "name": "Substation 219", "power": "substation", "source": null, "barrier": null, "check_date": null, "fixme": null, "operator": "New York City Transit Authority", "substation": "traction", "wikidata": "Q7632100", "wikipedia": "en:Substation 219", "note": null, "operator:wikidata": null, "voltage": null, "ref": null, "frequency": null, "location": null, "operator:wikipedia": null, "landuse": null, "building:colour": null, "addr:housenumber": "311", "addr:postcode": "10030", "addr:street": "West 133rd Street", "building": "service", "height": "16.5", "nycdcp:uid": null, "nycdoitt:bin": "1059447", "alt_name": "Harlem Substation", "heritage": null, "heritage:operator": null, "historic": null, "ref:nrhp": null, "NY_mta:propcode": null, "addr:city": null, "exit": null, "building:material": null, "roof:material": null, "roof:shape": null, "disused": null, "destination": null, "building:facade:colour": null, "roof:colour": null, "building:part": null, "website": null, "voltage:primary": null, "voltage:secondary": null, "description": null, "abandoned": null, "protection_title": null, "source:1": null, "source_ref:1": null, "start_date": null }, "geometry": { "type": "Polygon", "coordinates": [ [ [ -73.9480725, 40.8155481 ], [ -73.9482266, 40.8156119 ], [ -73.9480535, 40.8158534 ], [ -73.9478993, 40.8157897 ], [ -73.9480711, 40.81555 ], [ -73.9480725, 40.8155481 ] ] ] } },
{ "type": "Feature", "properties": { "element": "way", "id": 274996706, "addr:state": null, "ele": null, "gnis:feature_id": null, "name": "Building 6", "power": "substation", "source": null, "barrier": null, "check_date": null, "fixme": null, "operator": null, "substation": null, "wikidata": null, "wikipedia": null, "note": null, "operator:wikidata": null, "voltage": null, "ref": null, "frequency": null, "location": null, "operator:wikipedia": null, "landuse": null, "building:colour": null, "addr:housenumber": "2981A", "addr:postcode": "10039", "addr:street": "Frederick Douglass Boulevard", "building": null, "height": "4.2", "nycdcp:uid": null, "nycdoitt:bin": "1087107", "alt_name": null, "heritage": null, "heritage:operator": null, "historic": null, "ref:nrhp": null, "NY_mta:propcode": null, "addr:city": null, "exit": null, "building:material": null, "roof:material": null, "roof:shape": null, "disused": null, "destination": "Harlem River Drive South;RFK Bridge;FDR Drive", "building:facade:colour": null, "roof:colour": null, "building:part": null, "website": null, "voltage:primary": null, "voltage:secondary": null, "description": null, "abandoned": null, "protection_title": null, "source:1": null, "source_ref:1": null, "start_date": null }, "geometry": { "type": "Polygon", "coordinates": [ [ [ -73.9365708, 40.8304769 ], [ -73.9367797, 40.8305639 ], [ -73.936643, 40.8307533 ], [ -73.9364341, 40.8306663 ], [ -73.9365708, 40.8304769 ] ] ] } },
{ "type": "Feature", "properties": { "element": "way", "id": 275054105, "addr:state": null, "ele": null, "gnis:feature_id": null, "name": "Washington Heights Substation", "power": "substation", "source": null, "barrier": null, "check_date": null, "fixme": null, "operator": "New York City Transit Authority", "substation": "traction", "wikidata": null, "wikipedia": null, "note": null, "operator:wikidata": "Q1325591", "voltage": null, "ref": null, "frequency": null, "location": null, "operator:wikipedia": "en:New York City Transit Authority", "landuse": null, "building:colour": null, "addr:housenumber": "564", "addr:postcode": "10032", "addr:street": "West 170th Street", "building": "service", "height": "18.4", "nycdcp:uid": "f332b3d848f63c34cada3a629b6fff82", "nycdoitt:bin": "1063015", "alt_name": null, "heritage": null, "heritage:operator": null, "historic": null, "ref:nrhp": null, "NY_mta:propcode": null, "addr:city": null, "exit": null, "building:material": null, "roof:material": null, "roof:shape": null, "disused": null, "destination": null, "building:facade:colour": null, "roof:colour": null, "building:part": null, "website": null, "voltage:primary": null, "voltage:secondary": null, "description": null, "abandoned": null, "protection_title": null, "source:1": null, "source_ref:1": null, "start_date": null }, "geometry": { "type": "Polygon", "coordinates": [ [ [ -73.9384905, 40.8416758 ], [ -73.938647, 40.8417423 ], [ -73.93848, 40.8419689 ], [ -73.9383242, 40.8419027 ], [ -73.9383661, 40.8418453 ], [ -73.9384905, 40.8416758 ] ] ] } },
{ "type": "Feature", "properties": { "element": "way", "id": 275081116, "addr:state": null, "ele": null, "gnis:feature_id": null, "name": "West 143rd Street Substation", "power": "substation", "source": null, "barrier": null, "check_date": null, "fixme": null, "operator": "New York City Transit Authority", "substation": "traction", "wikidata": null, "wikipedia": null, "note": null, "operator:wikidata": "Q1325591", "voltage": null, "ref": null, "frequency": null, "location": null, "operator:wikipedia": "en:New York City Transit Authority", "landuse": null, "building:colour": null, "addr:housenumber": "606", "addr:postcode": "10031", "addr:street": "West 143rd Street", "building": "service", "height": "20.8", "nycdcp:uid": "83b110cfd367ed5e9f5f3e7aada81f4c", "nycdoitt:bin": "1062348", "alt_name": null, "heritage": null, "heritage:operator": null, "historic": null, "ref:nrhp": null, "NY_mta:propcode": null, "addr:city": null, "exit": null, "building:material": null, "roof:material": null, "roof:shape": null, "disused": null, "destination": null, "building:facade:colour": null, "roof:colour": null, "building:part": null, "website": null, "voltage:primary": null, "voltage:secondary": null, "description": null, "abandoned": null, "protection_title": null, "source:1": null, "source_ref:1": null, "start_date": null }, "geometry": { "type": "Polygon", "coordinates": [ [ [ -73.9522396, 40.8253985 ], [ -73.9520834, 40.8253339 ], [ -73.9522577, 40.825091 ], [ -73.9524139, 40.8251557 ], [ -73.9523893, 40.82519 ], [ -73.9523459, 40.8252505 ], [ -73.9522905, 40.8253276 ], [ -73.9522396, 40.8253985 ] ] ] } },
{ "type": "Feature", "properties": { "element": "way", "id": 275111569, "addr:state": null, "ele": null, "gnis:feature_id": null, "name": "Substation 17", "power": "substation", "source": null, "barrier": null, "check_date": null, "fixme": null, "operator": "New York City Transit Authority", "substation": "traction", "wikidata": "Q7632097", "wikipedia": "en:Dyckman-Hillside Substation", "note": null, "operator:wikidata": "Q1325591", "voltage": null, "ref": null, "frequency": null, "location": null, "operator:wikipedia": null, "landuse": null, "building:colour": null, "addr:housenumber": "129", "addr:postcode": "10040", "addr:street": "Hillside Avenue", "building": "service", "height": "17.7", "nycdcp:uid": null, "nycdoitt:bin": "1064070", "alt_name": "Dyckman-Hillside Substation", "heritage": null, "heritage:operator": null, "historic": null, "ref:nrhp": null, "NY_mta:propcode": null, "addr:city": null, "exit": null, "building:material": null, "roof:material": null, "roof:shape": null, "disused": null, "destination": null, "building:facade:colour": null, "roof:colour": null, "building:part": null, "website": null, "voltage:primary": null, "voltage:secondary": null, "description": null, "abandoned": null, "protection_title": null, "source:1": null, "source_ref:1": null, "start_date": null }, "geometry": { "type": "Polygon", "coordinates": [ [ [ -73.9263341, 40.8598991 ], [ -73.9264533, 40.860028 ], [ -73.9261529, 40.860188 ], [ -73.9260338, 40.8600591 ], [ -73.9262343, 40.8599523 ], [ -73.9263341, 40.8598991 ] ] ] } },
{ "type": "Feature", "properties": { "element": "way", "id": 275123507, "addr:state": null, "ele": null, "gnis:feature_id": null, "name": "207th Street Yard Substation", "power": "substation", "source": null, "barrier": null, "check_date": null, "fixme": null, "operator": "New York City Transit Authority", "substation": "traction", "wikidata": null, "wikipedia": null, "note": null, "operator:wikidata": "Q1325591", "voltage": null, "ref": null, "frequency": null, "location": null, "operator:wikipedia": "en:New York City Transit Authority", "landuse": null, "building:colour": null, "addr:housenumber": "3915", "addr:postcode": "10034", "addr:street": "10th Avenue", "building": "service", "height": "18.0", "nycdcp:uid": "92d0070e9d7e3d95d9ec92fca2842df9", "nycdoitt:bin": "1084808", "alt_name": null, "heritage": null, "heritage:operator": null, "historic": null, "ref:nrhp": null, "NY_mta:propcode": null, "addr:city": null, "exit": null, "building:material": null, "roof:material": null, "roof:shape": null, "disused": null, "destination": null, "building:facade:colour": null, "roof:colour": null, "building:part": null, "website": null, "voltage:primary": null, "voltage:secondary": null, "description": null, "abandoned": null, "protection_title": null, "source:1": null, "source_ref:1": null, "start_date": null }, "geometry": { "type": "Polygon", "coordinates": [ [ [ -73.9176323, 40.8656739 ], [ -73.9177881, 40.8657395 ], [ -73.917519, 40.8661076 ], [ -73.9173632, 40.866042 ], [ -73.9175849, 40.8657388 ], [ -73.9176323, 40.8656739 ] ] ] } },
{ "type": "Feature", "properties": { "element": "way", "id": 275265379, "addr:state": null, "ele": null, "gnis:feature_id": null, "name": "IRT Substation #43", "power": "substation", "source": null, "barrier": null, "check_date": null, "fixme": null, "operator": "New York City Transit Authority", "substation": "traction", "wikidata": null, "wikipedia": null, "note": null, "operator:wikidata": "Q1325591", "voltage": null, "ref": null, "frequency": null, "location": null, "operator:wikipedia": "en:New York City Transit Authority", "landuse": null, "building:colour": null, "addr:housenumber": "351", "addr:postcode": "10454", "addr:street": "East 139th Street", "building": "service", "height": "13.5", "nycdcp:uid": "2ded2ddb47460ea2030a824766daaff5", "nycdoitt:bin": "2000627", "alt_name": null, "heritage": null, "heritage:operator": null, "historic": null, "ref:nrhp": null, "NY_mta:propcode": null, "addr:city": null, "exit": null, "building:material": null, "roof:material": null, "roof:shape": null, "disused": null, "destination": null, "building:facade:colour": null, "roof:colour": null, "building:part": null, "website": null, "voltage:primary": null, "voltage:secondary": null, "description": null, "abandoned": null, "protection_title": null, "source:1": null, "source_ref:1": null, "start_date": null }, "geometry": { "type": "Polygon", "coordinates": [ [ [ -73.9232252, 40.8105296 ], [ -73.9233931, 40.8102943 ], [ -73.9236029, 40.8103807 ], [ -73.9235921, 40.8103959 ], [ -73.9235064, 40.810516 ], [ -73.923435, 40.810616 ], [ -73.9232299, 40.8105316 ], [ -73.9232252, 40.8105296 ] ] ] } },
{ "type": "Feature", "properties": { "element": "way", "id": 275282973, "addr:state": null, "ele": null, "gnis:feature_id": null, "name": "Mott Haven Substation", "power": "substation", "source": null, "barrier": null, "check_date": null, "fixme": null, "operator": "Consolidated Edison", "substation": "distribution", "wikidata": null, "wikipedia": null, "note": null, "operator:wikidata": "Q1127536", "voltage": "345000;138000;13200", "ref": null, "frequency": "60", "location": "indoor", "operator:wikipedia": null, "landuse": null, "building:colour": null, "addr:housenumber": "415", "addr:postcode": "10454", "addr:street": "Bruckner Boulevard", "building": "yes", "height": "16.9", "nycdcp:uid": null, "nycdoitt:bin": "2097196", "alt_name": null, "heritage": null, "heritage:operator": null, "historic": null, "ref:nrhp": null, "NY_mta:propcode": null, "addr:city": null, "exit": null, "building:material": null, "roof:material": null, "roof:shape": null, "disused": null, "destination": null, "building:facade:colour": null, "roof:colour": null, "building:part": null, "website": null, "voltage:primary": null, "voltage:secondary": null, "description": null, "abandoned": null, "protection_title": null, "source:1": null, "source_ref:1": null, "start_date": null }, "geometry": { "type": "Polygon", "coordinates": [ [ [ -73.9061065, 40.8079077 ], [ -73.9060821, 40.8078865 ], [ -73.9064657, 40.8076329 ], [ -73.9064896, 40.807652 ], [ -73.9071585, 40.8072099 ], [ -73.90763, 40.8076218 ], [ -73.907028, 40.8080185 ], [ -73.9067695, 40.8077875 ], [ -73.9063957, 40.808029 ], [ -73.906415, 40.8080462 ], [ -73.9057566, 40.8084716 ], [ -73.9055984, 40.8083302 ], [ -73.9055754, 40.8083454 ], [ -73.9054993, 40.8082812 ], [ -73.9055413, 40.8082552 ], [ -73.905587, 40.8082269 ], [ -73.9056027, 40.8082407 ], [ -73.9061065, 40.8079077 ] ] ] } },
{ "type": "Feature", "properties": { "element": "way", "id": 275355498, "addr:state": null, "ele": null, "gnis:feature_id": null, "name": "IRT Substation #44", "power": "substation", "source": null, "barrier": null, "check_date": null, "fixme": null, "operator": "New York City Transit Authority", "substation": "traction", "wikidata": null, "wikipedia": null, "note": null, "operator:wikidata": "Q1325591", "voltage": null, "ref": null, "frequency": null, "location": null, "operator:wikipedia": null, "landuse": null, "building:colour": null, "addr:housenumber": null, "addr:postcode": null, "addr:street": null, "building": "service", "height": "13.1", "nycdcp:uid": null, "nycdoitt:bin": "2003020", "alt_name": null, "heritage": null, "heritage:operator": null, "historic": null, "ref:nrhp": null, "NY_mta:propcode": "tje35301", "addr:city": null, "exit": null, "building:material": null, "roof:material": null, "roof:shape": null, "disused": null, "destination": null, "building:facade:colour": null, "roof:colour": null, "building:part": null, "website": null, "voltage:primary": null, "voltage:secondary": null, "description": null, "abandoned": null, "protection_title": null, "source:1": null, "source_ref:1": null, "start_date": null }, "geometry": { "type": "Polygon", "coordinates": [ [ [ -73.9248642, 40.8301424 ], [ -73.9251921, 40.8302494 ], [ -73.9250912, 40.8304279 ], [ -73.9247633, 40.830321 ], [ -73.9248565, 40.830156 ], [ -73.9248642, 40.8301424 ] ] ] } },
{ "type": "Feature", "properties": { "element": "way", "id": 275989355, "addr:state": null, "ele": null, "gnis:feature_id": null, "name": "IRT Substation #18", "power": "substation", "source": null, "barrier": null, "check_date": null, "fixme": null, "operator": "New York City Transit Authority", "substation": "traction", "wikidata": "Q2612718", "wikipedia": null, "note": null, "operator:wikidata": null, "voltage": null, "ref": null, "frequency": null, "location": null, "operator:wikipedia": null, "landuse": null, "building:colour": null, "addr:housenumber": "1043", "addr:postcode": "10459", "addr:street": "Simpson Street", "building": "service", "height": "16.9", "nycdcp:uid": null, "nycdoitt:bin": "2005797", "alt_name": "Westchester-Simpson Street Substation", "heritage": null, "heritage:operator": null, "historic": null, "ref:nrhp": null, "NY_mta:propcode": null, "addr:city": null, "exit": null, "building:material": null, "roof:material": null, "roof:shape": null, "disused": null, "destination": null, "building:facade:colour": null, "roof:colour": null, "building:part": null, "website": null, "voltage:primary": null, "voltage:secondary": null, "description": null, "abandoned": null, "protection_title": null, "source:1": null, "source_ref:1": null, "start_date": null }, "geometry": { "type": "Polygon", "coordinates": [ [ [ -73.8934206, 40.8244064 ], [ -73.8934186, 40.8245427 ], [ -73.8930578, 40.8245397 ], [ -73.8930598, 40.8244035 ], [ -73.8931281, 40.824404 ], [ -73.8934206, 40.8244064 ] ] ] } },
{ "type": "Feature", "properties": { "element": "way", "id": 276057439, "addr:state": null, "ele": null, "gnis:feature_id": null, "name": "East 179th Street Substation", "power": "substation", "source": null, "barrier": null, "check_date": null, "fixme": null, "operator": "Consolidated Edison", "substation": "distribution", "wikidata": null, "wikipedia": null, "note": null, "operator:wikidata": "Q1127536", "voltage": "138000;13200", "ref": null, "frequency": "60", "location": "indoor", "operator:wikipedia": "en:Consolidated Edison", "landuse": null, "building:colour": null, "addr:housenumber": null, "addr:postcode": null, "addr:street": null, "building": "yes", "height": "7.5", "nycdcp:uid": null, "nycdoitt:bin": "2000000", "alt_name": null, "heritage": null, "heritage:operator": null, "historic": null, "ref:nrhp": null, "NY_mta:propcode": null, "addr:city": null, "exit": null, "building:material": null, "roof:material": null, "roof:shape": null, "disused": null, "destination": null, "building:facade:colour": null, "roof:colour": null, "building:part": null, "website": null, "voltage:primary": null, "voltage:secondary": null, "description": null, "abandoned": null, "protection_title": null, "source:1": null, "source_ref:1": null, "start_date": null }, "geometry": { "type": "Polygon", "coordinates": [ [ [ -73.8939732, 40.8490426 ], [ -73.8939599, 40.8490635 ], [ -73.8939943, 40.8490762 ], [ -73.8939949, 40.8490752 ], [ -73.8941147, 40.8491192 ], [ -73.8935247, 40.850098 ], [ -73.8933029, 40.8500165 ], [ -73.8933003, 40.8500206 ], [ -73.8932147, 40.850155 ], [ -73.8927961, 40.8499414 ], [ -73.8928566, 40.849844 ], [ -73.8925661, 40.8497412 ], [ -73.8926078, 40.8496758 ], [ -73.8925914, 40.8496697 ], [ -73.8925721, 40.8496587 ], [ -73.8931154, 40.8487581 ], [ -73.8932682, 40.8488124 ], [ -73.8932787, 40.8487948 ], [ -73.8935215, 40.8488814 ], [ -73.8939013, 40.8490169 ], [ -73.8939732, 40.8490426 ] ] ] } },
{ "type": "Feature", "properties": { "element": "way", "id": 276093066, "addr:state": null, "ele": null, "gnis:feature_id": null, "name": "Substation B7", "power": "substation", "source": null, "barrier": null, "check_date": null, "fixme": null, "operator": "Metro-North", "substation": "traction", "wikidata": null, "wikipedia": null, "note": null, "operator:wikidata": null, "voltage": null, "ref": null, "frequency": null, "location": null, "operator:wikipedia": null, "landuse": null, "building:colour": null, "addr:housenumber": "4358", "addr:postcode": "10457", "addr:street": "Park Avenue", "building": "service", "height": "6.2", "nycdcp:uid": "956cb88c433cd44addb13083f7813c07", "nycdoitt:bin": "2011276", "alt_name": null, "heritage": null, "heritage:operator": null, "historic": null, "ref:nrhp": null, "NY_mta:propcode": null, "addr:city": null, "exit": null, "building:material": null, "roof:material": null, "roof:shape": null, "disused": null, "destination": null, "building:facade:colour": null, "roof:colour": null, "building:part": null, "website": null, "voltage:primary": null, "voltage:secondary": null, "description": null, "abandoned": null, "protection_title": null, "source:1": null, "source_ref:1": null, "start_date": null }, "geometry": { "type": "Polygon", "coordinates": [ [ [ -73.896687, 40.8509546 ], [ -73.8969631, 40.8510449 ], [ -73.8968893, 40.8511751 ], [ -73.8966131, 40.8510847 ], [ -73.896687, 40.8509546 ] ] ] } },
{ "type": "Feature", "properties": { "element": "way", "id": 276298519, "addr:state": null, "ele": null, "gnis:feature_id": null, "name": "IRT Substation #45", "power": "substation", "source": null, "barrier": null, "check_date": null, "fixme": null, "operator": "New York City Transit Authority", "substation": "traction", "wikidata": null, "wikipedia": null, "note": null, "operator:wikidata": "Q1325591", "voltage": null, "ref": null, "frequency": null, "location": null, "operator:wikipedia": "en:New York City Transit Authority", "landuse": null, "building:colour": null, "addr:housenumber": "2633", "addr:postcode": "10468", "addr:street": "Jerome Avenue", "building": "service", "height": "16.4", "nycdcp:uid": "e0f4d80637bbfa28135ebc13a9518c1d", "nycdoitt:bin": "2014400", "alt_name": null, "heritage": null, "heritage:operator": null, "historic": null, "ref:nrhp": null, "NY_mta:propcode": null, "addr:city": null, "exit": null, "building:material": null, "roof:material": null, "roof:shape": null, "disused": null, "destination": null, "building:facade:colour": null, "roof:colour": null, "building:part": null, "website": null, "voltage:primary": null, "voltage:secondary": null, "description": null, "abandoned": null, "protection_title": null, "source:1": null, "source_ref:1": null, "start_date": null }, "geometry": { "type": "Polygon", "coordinates": [ [ [ -73.8981654, 40.8667667 ], [ -73.8982565, 40.8666477 ], [ -73.8985628, 40.8667827 ], [ -73.8985815, 40.8667582 ], [ -73.898632, 40.8667805 ], [ -73.8986119, 40.8668067 ], [ -73.8985942, 40.8668299 ], [ -73.8985479, 40.8668904 ], [ -73.8985274, 40.8669172 ], [ -73.8985222, 40.866924 ], [ -73.898251, 40.8668045 ], [ -73.8981654, 40.8667667 ] ] ] } },
{ "type": "Feature", "properties": { "element": "way", "id": 276366268, "addr:state": null, "ele": null, "gnis:feature_id": null, "name": "Concourse Yard Substation", "power": "substation", "source": null, "barrier": null, "check_date": null, "fixme": null, "operator": "New York City Transit Authority", "substation": "traction", "wikidata": null, "wikipedia": null, "note": null, "operator:wikidata": "Q1325591", "voltage": null, "ref": null, "frequency": null, "location": null, "operator:wikipedia": "en:New York City Transit Authority", "landuse": null, "building:colour": null, "addr:housenumber": null, "addr:postcode": null, "addr:street": null, "building": "service", "height": "8.9", "nycdcp:uid": null, "nycdoitt:bin": "2000000", "alt_name": null, "heritage": null, "heritage:operator": null, "historic": null, "ref:nrhp": null, "NY_mta:propcode": null, "addr:city": null, "exit": null, "building:material": null, "roof:material": null, "roof:shape": null, "disused": null, "destination": null, "building:facade:colour": null, "roof:colour": null, "building:part": null, "website": null, "voltage:primary": null, "voltage:secondary": null, "description": null, "abandoned": null, "protection_title": null, "source:1": null, "source_ref:1": null, "start_date": null }, "geometry": { "type": "Polygon", "coordinates": [ [ [ -73.8887775, 40.8751427 ], [ -73.8888889, 40.8751712 ], [ -73.8888095, 40.8753504 ], [ -73.8886981, 40.8753219 ], [ -73.8887262, 40.8752586 ], [ -73.8887775, 40.8751427 ] ] ] } },
{ "type": "Feature", "properties": { "element": "way", "id": 277800594, "addr:state": null, "ele": null, "gnis:feature_id": null, "name": "239th Street Substation", "power": "substation", "source": null, "barrier": null, "check_date": null, "fixme": null, "operator": "New York City Transit Authority", "substation": "traction", "wikidata": null, "wikipedia": null, "note": null, "operator:wikidata": null, "voltage": null, "ref": null, "frequency": null, "location": null, "operator:wikipedia": null, "landuse": null, "building:colour": null, "addr:housenumber": "4530", "addr:postcode": "10470", "addr:street": "White Plains Road", "building": "service", "height": "12.6", "nycdcp:uid": "911136b4e81cc541be3d210ef76980db", "nycdoitt:bin": "2071131", "alt_name": null, "heritage": null, "heritage:operator": null, "historic": null, "ref:nrhp": null, "NY_mta:propcode": null, "addr:city": null, "exit": null, "building:material": null, "roof:material": null, "roof:shape": null, "disused": null, "destination": null, "building:facade:colour": null, "roof:colour": null, "building:part": null, "website": null, "voltage:primary": null, "voltage:secondary": null, "description": null, "abandoned": null, "protection_title": null, "source:1": null, "source_ref:1": null, "start_date": null }, "geometry": { "type": "Polygon", "coordinates": [ [ [ -73.8520605, 40.9005611 ], [ -73.8522483, 40.9006381 ], [ -73.852133, 40.9008 ], [ -73.8519452, 40.900723 ], [ -73.8520468, 40.9005803 ], [ -73.8520605, 40.9005611 ] ] ] } },
{ "type": "Feature", "properties": { "element": "way", "id": 277845812, "addr:state": null, "ele": null, "gnis:feature_id": null, "name": "East 212th Street Substation", "power": "substation", "source": null, "barrier": null, "check_date": null, "fixme": null, "operator": "New York City Transit Authority", "substation": "traction", "wikidata": null, "wikipedia": null, "note": null, "operator:wikidata": null, "voltage": null, "ref": null, "frequency": null, "location": null, "operator:wikipedia": null, "landuse": null, "building:colour": null, "addr:housenumber": "3568", "addr:postcode": "10467", "addr:street": "Jerome Avenue", "building": "service", "height": "4.5", "nycdcp:uid": "c3f1498318f09c8538c7942e85ffbbdc", "nycdoitt:bin": "2017841", "alt_name": null, "heritage": null, "heritage:operator": null, "historic": null, "ref:nrhp": null, "NY_mta:propcode": null, "addr:city": null, "exit": null, "building:material": null, "roof:material": null, "roof:shape": null, "disused": null, "destination": null, "building:facade:colour": null, "roof:colour": null, "building:part": null, "website": null, "voltage:primary": null, "voltage:secondary": null, "description": null, "abandoned": null, "protection_title": null, "source:1": null, "source_ref:1": null, "start_date": null }, "geometry": { "type": "Polygon", "coordinates": [ [ [ -73.8795682, 40.8846593 ], [ -73.8795232, 40.8847202 ], [ -73.8792169, 40.88459 ], [ -73.8792618, 40.8845291 ], [ -73.8792871, 40.8845398 ], [ -73.8795682, 40.8846593 ] ] ] } },
{ "type": "Feature", "properties": { "element": "way", "id": 277890489, "addr:state": null, "ele": null, "gnis:feature_id": null, "name": "IRT Substation #40", "power": "substation", "source": null, "barrier": null, "check_date": null, "fixme": null, "operator": "New York City Transit Authority", "substation": "traction", "wikidata": null, "wikipedia": null, "note": null, "operator:wikidata": "Q1325591", "voltage": null, "ref": null, "frequency": null, "location": null, "operator:wikipedia": "en:New York City Transit Authority", "landuse": null, "building:colour": null, "addr:housenumber": "77", "addr:postcode": "10007", "addr:street": "Murray Street", "building": "service", "height": "14.9", "nycdcp:uid": "cfc27369f465655d9438297be7b4575b", "nycdoitt:bin": "1001423", "alt_name": null, "heritage": null, "heritage:operator": null, "historic": null, "ref:nrhp": null, "NY_mta:propcode": null, "addr:city": null, "exit": null, "building:material": null, "roof:material": null, "roof:shape": null, "disused": null, "destination": null, "building:facade:colour": "#a78d8b", "roof:colour": "#eae9ea", "building:part": null, "website": null, "voltage:primary": null, "voltage:secondary": null, "description": null, "abandoned": null, "protection_title": null, "source:1": null, "source_ref:1": null, "start_date": null }, "geometry": { "type": "Polygon", "coordinates": [ [ [ -74.0104857, 40.7149702 ], [ -74.0105075, 40.7149421 ], [ -74.0106683, 40.7147352 ], [ -74.0108189, 40.714803 ], [ -74.0106581, 40.7150099 ], [ -74.0106363, 40.7150379 ], [ -74.0105582, 40.7150028 ], [ -74.0104857, 40.7149702 ] ] ] } },
{ "type": "Feature", "properties": { "element": "way", "id": 278079574, "addr:state": null, "ele": null, "gnis:feature_id": null, "name": "Cliff Street Substation", "power": "substation", "source": null, "barrier": null, "check_date": null, "fixme": null, "operator": "New York City Transit Authority", "substation": "traction", "wikidata": null, "wikipedia": null, "note": null, "operator:wikidata": "Q1325591", "voltage": null, "ref": null, "frequency": null, "location": null, "operator:wikipedia": "en:New York City Transit Authority", "landuse": null, "building:colour": "#CBBC9D", "addr:housenumber": "46", "addr:postcode": "10038", "addr:street": "Cliff Street", "building": "service", "height": "18.4", "nycdcp:uid": "f1444cb6b2d1895d05a9f49f663d65d8", "nycdoitt:bin": "1001291", "alt_name": null, "heritage": null, "heritage:operator": null, "historic": null, "ref:nrhp": null, "NY_mta:propcode": null, "addr:city": "New York", "exit": null, "building:material": null, "roof:material": "concrete", "roof:shape": "flat", "disused": null, "destination": null, "building:facade:colour": null, "roof:colour": null, "building:part": "yes", "website": null, "voltage:primary": null, "voltage:secondary": null, "description": null, "abandoned": null, "protection_title": null, "source:1": null, "source_ref:1": null, "start_date": null }, "geometry": { "type": "Polygon", "coordinates": [ [ [ -74.0040469, 40.7083254 ], [ -74.0042026, 40.7082556 ], [ -74.004389, 40.708482 ], [ -74.0042327, 40.708551 ], [ -74.0040858, 40.7083696 ], [ -74.0040469, 40.7083254 ] ] ] } },
{ "type": "Feature", "properties": { "element": "way", "id": 278084890, "addr:state": null, "ele": null, "gnis:feature_id": null, "name": "Peck Slip Substation", "power": "substation", "source": null, "barrier": null, "check_date": null, "fixme": null, "operator": "Consolidated Edison", "substation": "yes", "wikidata": null, "wikipedia": null, "note": null, "operator:wikidata": "Q1127536", "voltage": null, "ref": null, "frequency": null, "location": null, "operator:wikipedia": null, "landuse": null, "building:colour": null, "addr:housenumber": null, "addr:postcode": null, "addr:street": null, "building": "yes", "height": "13.4", "nycdcp:uid": null, "nycdoitt:bin": "1078984", "alt_name": null, "heritage": null, "heritage:operator": null, "historic": null, "ref:nrhp": null, "NY_mta:propcode": null, "addr:city": null, "exit": null, "building:material": null, "roof:material": null, "roof:shape": null, "disused": null, "destination": null, "building:facade:colour": null, "roof:colour": null, "building:part": null, "website": "http://wikimapia.org/27171937/Consolidated-Edison-Peck-Slip-Substation", "voltage:primary": null, "voltage:secondary": null, "description": null, "abandoned": null, "protection_title": null, "source:1": null, "source_ref:1": null, "start_date": null }, "geometry": { "type": "Polygon", "coordinates": [ [ [ -74.0003079, 40.7078972 ], [ -74.0008958, 40.7076038 ], [ -74.0009434, 40.7076571 ], [ -74.0010571, 40.7075987 ], [ -74.001121, 40.7076595 ], [ -74.0010597, 40.7076898 ], [ -74.0012481, 40.7078898 ], [ -74.0005733, 40.708222 ], [ -74.0005064, 40.7081434 ], [ -74.000552, 40.7081209 ], [ -74.0004739, 40.708029 ], [ -74.0004319, 40.7080497 ], [ -74.0003079, 40.7078972 ] ] ] } },
{ "type": "Feature", "properties": { "element": "way", "id": 278112870, "addr:state": null, "ele": null, "gnis:feature_id": null, "name": "IRT Substation #11", "power": "substation", "source": null, "barrier": null, "check_date": null, "fixme": null, "operator": "New York City Transit Authority", "substation": "traction", "wikidata": null, "wikipedia": null, "note": null, "operator:wikidata": "Q1325591", "voltage": null, "ref": null, "frequency": null, "location": null, "operator:wikipedia": "en:New York City Transit Authority", "landuse": null, "building:colour": null, "addr:housenumber": "122", "addr:postcode": "10007", "addr:street": "Park Row", "building": "service", "height": "18.5", "nycdcp:uid": "d33eaf44786ce8a1827d6873d534d482", "nycdoitt:bin": "1001679", "alt_name": null, "heritage": null, "heritage:operator": null, "historic": null, "ref:nrhp": null, "NY_mta:propcode": null, "addr:city": null, "exit": null, "building:material": null, "roof:material": null, "roof:shape": null, "disused": null, "destination": null, "building:facade:colour": null, "roof:colour": null, "building:part": null, "website": null, "voltage:primary": null, "voltage:secondary": null, "description": null, "abandoned": null, "protection_title": null, "source:1": null, "source_ref:1": null, "start_date": null }, "geometry": { "type": "Polygon", "coordinates": [ [ [ -74.0018421, 40.7129775 ], [ -74.0020093, 40.7129422 ], [ -74.0021002, 40.7131369 ], [ -74.0021324, 40.7132072 ], [ -74.0019663, 40.713254 ], [ -74.0019324, 40.7131778 ], [ -74.0018421, 40.7129775 ] ] ] } },
{ "type": "Feature", "properties": { "element": "way", "id": 278327651, "addr:state": null, "ele": null, "gnis:feature_id": null, "name": "East 36th Street Substation", "power": "substation", "source": null, "barrier": null, "check_date": null, "fixme": null, "operator": "Consolidated Edison", "substation": "distribution", "wikidata": null, "wikipedia": null, "note": null, "operator:wikidata": "Q1127536", "voltage": "138000;13200", "ref": null, "frequency": "60", "location": "outdoor", "operator:wikipedia": "en:Consolidated Edison", "landuse": null, "building:colour": null, "addr:housenumber": null, "addr:postcode": null, "addr:street": null, "building": "yes", "height": "11.1", "nycdcp:uid": null, "nycdoitt:bin": "1084769", "alt_name": null, "heritage": null, "heritage:operator": null, "historic": null, "ref:nrhp": null, "NY_mta:propcode": null, "addr:city": null, "exit": null, "building:material": null, "roof:material": "concrete", "roof:shape": "flat", "disused": null, "destination": null, "building:facade:colour": null, "roof:colour": null, "building:part": null, "website": null, "voltage:primary": null, "voltage:secondary": null, "description": null, "abandoned": null, "protection_title": null, "source:1": null, "source_ref:1": null, "start_date": null }, "geometry": { "type": "Polygon", "coordinates": [ [ [ -73.9713844, 40.7446585 ], [ -73.9716334, 40.7447638 ], [ -73.9712885, 40.7452356 ], [ -73.9710394, 40.7451303 ], [ -73.9711463, 40.7449841 ], [ -73.9713844, 40.7446585 ] ] ] } },
{ "type": "Feature", "properties": { "element": "way", "id": 280569732, "addr:state": null, "ele": null, "gnis:feature_id": null, "name": "Sunnyside Yard Static Converter", "power": "substation", "source": null, "barrier": null, "check_date": null, "fixme": null, "operator": "Amtrak", "substation": "converter", "wikidata": null, "wikipedia": null, "note": null, "operator:wikidata": null, "voltage": null, "ref": null, "frequency": null, "location": null, "operator:wikipedia": null, "landuse": null, "building:colour": null, "addr:housenumber": null, "addr:postcode": null, "addr:street": null, "building": "yes", "height": "6.0", "nycdcp:uid": null, "nycdoitt:bin": "4550242", "alt_name": null, "heritage": null, "heritage:operator": null, "historic": null, "ref:nrhp": null, "NY_mta:propcode": null, "addr:city": null, "exit": null, "building:material": null, "roof:material": null, "roof:shape": null, "disused": null, "destination": null, "building:facade:colour": null, "roof:colour": null, "building:part": null, "website": null, "voltage:primary": null, "voltage:secondary": null, "description": null, "abandoned": null, "protection_title": null, "source:1": null, "source_ref:1": null, "start_date": null }, "geometry": { "type": "Polygon", "coordinates": [ [ [ -73.9216833, 40.7502852 ], [ -73.9220094, 40.7505436 ], [ -73.9217553, 40.7507291 ], [ -73.9214292, 40.7504707 ], [ -73.9216754, 40.750291 ], [ -73.9216833, 40.7502852 ] ] ] } },
{ "type": "Feature", "properties": { "element": "way", "id": 281842017, "addr:state": null, "ele": null, "gnis:feature_id": null, "name": "IRT Substation #48", "power": "substation", "source": null, "barrier": null, "check_date": null, "fixme": null, "operator": "New York City Transit Authority", "substation": "traction", "wikidata": null, "wikipedia": null, "note": null, "operator:wikidata": null, "voltage": null, "ref": null, "frequency": null, "location": null, "operator:wikipedia": null, "landuse": null, "building:colour": null, "addr:housenumber": "2471", "addr:postcode": "10461", "addr:street": "Westchester Avenue", "building": "service", "height": "13.0", "nycdcp:uid": "ec3747e27e429d5f1421377f0eee90f7", "nycdoitt:bin": "2041721", "alt_name": null, "heritage": null, "heritage:operator": null, "historic": null, "ref:nrhp": null, "NY_mta:propcode": null, "addr:city": null, "exit": null, "building:material": null, "roof:material": null, "roof:shape": null, "disused": null, "destination": null, "building:facade:colour": null, "roof:colour": null, "building:part": null, "website": null, "voltage:primary": null, "voltage:secondary": null, "description": null, "abandoned": null, "protection_title": null, "source:1": null, "source_ref:1": null, "start_date": null }, "geometry": { "type": "Polygon", "coordinates": [ [ [ -73.8450129, 40.8383712 ], [ -73.8451331, 40.8382661 ], [ -73.8453876, 40.8384342 ], [ -73.8452674, 40.8385392 ], [ -73.8452527, 40.8385295 ], [ -73.845243, 40.8385231 ], [ -73.8450129, 40.8383712 ] ] ] } },
{ "type": "Feature", "properties": { "element": "way", "id": 282276359, "addr:state": null, "ele": null, "gnis:feature_id": null, "name": "Long Island Railroad Substation", "power": "substation", "source": null, "barrier": null, "check_date": null, "fixme": null, "operator": "Long Island Rail Road", "substation": "traction", "wikidata": null, "wikipedia": null, "note": null, "operator:wikidata": null, "voltage": null, "ref": null, "frequency": "60", "location": "indoor", "operator:wikipedia": null, "landuse": null, "building:colour": null, "addr:housenumber": null, "addr:postcode": null, "addr:street": null, "building": "service", "height": "14.3", "nycdcp:uid": null, "nycdoitt:bin": "4000000", "alt_name": null, "heritage": null, "heritage:operator": null, "historic": null, "ref:nrhp": null, "NY_mta:propcode": null, "addr:city": null, "exit": null, "building:material": null, "roof:material": null, "roof:shape": null, "disused": null, "destination": null, "building:facade:colour": null, "roof:colour": null, "building:part": null, "website": null, "voltage:primary": null, "voltage:secondary": null, "description": null, "abandoned": null, "protection_title": null, "source:1": null, "source_ref:1": null, "start_date": null }, "geometry": { "type": "Polygon", "coordinates": [ [ [ -73.8446332, 40.6889651 ], [ -73.8447207, 40.6891412 ], [ -73.8446774, 40.689153 ], [ -73.8446773, 40.6891527 ], [ -73.8444359, 40.6892212 ], [ -73.8443486, 40.6890464 ], [ -73.8445919, 40.6889771 ], [ -73.8446332, 40.6889651 ] ] ] } },
{ "type": "Feature", "properties": { "element": "way", "id": 282346620, "addr:state": null, "ele": null, "gnis:feature_id": null, "name": null, "power": "substation", "source": null, "barrier": null, "check_date": null, "fixme": null, "operator": null, "substation": null, "wikidata": null, "wikipedia": null, "note": null, "operator:wikidata": null, "voltage": null, "ref": null, "frequency": null, "location": null, "operator:wikipedia": null, "landuse": null, "building:colour": null, "addr:housenumber": "138-08", "addr:postcode": "11435", "addr:street": "111th Avenue", "building": "yes", "height": "6.7", "nycdcp:uid": null, "nycdoitt:bin": "4258441", "alt_name": null, "heritage": null, "heritage:operator": null, "historic": null, "ref:nrhp": null, "NY_mta:propcode": null, "addr:city": null, "exit": null, "building:material": null, "roof:material": null, "roof:shape": null, "disused": null, "destination": null, "building:facade:colour": null, "roof:colour": null, "building:part": null, "website": null, "voltage:primary": null, "voltage:secondary": null, "description": null, "abandoned": null, "protection_title": null, "source:1": null, "source_ref:1": null, "start_date": null }, "geometry": { "type": "Polygon", "coordinates": [ [ [ -73.8055713, 40.6847296 ], [ -73.805676, 40.6846981 ], [ -73.8056679, 40.6846826 ], [ -73.80575, 40.684658 ], [ -73.8057863, 40.6847281 ], [ -73.8057024, 40.6847533 ], [ -73.8056993, 40.6847473 ], [ -73.8055965, 40.6847781 ], [ -73.8055713, 40.6847296 ] ] ] } },
{ "type": "Feature", "properties": { "element": "way", "id": 284429117, "addr:state": null, "ele": null, "gnis:feature_id": null, "name": "Bayside Substation", "power": "substation", "source": "FERC", "barrier": null, "check_date": null, "fixme": null, "operator": "Consolidated Edison", "substation": "distribution", "wikidata": null, "wikipedia": null, "note": null, "operator:wikidata": "Q1127536", "voltage": "27000;4000", "ref": null, "frequency": "60", "location": null, "operator:wikipedia": null, "landuse": null, "building:colour": null, "addr:housenumber": "212-06", "addr:postcode": "11361", "addr:street": "Northern Boulevard", "building": "yes", "height": "3.0", "nycdcp:uid": null, "nycdoitt:bin": "4156882", "alt_name": null, "heritage": null, "heritage:operator": null, "historic": null, "ref:nrhp": null, "NY_mta:propcode": null, "addr:city": null, "exit": null, "building:material": null, "roof:material": null, "roof:shape": null, "disused": null, "destination": null, "building:facade:colour": null, "roof:colour": null, "building:part": null, "website": null, "voltage:primary": null, "voltage:secondary": null, "description": null, "abandoned": null, "protection_title": null, "source:1": null, "source_ref:1": null, "start_date": null }, "geometry": { "type": "Polygon", "coordinates": [ [ [ -73.7707252, 40.7596341 ], [ -73.7708058, 40.7596125 ], [ -73.7708777, 40.7597665 ], [ -73.7707955, 40.7597878 ], [ -73.7707456, 40.7596781 ], [ -73.7707252, 40.7596341 ] ] ] } },
{ "type": "Feature", "properties": { "element": "way", "id": 284485817, "addr:state": null, "ele": null, "gnis:feature_id": null, "name": "Fresh Meadows Substation", "power": "substation", "source": "FERC", "barrier": null, "check_date": null, "fixme": null, "operator": "Consolidated Edison", "substation": "distribution", "wikidata": null, "wikipedia": null, "note": null, "operator:wikidata": "Q1127536", "voltage": "27000;4000", "ref": null, "frequency": "60", "location": "outdoor", "operator:wikipedia": null, "landuse": null, "building:colour": null, "addr:housenumber": "59-37", "addr:postcode": "11365", "addr:street": "Fresh Meadow Lane", "building": "yes", "height": "5.3", "nycdcp:uid": null, "nycdoitt:bin": "4148766", "alt_name": null, "heritage": null, "heritage:operator": null, "historic": null, "ref:nrhp": null, "NY_mta:propcode": null, "addr:city": null, "exit": null, "building:material": null, "roof:material": null, "roof:shape": null, "disused": null, "destination": null, "building:facade:colour": null, "roof:colour": null, "building:part": null, "website": null, "voltage:primary": null, "voltage:secondary": null, "description": null, "abandoned": null, "protection_title": null, "source:1": null, "source_ref:1": null, "start_date": null }, "geometry": { "type": "Polygon", "coordinates": [ [ [ -73.796618, 40.7392428 ], [ -73.7966748, 40.7393441 ], [ -73.7965437, 40.7393867 ], [ -73.7964868, 40.7392854 ], [ -73.796618, 40.7392428 ] ] ] } },
{ "type": "Feature", "properties": { "element": "way", "id": 284683850, "addr:state": null, "ele": null, "gnis:feature_id": null, "name": "Spruce Street Substation", "power": "substation", "source": null, "barrier": null, "check_date": null, "fixme": null, "operator": "New York City Transit Authority", "substation": "traction", "wikidata": null, "wikipedia": null, "note": null, "operator:wikidata": null, "voltage": null, "ref": null, "frequency": null, "location": null, "operator:wikipedia": null, "landuse": null, "building:colour": null, "addr:housenumber": null, "addr:postcode": null, "addr:street": null, "building": "service", "height": "6.4", "nycdcp:uid": "6280c26bbf05fc25831cfa5b1223da9f", "nycdoitt:bin": "4558326", "alt_name": null, "heritage": null, "heritage:operator": null, "historic": null, "ref:nrhp": null, "NY_mta:propcode": null, "addr:city": null, "exit": null, "building:material": null, "roof:material": null, "roof:shape": null, "disused": null, "destination": null, "building:facade:colour": null, "roof:colour": null, "building:part": null, "website": null, "voltage:primary": null, "voltage:secondary": null, "description": null, "abandoned": null, "protection_title": null, "source:1": null, "source_ref:1": null, "start_date": null }, "geometry": { "type": "Polygon", "coordinates": [ [ [ -73.8649393, 40.7490336 ], [ -73.8650501, 40.7492431 ], [ -73.8648715, 40.7492978 ], [ -73.8647607, 40.7490882 ], [ -73.8649393, 40.7490336 ] ] ] } },
{ "type": "Feature", "properties": { "element": "way", "id": 284842673, "addr:state": null, "ele": null, "gnis:feature_id": null, "name": null, "power": "substation", "source": null, "barrier": null, "check_date": null, "fixme": null, "operator": "WCS", "substation": "minor_distribution", "wikidata": null, "wikipedia": null, "note": null, "operator:wikidata": null, "voltage": null, "ref": null, "frequency": null, "location": null, "operator:wikipedia": null, "landuse": null, "building:colour": null, "addr:housenumber": null, "addr:postcode": null, "addr:street": null, "building": "yes", "height": "3.9", "nycdcp:uid": null, "nycdoitt:bin": "2000000", "alt_name": null, "heritage": null, "heritage:operator": null, "historic": null, "ref:nrhp": null, "NY_mta:propcode": null, "addr:city": null, "exit": null, "building:material": null, "roof:material": null, "roof:shape": null, "disused": null, "destination": null, "building:facade:colour": null, "roof:colour": null, "building:part": null, "website": null, "voltage:primary": null, "voltage:secondary": null, "description": null, "abandoned": null, "protection_title": null, "source:1": null, "source_ref:1": null, "start_date": null }, "geometry": { "type": "Polygon", "coordinates": [ [ [ -73.8760694, 40.8421776 ], [ -73.8761929, 40.8422147 ], [ -73.876164, 40.8422703 ], [ -73.8760404, 40.8422332 ], [ -73.8760694, 40.8421776 ] ] ] } },
{ "type": "Feature", "properties": { "element": "way", "id": 294894218, "addr:state": null, "ele": null, "gnis:feature_id": null, "name": null, "power": "substation", "source": null, "barrier": null, "check_date": null, "fixme": null, "operator": "Long Island Rail Road", "substation": "traction", "wikidata": null, "wikipedia": null, "note": null, "operator:wikidata": null, "voltage": "11000;750", "ref": null, "frequency": null, "location": "outdoor", "operator:wikipedia": null, "landuse": null, "building:colour": null, "addr:housenumber": null, "addr:postcode": null, "addr:street": null, "building": null, "height": null, "nycdcp:uid": null, "nycdoitt:bin": null, "alt_name": null, "heritage": null, "heritage:operator": null, "historic": null, "ref:nrhp": null, "NY_mta:propcode": null, "addr:city": null, "exit": null, "building:material": null, "roof:material": null, "roof:shape": null, "disused": null, "destination": null, "building:facade:colour": null, "roof:colour": null, "building:part": null, "website": null, "voltage:primary": null, "voltage:secondary": null, "description": null, "abandoned": null, "protection_title": null, "source:1": null, "source_ref:1": null, "start_date": null }, "geometry": { "type": "Polygon", "coordinates": [ [ [ -73.770836, 40.6788786 ], [ -73.7706912, 40.6790047 ], [ -73.771013, 40.6791979 ], [ -73.7710393, 40.6791712 ], [ -73.7710696, 40.6791403 ], [ -73.7711129, 40.6790979 ], [ -73.7711445, 40.6790677 ], [ -73.770836, 40.6788786 ] ] ] } },
{ "type": "Feature", "properties": { "element": "way", "id": 295544919, "addr:state": null, "ele": null, "gnis:feature_id": null, "name": null, "power": "substation", "source": null, "barrier": null, "check_date": null, "fixme": null, "operator": null, "substation": null, "wikidata": null, "wikipedia": null, "note": null, "operator:wikidata": null, "voltage": null, "ref": null, "frequency": null, "location": null, "operator:wikipedia": null, "landuse": null, "building:colour": null, "addr:housenumber": null, "addr:postcode": null, "addr:street": null, "building": null, "height": null, "nycdcp:uid": null, "nycdoitt:bin": null, "alt_name": null, "heritage": null, "heritage:operator": null, "historic": null, "ref:nrhp": null, "NY_mta:propcode": null, "addr:city": null, "exit": null, "building:material": null, "roof:material": null, "roof:shape": null, "disused": null, "destination": null, "building:facade:colour": null, "roof:colour": null, "building:part": null, "website": null, "voltage:primary": null, "voltage:secondary": null, "description": null, "abandoned": null, "protection_title": null, "source:1": null, "source_ref:1": null, "start_date": null }, "geometry": { "type": "Polygon", "coordinates": [ [ [ -73.8172533, 40.6983376 ], [ -73.8172068, 40.6984644 ], [ -73.8170547, 40.6984324 ], [ -73.8171012, 40.6983055 ], [ -73.8172533, 40.6983376 ] ] ] } },
{ "type": "Feature", "properties": { "element": "way", "id": 329177732, "addr:state": null, "ele": null, "gnis:feature_id": null, "name": null, "power": "substation", "source": null, "barrier": null, "check_date": null, "fixme": null, "operator": null, "substation": null, "wikidata": null, "wikipedia": null, "note": null, "operator:wikidata": null, "voltage": null, "ref": null, "frequency": null, "location": null, "operator:wikipedia": null, "landuse": null, "building:colour": null, "addr:housenumber": null, "addr:postcode": null, "addr:street": null, "building": null, "height": null, "nycdcp:uid": null, "nycdoitt:bin": null, "alt_name": null, "heritage": null, "heritage:operator": null, "historic": null, "ref:nrhp": null, "NY_mta:propcode": null, "addr:city": null, "exit": null, "building:material": null, "roof:material": null, "roof:shape": null, "disused": null, "destination": null, "building:facade:colour": null, "roof:colour": null, "building:part": null, "website": null, "voltage:primary": null, "voltage:secondary": null, "description": null, "abandoned": null, "protection_title": null, "source:1": null, "source_ref:1": null, "start_date": null }, "geometry": { "type": "Polygon", "coordinates": [ [ [ -73.7660631, 40.7104425 ], [ -73.7660917, 40.7105217 ], [ -73.7659797, 40.710572 ], [ -73.7653655, 40.7107219 ], [ -73.7653232, 40.7106213 ], [ -73.7660631, 40.7104425 ] ] ] } },
{ "type": "Feature", "properties": { "element": "way", "id": 339711332, "addr:state": null, "ele": null, "gnis:feature_id": null, "name": "Farragut Substation", "power": "substation", "source": "Bing", "barrier": "fence", "check_date": null, "fixme": null, "operator": "Consolidated Edison", "substation": "transmission", "wikidata": null, "wikipedia": null, "note": null, "operator:wikidata": "Q1127536", "voltage": "345000;138000", "ref": null, "frequency": "60", "location": "outdoor", "operator:wikipedia": "en:Consolidated Edison", "landuse": null, "building:colour": null, "addr:housenumber": null, "addr:postcode": null, "addr:street": null, "building": null, "height": null, "nycdcp:uid": null, "nycdoitt:bin": null, "alt_name": null, "heritage": null, "heritage:operator": null, "historic": null, "ref:nrhp": null, "NY_mta:propcode": null, "addr:city": null, "exit": null, "building:material": null, "roof:material": null, "roof:shape": null, "disused": null, "destination": null, "building:facade:colour": null, "roof:colour": null, "building:part": null, "website": null, "voltage:primary": null, "voltage:secondary": null, "description": null, "abandoned": null, "protection_title": null, "source:1": null, "source_ref:1": null, "start_date": null }, "geometry": { "type": "Polygon", "coordinates": [ [ [ -73.9826677, 40.7043495 ], [ -73.9844688, 40.7044103 ], [ -73.9845817, 40.7044159 ], [ -73.9859056, 40.7044578 ], [ -73.986373, 40.7044725 ], [ -73.9863722, 40.7044938 ], [ -73.9864527, 40.7044961 ], [ -73.986446, 40.7046475 ], [ -73.9864459, 40.7046593 ], [ -73.9863986, 40.7054125 ], [ -73.9834523, 40.705644 ], [ -73.9834382, 40.7054699 ], [ -73.9834422, 40.7054137 ], [ -73.9834468, 40.7053482 ], [ -73.9831562, 40.7053404 ], [ -73.98252, 40.7054456 ], [ -73.9826677, 40.7043495 ] ] ] } },
{ "type": "Feature", "properties": { "element": "way", "id": 370556535, "addr:state": null, "ele": null, "gnis:feature_id": null, "name": "East 63rd Street Substation", "power": "substation", "source": null, "barrier": null, "check_date": null, "fixme": null, "operator": null, "substation": "distribution", "wikidata": null, "wikipedia": null, "note": null, "operator:wikidata": null, "voltage": "69000;13200", "ref": null, "frequency": "60", "location": null, "operator:wikipedia": null, "landuse": null, "building:colour": null, "addr:housenumber": null, "addr:postcode": null, "addr:street": null, "building": null, "height": null, "nycdcp:uid": null, "nycdoitt:bin": null, "alt_name": null, "heritage": null, "heritage:operator": null, "historic": null, "ref:nrhp": null, "NY_mta:propcode": null, "addr:city": null, "exit": null, "building:material": null, "roof:material": null, "roof:shape": null, "disused": null, "destination": null, "building:facade:colour": null, "roof:colour": null, "building:part": null, "website": null, "voltage:primary": null, "voltage:secondary": null, "description": null, "abandoned": null, "protection_title": null, "source:1": null, "source_ref:1": null, "start_date": null }, "geometry": { "type": "Polygon", "coordinates": [ [ [ -73.9615973, 40.7628211 ], [ -73.9614771, 40.7627694 ], [ -73.9612779, 40.7626837 ], [ -73.9611286, 40.7628878 ], [ -73.9611232, 40.7628855 ], [ -73.9611151, 40.7628965 ], [ -73.9610471, 40.7628677 ], [ -73.9610552, 40.7628567 ], [ -73.9610491, 40.7628542 ], [ -73.9610836, 40.7628069 ], [ -73.9610692, 40.7628008 ], [ -73.9610615, 40.7628114 ], [ -73.9609331, 40.7627571 ], [ -73.9609409, 40.7627466 ], [ -73.9609264, 40.7627404 ], [ -73.9608919, 40.7627877 ], [ -73.9608838, 40.7627842 ], [ -73.9608758, 40.7627952 ], [ -73.9608168, 40.7627703 ], [ -73.9608248, 40.7627593 ], [ -73.960813, 40.7627543 ], [ -73.9609609, 40.762552 ], [ -73.9606837, 40.7624347 ], [ -73.960672, 40.7624507 ], [ -73.9606149, 40.7625288 ], [ -73.9605795, 40.7625772 ], [ -73.9604477, 40.7627613 ], [ -73.9605362, 40.7627988 ], [ -73.9605635, 40.7628103 ], [ -73.9605554, 40.7628212 ], [ -73.9605718, 40.7628282 ], [ -73.9605938, 40.7628374 ], [ -73.9605573, 40.7628873 ], [ -73.9605206, 40.7629375 ], [ -73.9605073, 40.7629556 ], [ -73.9604935, 40.7629743 ], [ -73.9612483, 40.7632983 ], [ -73.9614229, 40.7630596 ], [ -73.9615973, 40.7628211 ] ] ] } },
{ "type": "Feature", "properties": { "element": "way", "id": 370675159, "addr:state": null, "ele": null, "gnis:feature_id": null, "name": "East 75th Street Substation", "power": "substation", "source": null, "barrier": null, "check_date": null, "fixme": null, "operator": "Consolidated Edison", "substation": "distribution", "wikidata": null, "wikipedia": null, "note": null, "operator:wikidata": "Q1127536", "voltage": "138000;13200", "ref": null, "frequency": "60", "location": "outdoor", "operator:wikipedia": "en:Consolidated Edison", "landuse": null, "building:colour": null, "addr:housenumber": null, "addr:postcode": null, "addr:street": null, "building": null, "height": null, "nycdcp:uid": null, "nycdoitt:bin": null, "alt_name": null, "heritage": null, "heritage:operator": null, "historic": null, "ref:nrhp": null, "NY_mta:propcode": null, "addr:city": null, "exit": null, "building:material": null, "roof:material": null, "roof:shape": null, "disused": null, "destination": null, "building:facade:colour": null, "roof:colour": null, "building:part": null, "website": null, "voltage:primary": null, "voltage:secondary": null, "description": null, "abandoned": null, "protection_title": null, "source:1": null, "source_ref:1": null, "start_date": null }, "geometry": { "type": "Polygon", "coordinates": [ [ [ -73.9506666, 40.7688199 ], [ -73.9507793, 40.7686672 ], [ -73.9508734, 40.7685288 ], [ -73.9508898, 40.7685065 ], [ -73.9509397, 40.7684389 ], [ -73.9510079, 40.7683465 ], [ -73.9507814, 40.7682499 ], [ -73.950705, 40.7682186 ], [ -73.9505514, 40.7681531 ], [ -73.950307, 40.7680488 ], [ -73.9503035, 40.7680535 ], [ -73.9502393, 40.7681406 ], [ -73.9501102, 40.7683155 ], [ -73.9500397, 40.7682854 ], [ -73.9498766, 40.7685063 ], [ -73.9506666, 40.7688199 ] ] ] } },
{ "type": "Feature", "properties": { "element": "way", "id": 374846762, "addr:state": null, "ele": null, "gnis:feature_id": null, "name": "Greenwood Substation", "power": "substation", "source": "FERC", "barrier": "wall", "check_date": null, "fixme": null, "operator": "Consolidated Edison", "substation": "distribution", "wikidata": null, "wikipedia": null, "note": null, "operator:wikidata": "Q1127536", "voltage": "138000;27000", "ref": null, "frequency": "60", "location": "outdoor", "operator:wikipedia": null, "landuse": null, "building:colour": null, "addr:housenumber": null, "addr:postcode": null, "addr:street": null, "building": null, "height": null, "nycdcp:uid": null, "nycdoitt:bin": null, "alt_name": null, "heritage": null, "heritage:operator": null, "historic": null, "ref:nrhp": null, "NY_mta:propcode": null, "addr:city": null, "exit": null, "building:material": null, "roof:material": null, "roof:shape": null, "disused": null, "destination": null, "building:facade:colour": null, "roof:colour": null, "building:part": null, "website": null, "voltage:primary": null, "voltage:secondary": null, "description": null, "abandoned": null, "protection_title": null, "source:1": null, "source_ref:1": null, "start_date": null }, "geometry": { "type": "Polygon", "coordinates": [ [ [ -73.9925725, 40.658907 ], [ -73.9930197, 40.658482 ], [ -73.9938352, 40.6589761 ], [ -73.9941688, 40.6591773 ], [ -73.9949905, 40.6596753 ], [ -73.9945433, 40.6601003 ], [ -73.9937225, 40.659603 ], [ -73.993389, 40.6594018 ], [ -73.9925725, 40.658907 ] ] ] } },
{ "type": "Feature", "properties": { "element": "way", "id": 383102699, "addr:state": null, "ele": null, "gnis:feature_id": null, "name": "Goethals Substation", "power": "substation", "source": null, "barrier": null, "check_date": null, "fixme": null, "operator": "Consolidated Edison", "substation": "distribution", "wikidata": null, "wikipedia": null, "note": null, "operator:wikidata": "Q1127536", "voltage": "345000;230000", "ref": null, "frequency": "60", "location": "outdoor", "operator:wikipedia": null, "landuse": null, "building:colour": null, "addr:housenumber": null, "addr:postcode": null, "addr:street": null, "building": null, "height": null, "nycdcp:uid": null, "nycdoitt:bin": null, "alt_name": null, "heritage": null, "heritage:operator": null, "historic": null, "ref:nrhp": null, "NY_mta:propcode": null, "addr:city": null, "exit": null, "building:material": null, "roof:material": null, "roof:shape": null, "disused": null, "destination": null, "building:facade:colour": null, "roof:colour": null, "building:part": null, "website": null, "voltage:primary": null, "voltage:secondary": null, "description": null, "abandoned": null, "protection_title": null, "source:1": null, "source_ref:1": null, "start_date": null }, "geometry": { "type": "Polygon", "coordinates": [ [ [ -74.1955958, 40.6180422 ], [ -74.1975701, 40.6171653 ], [ -74.1976488, 40.6170784 ], [ -74.1969302, 40.6166681 ], [ -74.1968863, 40.6164047 ], [ -74.1968476, 40.6163426 ], [ -74.1968512, 40.6162422 ], [ -74.196658, 40.6161499 ], [ -74.1957478, 40.6165455 ], [ -74.1955872, 40.616357 ], [ -74.1949684, 40.6166329 ], [ -74.1951165, 40.6170933 ], [ -74.1952378, 40.6172441 ], [ -74.1953175, 40.6174533 ], [ -74.195325, 40.6176904 ], [ -74.1955958, 40.6180422 ] ] ] } },
{ "type": "Feature", "properties": { "element": "way", "id": 383102704, "addr:state": null, "ele": null, "gnis:feature_id": null, "name": "Academy Substation", "power": "substation", "source": null, "barrier": null, "check_date": null, "fixme": null, "operator": "Consolidated Edison", "substation": "transmission", "wikidata": null, "wikipedia": null, "note": null, "operator:wikidata": "Q1127536", "voltage": "345000;138000", "ref": null, "frequency": "60", "location": "outdoor", "operator:wikipedia": "en:Consolidated Edison", "landuse": null, "building:colour": null, "addr:housenumber": null, "addr:postcode": null, "addr:street": null, "building": null, "height": null, "nycdcp:uid": null, "nycdoitt:bin": null, "alt_name": null, "heritage": null, "heritage:operator": null, "historic": null, "ref:nrhp": null, "NY_mta:propcode": null, "addr:city": null, "exit": null, "building:material": null, "roof:material": null, "roof:shape": null, "disused": null, "destination": null, "building:facade:colour": null, "roof:colour": null, "building:part": null, "website": null, "voltage:primary": null, "voltage:secondary": null, "description": null, "abandoned": null, "protection_title": null, "source:1": null, "source_ref:1": null, "start_date": null }, "geometry": { "type": "Polygon", "coordinates": [ [ [ -73.9189707, 40.8596327 ], [ -73.9186144, 40.8601068 ], [ -73.9186604, 40.8601271 ], [ -73.919314, 40.8604075 ], [ -73.9196703, 40.8599335 ], [ -73.9189707, 40.8596327 ] ] ] } },
{ "type": "Feature", "properties": { "element": "way", "id": 383102707, "addr:state": null, "ele": null, "gnis:feature_id": null, "name": "Cherry Street Substation", "power": "substation", "source": null, "barrier": null, "check_date": null, "fixme": null, "operator": "Consolidated Edison", "substation": "distribution", "wikidata": null, "wikipedia": null, "note": null, "operator:wikidata": "Q1127536", "voltage": "69000;13200", "ref": null, "frequency": "60", "location": null, "operator:wikipedia": "en:Consolidated Edison", "landuse": null, "building:colour": null, "addr:housenumber": null, "addr:postcode": null, "addr:street": null, "building": null, "height": null, "nycdcp:uid": null, "nycdoitt:bin": null, "alt_name": null, "heritage": null, "heritage:operator": null, "historic": null, "ref:nrhp": null, "NY_mta:propcode": null, "addr:city": null, "exit": null, "building:material": null, "roof:material": null, "roof:shape": null, "disused": null, "destination": null, "building:facade:colour": null, "roof:colour": null, "building:part": null, "website": null, "voltage:primary": null, "voltage:secondary": null, "description": null, "abandoned": null, "protection_title": null, "source:1": null, "source_ref:1": null, "start_date": null }, "geometry": { "type": "Polygon", "coordinates": [ [ [ -73.9902795, 40.7112701 ], [ -73.9903063, 40.7116275 ], [ -73.9908913, 40.7115667 ], [ -73.9908886, 40.7115519 ], [ -73.9909749, 40.711543 ], [ -73.9909621, 40.7114725 ], [ -73.9911086, 40.7114588 ], [ -73.9910624, 40.7111618 ], [ -73.991017, 40.7111001 ], [ -73.9902768, 40.7112024 ], [ -73.9902795, 40.7112701 ] ] ] } },
{ "type": "Feature", "properties": { "element": "way", "id": 383102712, "addr:state": null, "ele": null, "gnis:feature_id": null, "name": "Fox Hill Substation", "power": "substation", "source": null, "barrier": null, "check_date": null, "fixme": null, "operator": "Consolidated Edison", "substation": "transmission", "wikidata": null, "wikipedia": null, "note": null, "operator:wikidata": "Q1127536", "voltage": "138000;33000", "ref": null, "frequency": "60", "location": "outdoor", "operator:wikipedia": null, "landuse": null, "building:colour": null, "addr:housenumber": null, "addr:postcode": null, "addr:street": null, "building": null, "height": null, "nycdcp:uid": null, "nycdoitt:bin": null, "alt_name": null, "heritage": null, "heritage:operator": null, "historic": null, "ref:nrhp": null, "NY_mta:propcode": null, "addr:city": null, "exit": null, "building:material": null, "roof:material": null, "roof:shape": null, "disused": null, "destination": null, "building:facade:colour": null, "roof:colour": null, "building:part": null, "website": null, "voltage:primary": null, "voltage:secondary": null, "description": null, "abandoned": null, "protection_title": null, "source:1": null, "source_ref:1": null, "start_date": null }, "geometry": { "type": "Polygon", "coordinates": [ [ [ -74.0768522, 40.6111093 ], [ -74.076692, 40.6107929 ], [ -74.0768174, 40.6105349 ], [ -74.076782, 40.6102578 ], [ -74.07734, 40.6095206 ], [ -74.0776093, 40.6091939 ], [ -74.0782021, 40.6094444 ], [ -74.0779862, 40.6097325 ], [ -74.0786959, 40.6099757 ], [ -74.0784692, 40.6103554 ], [ -74.0783078, 40.6106287 ], [ -74.0779171, 40.6112904 ], [ -74.0771784, 40.6109998 ], [ -74.0769863, 40.6112747 ], [ -74.0768082, 40.6112279 ], [ -74.0768522, 40.6111093 ] ] ] } },
{ "type": "Feature", "properties": { "element": "way", "id": 383102717, "addr:state": null, "ele": null, "gnis:feature_id": null, "name": "Fresh Kills Substation", "power": "substation", "source": null, "barrier": null, "check_date": null, "fixme": null, "operator": "Consolidated Edison", "substation": "transmission", "wikidata": null, "wikipedia": null, "note": null, "operator:wikidata": "Q1127536", "voltage": "345000;138000;33000;13000", "ref": null, "frequency": "60", "location": "outdoor", "operator:wikipedia": "en:Consolidated Edison", "landuse": null, "building:colour": null, "addr:housenumber": null, "addr:postcode": null, "addr:street": null, "building": null, "height": null, "nycdcp:uid": null, "nycdoitt:bin": null, "alt_name": null, "heritage": null, "heritage:operator": null, "historic": null, "ref:nrhp": null, "NY_mta:propcode": null, "addr:city": null, "exit": null, "building:material": null, "roof:material": null, "roof:shape": null, "disused": null, "destination": null, "building:facade:colour": null, "roof:colour": null, "building:part": null, "website": null, "voltage:primary": null, "voltage:secondary": null, "description": null, "abandoned": null, "protection_title": null, "source:1": null, "source_ref:1": null, "start_date": null }, "geometry": { "type": "Polygon", "coordinates": [ [ [ -74.1961433, 40.590504 ], [ -74.1964462, 40.5901949 ], [ -74.1953236, 40.5895607 ], [ -74.1959408, 40.5889308 ], [ -74.1961081, 40.5890254 ], [ -74.1961772, 40.5889548 ], [ -74.1962697, 40.5890071 ], [ -74.196856, 40.5884086 ], [ -74.1970331, 40.5885087 ], [ -74.1971973, 40.5883411 ], [ -74.1973192, 40.58841 ], [ -74.1974283, 40.5884716 ], [ -74.1981073, 40.5877786 ], [ -74.1984809, 40.5879897 ], [ -74.1979888, 40.588492 ], [ -74.198434, 40.5887436 ], [ -74.1965076, 40.5907098 ], [ -74.1961433, 40.590504 ] ] ] } },
{ "type": "Feature", "properties": { "element": "way", "id": 383102723, "addr:state": null, "ele": null, "gnis:feature_id": null, "name": "Gowanus Substation", "power": "substation", "source": null, "barrier": null, "check_date": null, "fixme": null, "operator": "Consolidated Edison", "substation": "transmission", "wikidata": null, "wikipedia": null, "note": null, "operator:wikidata": "Q1127536", "voltage": "345000;138000", "ref": null, "frequency": "60", "location": "outdoor", "operator:wikipedia": null, "landuse": null, "building:colour": null, "addr:housenumber": null, "addr:postcode": null, "addr:street": null, "building": null, "height": null, "nycdcp:uid": null, "nycdoitt:bin": null, "alt_name": null, "heritage": null, "heritage:operator": null, "historic": null, "ref:nrhp": null, "NY_mta:propcode": null, "addr:city": null, "exit": null, "building:material": null, "roof:material": null, "roof:shape": null, "disused": null, "destination": null, "building:facade:colour": null, "roof:colour": null, "building:part": null, "website": null, "voltage:primary": null, "voltage:secondary": null, "description": null, "abandoned": null, "protection_title": null, "source:1": null, "source_ref:1": null, "start_date": null }, "geometry": { "type": "Polygon", "coordinates": [ [ [ -74.0023244, 40.6611545 ], [ -74.0027793, 40.6607292 ], [ -74.0039625, 40.6614464 ], [ -74.0039803, 40.6615673 ], [ -74.0031709, 40.6623522 ], [ -74.0032438, 40.6623918 ], [ -74.0032285, 40.6625987 ], [ -74.0032853, 40.6626321 ], [ -74.0031609, 40.6627629 ], [ -74.0034261, 40.6629281 ], [ -74.003347, 40.6630075 ], [ -74.003754, 40.6632431 ], [ -74.0034353, 40.6635984 ], [ -74.0010818, 40.6621773 ], [ -74.0014997, 40.6617778 ], [ -74.0016421, 40.6618612 ], [ -74.0022725, 40.6612557 ], [ -74.0023584, 40.6611738 ], [ -74.0023244, 40.6611545 ] ] ] } },
{ "type": "Feature", "properties": { "element": "way", "id": 383102724, "addr:state": null, "ele": null, "gnis:feature_id": null, "name": "Hudson Avenue Substation", "power": "substation", "source": null, "barrier": null, "check_date": null, "fixme": null, "operator": "Consolidated Edison", "substation": "distribution", "wikidata": null, "wikipedia": null, "note": null, "operator:wikidata": "Q1127536", "voltage": "138000", "ref": null, "frequency": "60", "location": "outdoor", "operator:wikipedia": "en:Consolidated Edison", "landuse": null, "building:colour": null, "addr:housenumber": null, "addr:postcode": null, "addr:street": null, "building": null, "height": null, "nycdcp:uid": null, "nycdoitt:bin": null, "alt_name": null, "heritage": null, "heritage:operator": null, "historic": null, "ref:nrhp": null, "NY_mta:propcode": null, "addr:city": null, "exit": null, "building:material": null, "roof:material": null, "roof:shape": null, "disused": null, "destination": null, "building:facade:colour": null, "roof:colour": null, "building:part": null, "website": null, "voltage:primary": null, "voltage:secondary": null, "description": null, "abandoned": null, "protection_title": null, "source:1": null, "source_ref:1": null, "start_date": null }, "geometry": { "type": "Polygon", "coordinates": [ [ [ -73.9824596, 40.7042253 ], [ -73.9811232, 40.7041846 ], [ -73.9811565, 40.7036338 ], [ -73.9823344, 40.7036753 ], [ -73.9825052, 40.7036808 ], [ -73.9825384, 40.7036822 ], [ -73.9824596, 40.7042253 ] ] ] } },
{ "type": "Feature", "properties": { "element": "way", "id": 383102725, "addr:state": null, "ele": null, "gnis:feature_id": null, "name": "Tremont Substation", "power": "substation", "source": null, "barrier": null, "check_date": null, "fixme": null, "operator": "Consolidated Edison", "substation": "transmission", "wikidata": null, "wikipedia": null, "note": null, "operator:wikidata": "Q1127536", "voltage": "345000;138000", "ref": null, "frequency": "60", "location": "outdoor", "operator:wikipedia": "en:Consolidated Edison", "landuse": null, "building:colour": null, "addr:housenumber": null, "addr:postcode": null, "addr:street": null, "building": null, "height": null, "nycdcp:uid": null, "nycdoitt:bin": null, "alt_name": null, "heritage": null, "heritage:operator": null, "historic": null, "ref:nrhp": null, "NY_mta:propcode": null, "addr:city": null, "exit": null, "building:material": null, "roof:material": null, "roof:shape": null, "disused": null, "destination": null, "building:facade:colour": null, "roof:colour": null, "building:part": null, "website": null, "voltage:primary": null, "voltage:secondary": null, "description": null, "abandoned": null, "protection_title": null, "source:1": null, "source_ref:1": null, "start_date": null }, "geometry": { "type": "Polygon", "coordinates": [ [ [ -73.863187, 40.8421366 ], [ -73.8628081, 40.8424816 ], [ -73.8627249, 40.8425738 ], [ -73.8630369, 40.8427649 ], [ -73.8628616, 40.8429334 ], [ -73.8629478, 40.8430571 ], [ -73.8631974, 40.8432021 ], [ -73.8634054, 40.8431447 ], [ -73.8641482, 40.8428289 ], [ -73.8642507, 40.842793 ], [ -73.8644572, 40.8427581 ], [ -73.8646623, 40.8425603 ], [ -73.8648153, 40.8425446 ], [ -73.8647811, 40.8423748 ], [ -73.8648197, 40.8423422 ], [ -73.8639996, 40.8418488 ], [ -73.8636183, 40.841892 ], [ -73.8637167, 40.8420154 ], [ -73.8634909, 40.8422001 ], [ -73.8634207, 40.842289 ], [ -73.863187, 40.8421366 ] ] ] } },
{ "type": "Feature", "properties": { "element": "way", "id": 383110525, "addr:state": null, "ele": null, "gnis:feature_id": null, "name": "Bruckner Substation", "power": "substation", "source": null, "barrier": "wall", "check_date": null, "fixme": null, "operator": "Consolidated Edison", "substation": "distribution", "wikidata": null, "wikipedia": null, "note": null, "operator:wikidata": "Q1127536", "voltage": "138000;13200", "ref": null, "frequency": "60", "location": "outdoor", "operator:wikipedia": null, "landuse": null, "building:colour": null, "addr:housenumber": null, "addr:postcode": null, "addr:street": null, "building": null, "height": null, "nycdcp:uid": null, "nycdoitt:bin": null, "alt_name": null, "heritage": null, "heritage:operator": null, "historic": null, "ref:nrhp": null, "NY_mta:propcode": null, "addr:city": null, "exit": null, "building:material": null, "roof:material": null, "roof:shape": null, "disused": null, "destination": null, "building:facade:colour": null, "roof:colour": null, "building:part": null, "website": null, "voltage:primary": null, "voltage:secondary": null, "description": null, "abandoned": null, "protection_title": null, "source:1": null, "source_ref:1": null, "start_date": null }, "geometry": { "type": "Polygon", "coordinates": [ [ [ -73.9109044, 40.7986933 ], [ -73.9107543, 40.7988419 ], [ -73.910694, 40.7989016 ], [ -73.9106011, 40.7989935 ], [ -73.9104932, 40.7991003 ], [ -73.9104399, 40.7991531 ], [ -73.9110555, 40.7995095 ], [ -73.9112217, 40.7996058 ], [ -73.9114023, 40.7997103 ], [ -73.911439, 40.7997315 ], [ -73.91152, 40.7996513 ], [ -73.9115445, 40.7996271 ], [ -73.9119036, 40.7992716 ], [ -73.9117849, 40.7992029 ], [ -73.9109044, 40.7986933 ] ] ] } },
{ "type": "Feature", "properties": { "element": "way", "id": 383110528, "addr:state": null, "ele": null, "gnis:feature_id": null, "name": "Corona Substation", "power": "substation", "source": null, "barrier": null, "check_date": null, "fixme": null, "operator": "Consolidated Edison", "substation": "distribution", "wikidata": null, "wikipedia": null, "note": null, "operator:wikidata": "Q1127536", "voltage": "138000;27000", "ref": null, "frequency": "60", "location": "outdoor", "operator:wikipedia": null, "landuse": null, "building:colour": null, "addr:housenumber": null, "addr:postcode": null, "addr:street": null, "building": null, "height": null, "nycdcp:uid": null, "nycdoitt:bin": null, "alt_name": null, "heritage": null, "heritage:operator": null, "historic": null, "ref:nrhp": null, "NY_mta:propcode": null, "addr:city": null, "exit": null, "building:material": null, "roof:material": null, "roof:shape": null, "disused": null, "destination": null, "building:facade:colour": null, "roof:colour": null, "building:part": null, "website": null, "voltage:primary": null, "voltage:secondary": null, "description": null, "abandoned": null, "protection_title": null, "source:1": null, "source_ref:1": null, "start_date": null }, "geometry": { "type": "Polygon", "coordinates": [ [ [ -73.8608856, 40.7396199 ], [ -73.8624932, 40.739238 ], [ -73.8626268, 40.7392073 ], [ -73.8627841, 40.7391718 ], [ -73.8633772, 40.7406325 ], [ -73.862746, 40.7409945 ], [ -73.8625695, 40.7410656 ], [ -73.8619508, 40.7414323 ], [ -73.8618858, 40.7413728 ], [ -73.8608856, 40.7396199 ] ] ] } },
{ "type": "Feature", "properties": { "element": "way", "id": 383110529, "addr:state": null, "ele": null, "gnis:feature_id": null, "name": "Farragut Substation", "power": "substation", "source": "Bing", "barrier": "fence", "check_date": null, "fixme": "name", "operator": "Consolidated Edison", "substation": "transmission", "wikidata": null, "wikipedia": null, "note": null, "operator:wikidata": "Q1127536", "voltage": "345000;138000", "ref": null, "frequency": "60", "location": "outdoor", "operator:wikipedia": "en:Consolidated Edison", "landuse": null, "building:colour": null, "addr:housenumber": null, "addr:postcode": null, "addr:street": null, "building": null, "height": null, "nycdcp:uid": null, "nycdoitt:bin": null, "alt_name": null, "heritage": null, "heritage:operator": null, "historic": null, "ref:nrhp": null, "NY_mta:propcode": null, "addr:city": null, "exit": null, "building:material": null, "roof:material": null, "roof:shape": null, "disused": null, "destination": null, "building:facade:colour": null, "roof:colour": null, "building:part": null, "website": null, "voltage:primary": null, "voltage:secondary": null, "description": null, "abandoned": null, "protection_title": null, "source:1": null, "source_ref:1": null, "start_date": null }, "geometry": { "type": "LineString", "coordinates": [ [ -73.9826677, 40.7043495 ], [ -73.9826767, 40.7042829 ], [ -73.9826821, 40.7042429 ] ] } },
{ "type": "Feature", "properties": { "element": "way", "id": 383110530, "addr:state": null, "ele": null, "gnis:feature_id": null, "name": "Farragut Substation", "power": "substation", "source": "Bing", "barrier": "fence", "check_date": null, "fixme": "name", "operator": "Consolidated Edison", "substation": "transmission", "wikidata": null, "wikipedia": null, "note": null, "operator:wikidata": "Q1127536", "voltage": "345000;138000", "ref": null, "frequency": "60", "location": "outdoor", "operator:wikipedia": "en:Consolidated Edison", "landuse": null, "building:colour": null, "addr:housenumber": null, "addr:postcode": null, "addr:street": null, "building": null, "height": null, "nycdcp:uid": null, "nycdoitt:bin": null, "alt_name": null, "heritage": null, "heritage:operator": null, "historic": null, "ref:nrhp": null, "NY_mta:propcode": null, "addr:city": null, "exit": null, "building:material": null, "roof:material": null, "roof:shape": null, "disused": null, "destination": null, "building:facade:colour": null, "roof:colour": null, "building:part": null, "website": null, "voltage:primary": null, "voltage:secondary": null, "description": null, "abandoned": null, "protection_title": null, "source:1": null, "source_ref:1": null, "start_date": null }, "geometry": { "type": "LineString", "coordinates": [ [ -73.9841304, 40.7041315 ], [ -73.9844845, 40.7041437 ], [ -73.9844734, 40.7043415 ], [ -73.9844688, 40.7044103 ] ] } },
{ "type": "Feature", "properties": { "element": "way", "id": 383110533, "addr:state": null, "ele": null, "gnis:feature_id": null, "name": "Hell Gate Substation", "power": "substation", "source": null, "barrier": null, "check_date": null, "fixme": null, "operator": "Consolidated Edison", "substation": "distribution", "wikidata": null, "wikipedia": null, "note": null, "operator:wikidata": "Q1127536", "voltage": "138000;13200", "ref": null, "frequency": "60", "location": "outdoor", "operator:wikipedia": null, "landuse": null, "building:colour": null, "addr:housenumber": null, "addr:postcode": null, "addr:street": null, "building": null, "height": null, "nycdcp:uid": null, "nycdoitt:bin": null, "alt_name": null, "heritage": null, "heritage:operator": null, "historic": null, "ref:nrhp": null, "NY_mta:propcode": null, "addr:city": null, "exit": null, "building:material": null, "roof:material": null, "roof:shape": null, "disused": null, "destination": null, "building:facade:colour": null, "roof:colour": null, "building:part": null, "website": null, "voltage:primary": null, "voltage:secondary": null, "description": null, "abandoned": null, "protection_title": null, "source:1": null, "source_ref:1": null, "start_date": null }, "geometry": { "type": "Polygon", "coordinates": [ [ [ -73.9096875, 40.7996308 ], [ -73.909365, 40.7994435 ], [ -73.9099438, 40.7988723 ], [ -73.9102167, 40.7986029 ], [ -73.9105392, 40.7987902 ], [ -73.9096875, 40.7996308 ] ] ] } },
{ "type": "Feature", "properties": { "element": "way", "id": 383110539, "addr:state": null, "ele": null, "gnis:feature_id": null, "name": "Plymouth Substation", "power": "substation", "source": null, "barrier": null, "check_date": null, "fixme": null, "operator": "Consolidated Edison", "substation": "distribution", "wikidata": null, "wikipedia": null, "note": null, "operator:wikidata": "Q1127536", "voltage": "138000;27000", "ref": null, "frequency": "60", "location": "outdoor", "operator:wikipedia": "en:Consolidated Edison", "landuse": null, "building:colour": null, "addr:housenumber": null, "addr:postcode": null, "addr:street": null, "building": null, "height": null, "nycdcp:uid": null, "nycdoitt:bin": null, "alt_name": null, "heritage": null, "heritage:operator": null, "historic": null, "ref:nrhp": null, "NY_mta:propcode": null, "addr:city": null, "exit": null, "building:material": null, "roof:material": null, "roof:shape": null, "disused": null, "destination": null, "building:facade:colour": null, "roof:colour": null, "building:part": null, "website": null, "voltage:primary": null, "voltage:secondary": null, "description": null, "abandoned": null, "protection_title": null, "source:1": null, "source_ref:1": null, "start_date": null }, "geometry": { "type": "Polygon", "coordinates": [ [ [ -73.9826821, 40.7042429 ], [ -73.9841188, 40.7042875 ], [ -73.9841304, 40.7041315 ], [ -73.9841384, 40.7040049 ], [ -73.9841556, 40.7037273 ], [ -73.9828837, 40.7036869 ], [ -73.9827571, 40.7036903 ], [ -73.9826821, 40.7042429 ] ] ] } },
{ "type": "Feature", "properties": { "element": "way", "id": 383541577, "addr:state": null, "ele": null, "gnis:feature_id": null, "name": "Floral Park Substation", "power": "substation", "source": "FERC", "barrier": null, "check_date": null, "fixme": null, "operator": "Consolidated Edison", "substation": "distribution", "wikidata": null, "wikipedia": null, "note": null, "operator:wikidata": "Q1127536", "voltage": "27000;4000", "ref": null, "frequency": "60", "location": "outdoor", "operator:wikipedia": "en:Consolidated Edison", "landuse": null, "building:colour": null, "addr:housenumber": null, "addr:postcode": null, "addr:street": null, "building": null, "height": null, "nycdcp:uid": null, "nycdoitt:bin": null, "alt_name": null, "heritage": null, "heritage:operator": null, "historic": null, "ref:nrhp": null, "NY_mta:propcode": null, "addr:city": null, "exit": null, "building:material": null, "roof:material": null, "roof:shape": null, "disused": null, "destination": null, "building:facade:colour": null, "roof:colour": null, "building:part": null, "website": null, "voltage:primary": null, "voltage:secondary": null, "description": null, "abandoned": null, "protection_title": null, "source:1": null, "source_ref:1": null, "start_date": null }, "geometry": { "type": "Polygon", "coordinates": [ [ [ -73.7070584, 40.7373999 ], [ -73.7069945, 40.7372413 ], [ -73.7068452, 40.7372759 ], [ -73.706909, 40.7374344 ], [ -73.7070584, 40.7373999 ] ] ] } },
{ "type": "Feature", "properties": { "element": "way", "id": 383541578, "addr:state": null, "ele": null, "gnis:feature_id": null, "name": "Flushing Substation", "power": "substation", "source": "FERC", "barrier": null, "check_date": null, "fixme": null, "operator": "Consolidated Edison", "substation": "distribution", "wikidata": null, "wikipedia": null, "note": null, "operator:wikidata": "Q1127536", "voltage": "27000;4000", "ref": null, "frequency": "60", "location": "indoor", "operator:wikipedia": null, "landuse": null, "building:colour": null, "addr:housenumber": null, "addr:postcode": null, "addr:street": null, "building": null, "height": null, "nycdcp:uid": null, "nycdoitt:bin": null, "alt_name": null, "heritage": null, "heritage:operator": null, "historic": null, "ref:nrhp": null, "NY_mta:propcode": null, "addr:city": null, "exit": null, "building:material": null, "roof:material": null, "roof:shape": null, "disused": null, "destination": null, "building:facade:colour": null, "roof:colour": null, "building:part": null, "website": null, "voltage:primary": null, "voltage:secondary": null, "description": null, "abandoned": null, "protection_title": null, "source:1": null, "source_ref:1": null, "start_date": null }, "geometry": { "type": "Polygon", "coordinates": [ [ [ -73.8364177, 40.7644367 ], [ -73.8359322, 40.7645299 ], [ -73.8358423, 40.7641792 ], [ -73.8362114, 40.7641051 ], [ -73.8364177, 40.7644367 ] ] ] } },
{ "type": "Feature", "properties": { "element": "way", "id": 383541579, "addr:state": null, "ele": null, "gnis:feature_id": null, "name": "Glen Oaks Substation", "power": "substation", "source": "FERC", "barrier": null, "check_date": null, "fixme": null, "operator": "Consolidated Edison", "substation": "distribution", "wikidata": null, "wikipedia": null, "note": null, "operator:wikidata": "Q1127536", "voltage": "27000;4000", "ref": null, "frequency": "60", "location": null, "operator:wikipedia": null, "landuse": null, "building:colour": null, "addr:housenumber": null, "addr:postcode": null, "addr:street": null, "building": null, "height": null, "nycdcp:uid": null, "nycdoitt:bin": null, "alt_name": null, "heritage": null, "heritage:operator": null, "historic": null, "ref:nrhp": null, "NY_mta:propcode": null, "addr:city": null, "exit": null, "building:material": null, "roof:material": null, "roof:shape": null, "disused": null, "destination": null, "building:facade:colour": null, "roof:colour": null, "building:part": null, "website": null, "voltage:primary": null, "voltage:secondary": null, "description": null, "abandoned": null, "protection_title": null, "source:1": null, "source_ref:1": null, "start_date": null }, "geometry": { "type": "Polygon", "coordinates": [ [ [ -73.717272, 40.7436536 ], [ -73.7169612, 40.7437216 ], [ -73.7170204, 40.7438725 ], [ -73.7172979, 40.7438136 ], [ -73.7173322, 40.7438069 ], [ -73.717272, 40.7436536 ] ] ] } },
{ "type": "Feature", "properties": { "element": "way", "id": 383541580, "addr:state": null, "ele": null, "gnis:feature_id": null, "name": "Hillcrest Substation", "power": "substation", "source": "FERC", "barrier": null, "check_date": null, "fixme": null, "operator": "Consolidated Edison", "substation": "distribution", "wikidata": null, "wikipedia": null, "note": null, "operator:wikidata": "Q1127536", "voltage": "27000;4000", "ref": null, "frequency": "60", "location": "outdoor", "operator:wikipedia": null, "landuse": null, "building:colour": null, "addr:housenumber": null, "addr:postcode": null, "addr:street": null, "building": null, "height": null, "nycdcp:uid": null, "nycdoitt:bin": null, "alt_name": null, "heritage": null, "heritage:operator": null, "historic": null, "ref:nrhp": null, "NY_mta:propcode": null, "addr:city": null, "exit": null, "building:material": null, "roof:material": null, "roof:shape": null, "disused": null, "destination": null, "building:facade:colour": null, "roof:colour": null, "building:part": null, "website": null, "voltage:primary": null, "voltage:secondary": null, "description": null, "abandoned": null, "protection_title": null, "source:1": null, "source_ref:1": null, "start_date": null }, "geometry": { "type": "Polygon", "coordinates": [ [ [ -73.804242, 40.7243545 ], [ -73.8042138, 40.7242062 ], [ -73.8045685, 40.7241676 ], [ -73.8045966, 40.7243158 ], [ -73.804242, 40.7243545 ] ] ] } },
{ "type": "Feature", "properties": { "element": "way", "id": 383541581, "addr:state": null, "ele": null, "gnis:feature_id": null, "name": "Hollis Substation", "power": "substation", "source": "FERC", "barrier": null, "check_date": null, "fixme": null, "operator": null, "substation": "distribution", "wikidata": null, "wikipedia": null, "note": null, "operator:wikidata": null, "voltage": "27000;4000", "ref": null, "frequency": "60", "location": "indoor", "operator:wikipedia": null, "landuse": null, "building:colour": null, "addr:housenumber": null, "addr:postcode": null, "addr:street": null, "building": null, "height": null, "nycdcp:uid": null, "nycdoitt:bin": null, "alt_name": null, "heritage": null, "heritage:operator": null, "historic": null, "ref:nrhp": null, "NY_mta:propcode": null, "addr:city": null, "exit": null, "building:material": null, "roof:material": null, "roof:shape": null, "disused": null, "destination": null, "building:facade:colour": null, "roof:colour": null, "building:part": null, "website": null, "voltage:primary": null, "voltage:secondary": null, "description": null, "abandoned": null, "protection_title": null, "source:1": null, "source_ref:1": null, "start_date": null }, "geometry": { "type": "Polygon", "coordinates": [ [ [ -73.7546595, 40.7132435 ], [ -73.7549686, 40.7131683 ], [ -73.7550075, 40.7132599 ], [ -73.7550693, 40.7134046 ], [ -73.7550982, 40.7134751 ], [ -73.7548467, 40.7135364 ], [ -73.7547896, 40.7135503 ], [ -73.7546983, 40.7133348 ], [ -73.7546595, 40.7132435 ] ] ] } },
{ "type": "Feature", "properties": { "element": "way", "id": 383541582, "addr:state": null, "ele": null, "gnis:feature_id": null, "name": "Howard Beach Substation", "power": "substation", "source": "FERC", "barrier": null, "check_date": null, "fixme": null, "operator": "Consolidated Edison", "substation": "distribution", "wikidata": null, "wikipedia": null, "note": null, "operator:wikidata": "Q1127536", "voltage": "27000;4000", "ref": null, "frequency": "60", "location": null, "operator:wikipedia": null, "landuse": null, "building:colour": null, "addr:housenumber": null, "addr:postcode": null, "addr:street": null, "building": null, "height": null, "nycdcp:uid": null, "nycdoitt:bin": null, "alt_name": null, "heritage": null, "heritage:operator": null, "historic": null, "ref:nrhp": null, "NY_mta:propcode": null, "addr:city": null, "exit": null, "building:material": null, "roof:material": null, "roof:shape": null, "disused": null, "destination": null, "building:facade:colour": null, "roof:colour": null, "building:part": null, "website": null, "voltage:primary": null, "voltage:secondary": null, "description": null, "abandoned": null, "protection_title": null, "source:1": null, "source_ref:1": null, "start_date": null }, "geometry": { "type": "Polygon", "coordinates": [ [ [ -73.840184, 40.6629596 ], [ -73.8399071, 40.6630013 ], [ -73.8398461, 40.6627615 ], [ -73.8401214, 40.6627209 ], [ -73.840184, 40.6629596 ] ] ] } },
{ "type": "Feature", "properties": { "element": "way", "id": 383575264, "addr:state": null, "ele": null, "gnis:feature_id": null, "name": "146th Avenue Substation", "power": "substation", "source": "FERC", "barrier": null, "check_date": null, "fixme": null, "operator": "Consolidated Edison", "substation": "distribution", "wikidata": null, "wikipedia": null, "note": null, "operator:wikidata": "Q1127536", "voltage": "27000;4000", "ref": null, "frequency": "60", "location": null, "operator:wikipedia": null, "landuse": null, "building:colour": null, "addr:housenumber": null, "addr:postcode": null, "addr:street": null, "building": null, "height": null, "nycdcp:uid": null, "nycdoitt:bin": null, "alt_name": null, "heritage": null, "heritage:operator": null, "historic": null, "ref:nrhp": null, "NY_mta:propcode": null, "addr:city": null, "exit": null, "building:material": null, "roof:material": null, "roof:shape": null, "disused": null, "destination": null, "building:facade:colour": null, "roof:colour": null, "building:part": null, "website": null, "voltage:primary": null, "voltage:secondary": null, "description": null, "abandoned": null, "protection_title": null, "source:1": null, "source_ref:1": null, "start_date": null }, "geometry": { "type": "Polygon", "coordinates": [ [ [ -73.7546886, 40.6599883 ], [ -73.7545194, 40.6599224 ], [ -73.754557, 40.6598669 ], [ -73.7546456, 40.6599015 ], [ -73.7546579, 40.6598834 ], [ -73.7547384, 40.6599148 ], [ -73.7546886, 40.6599883 ] ] ] } },
{ "type": "Feature", "properties": { "element": "way", "id": 383575265, "addr:state": null, "ele": null, "gnis:feature_id": null, "name": "151st Avenue Substation", "power": "substation", "source": "FERC", "barrier": null, "check_date": null, "fixme": null, "operator": "Consolidated Edison", "substation": "distribution", "wikidata": null, "wikipedia": null, "note": null, "operator:wikidata": "Q1127536", "voltage": "27000;4000", "ref": null, "frequency": "60", "location": null, "operator:wikipedia": null, "landuse": null, "building:colour": null, "addr:housenumber": null, "addr:postcode": null, "addr:street": null, "building": null, "height": null, "nycdcp:uid": null, "nycdoitt:bin": null, "alt_name": null, "heritage": null, "heritage:operator": null, "historic": null, "ref:nrhp": null, "NY_mta:propcode": null, "addr:city": null, "exit": null, "building:material": null, "roof:material": null, "roof:shape": null, "disused": null, "destination": null, "building:facade:colour": null, "roof:colour": null, "building:part": null, "website": null, "voltage:primary": null, "voltage:secondary": null, "description": null, "abandoned": null, "protection_title": null, "source:1": null, "source_ref:1": null, "start_date": null }, "geometry": { "type": "Polygon", "coordinates": [ [ [ -73.8549622, 40.6669275 ], [ -73.8549357, 40.6668245 ], [ -73.8551486, 40.6667929 ], [ -73.8551751, 40.666896 ], [ -73.8549622, 40.6669275 ] ] ] } },
{ "type": "Feature", "properties": { "element": "way", "id": 383575266, "addr:state": null, "ele": null, "gnis:feature_id": null, "name": "160th Avenue Substation", "power": "substation", "source": "FERC", "barrier": null, "check_date": null, "fixme": null, "operator": "Consolidated Edison", "substation": "distribution", "wikidata": null, "wikipedia": null, "note": null, "operator:wikidata": "Q1127536", "voltage": "27000;4000", "ref": null, "frequency": "60", "location": null, "operator:wikipedia": null, "landuse": null, "building:colour": null, "addr:housenumber": null, "addr:postcode": null, "addr:street": null, "building": null, "height": null, "nycdcp:uid": null, "nycdoitt:bin": null, "alt_name": null, "heritage": null, "heritage:operator": null, "historic": null, "ref:nrhp": null, "NY_mta:propcode": null, "addr:city": null, "exit": null, "building:material": null, "roof:material": null, "roof:shape": null, "disused": null, "destination": null, "building:facade:colour": null, "roof:colour": null, "building:part": null, "website": null, "voltage:primary": null, "voltage:secondary": null, "description": null, "abandoned": null, "protection_title": null, "source:1": null, "source_ref:1": null, "start_date": null }, "geometry": { "type": "Polygon", "coordinates": [ [ [ -73.8476995, 40.6566594 ], [ -73.8475391, 40.6566832 ], [ -73.8474973, 40.656521 ], [ -73.8476577, 40.6564972 ], [ -73.8476995, 40.6566594 ] ] ] } },
{ "type": "Feature", "properties": { "element": "way", "id": 383575267, "addr:state": null, "ele": null, "gnis:feature_id": null, "name": "253rd Place Substation", "power": "substation", "source": "FERC", "barrier": null, "check_date": null, "fixme": null, "operator": "Consolidated Edison", "substation": "distribution", "wikidata": null, "wikipedia": null, "note": null, "operator:wikidata": "Q1127536", "voltage": "27000;4000", "ref": null, "frequency": "60", "location": null, "operator:wikipedia": null, "landuse": null, "building:colour": null, "addr:housenumber": null, "addr:postcode": null, "addr:street": null, "building": null, "height": null, "nycdcp:uid": null, "nycdoitt:bin": null, "alt_name": null, "heritage": null, "heritage:operator": null, "historic": null, "ref:nrhp": null, "NY_mta:propcode": null, "addr:city": null, "exit": null, "building:material": null, "roof:material": null, "roof:shape": null, "disused": null, "destination": null, "building:facade:colour": null, "roof:colour": null, "building:part": null, "website": null, "voltage:primary": null, "voltage:secondary": null, "description": null, "abandoned": null, "protection_title": null, "source:1": null, "source_ref:1": null, "start_date": null }, "geometry": { "type": "Polygon", "coordinates": [ [ [ -73.7354085, 40.6566014 ], [ -73.7350544, 40.656595 ], [ -73.7350476, 40.6568085 ], [ -73.7354017, 40.6568149 ], [ -73.7354085, 40.6566014 ] ] ] } },
{ "type": "Feature", "properties": { "element": "way", "id": 383575268, "addr:state": null, "ele": null, "gnis:feature_id": null, "name": "Alley Park Substation", "power": "substation", "source": "FERC", "barrier": null, "check_date": null, "fixme": null, "operator": "Consolidated Edison", "substation": "distribution", "wikidata": null, "wikipedia": null, "note": null, "operator:wikidata": "Q1127536", "voltage": "27000;4000", "ref": null, "frequency": "60", "location": null, "operator:wikipedia": null, "landuse": null, "building:colour": null, "addr:housenumber": null, "addr:postcode": null, "addr:street": null, "building": null, "height": null, "nycdcp:uid": null, "nycdoitt:bin": null, "alt_name": null, "heritage": null, "heritage:operator": null, "historic": null, "ref:nrhp": null, "NY_mta:propcode": null, "addr:city": null, "exit": null, "building:material": null, "roof:material": null, "roof:shape": null, "disused": null, "destination": null, "building:facade:colour": null, "roof:colour": null, "building:part": null, "website": null, "voltage:primary": null, "voltage:secondary": null, "description": null, "abandoned": null, "protection_title": null, "source:1": null, "source_ref:1": null, "start_date": null }, "geometry": { "type": "Polygon", "coordinates": [ [ [ -73.7616927, 40.743796 ], [ -73.7613893, 40.7438811 ], [ -73.7612767, 40.7436506 ], [ -73.7615801, 40.7435655 ], [ -73.7616927, 40.743796 ] ] ] } },
{ "type": "Feature", "properties": { "element": "way", "id": 383575269, "addr:state": null, "ele": null, "gnis:feature_id": null, "name": "Aqueduct Substation", "power": "substation", "source": "FERC", "barrier": null, "check_date": null, "fixme": null, "operator": "Consolidated Edison", "substation": "distribution", "wikidata": null, "wikipedia": null, "note": null, "operator:wikidata": "Q1127536", "voltage": "27000;4000", "ref": null, "frequency": "60", "location": null, "operator:wikipedia": "en:Consolidated Edison", "landuse": null, "building:colour": null, "addr:housenumber": null, "addr:postcode": null, "addr:street": null, "building": null, "height": null, "nycdcp:uid": null, "nycdoitt:bin": null, "alt_name": null, "heritage": null, "heritage:operator": null, "historic": null, "ref:nrhp": null, "NY_mta:propcode": null, "addr:city": null, "exit": null, "building:material": null, "roof:material": null, "roof:shape": null, "disused": null, "destination": null, "building:facade:colour": null, "roof:colour": null, "building:part": null, "website": null, "voltage:primary": null, "voltage:secondary": null, "description": null, "abandoned": null, "protection_title": null, "source:1": null, "source_ref:1": null, "start_date": null }, "geometry": { "type": "Polygon", "coordinates": [ [ [ -73.8205021, 40.6700893 ], [ -73.8202904, 40.6700501 ], [ -73.8202045, 40.6703171 ], [ -73.8204162, 40.6703563 ], [ -73.8205021, 40.6700893 ] ] ] } },
{ "type": "Feature", "properties": { "element": "way", "id": 383575270, "addr:state": null, "ele": null, "gnis:feature_id": null, "name": "Auburndale Substation", "power": "substation", "source": "FERC", "barrier": null, "check_date": null, "fixme": null, "operator": "Consolidated Edison", "substation": "distribution", "wikidata": null, "wikipedia": null, "note": null, "operator:wikidata": "Q1127536", "voltage": "27000;4000", "ref": null, "frequency": "60", "location": null, "operator:wikipedia": "en:Consolidated Edison", "landuse": null, "building:colour": null, "addr:housenumber": null, "addr:postcode": null, "addr:street": null, "building": null, "height": null, "nycdcp:uid": null, "nycdoitt:bin": null, "alt_name": null, "heritage": null, "heritage:operator": null, "historic": null, "ref:nrhp": null, "NY_mta:propcode": null, "addr:city": null, "exit": null, "building:material": null, "roof:material": null, "roof:shape": null, "disused": null, "destination": null, "building:facade:colour": null, "roof:colour": null, "building:part": null, "website": null, "voltage:primary": null, "voltage:secondary": null, "description": null, "abandoned": null, "protection_title": null, "source:1": null, "source_ref:1": null, "start_date": null }, "geometry": { "type": "Polygon", "coordinates": [ [ [ -73.7991823, 40.776458 ], [ -73.7994819, 40.776484 ], [ -73.7994644, 40.7765998 ], [ -73.7991648, 40.7765739 ], [ -73.7991823, 40.776458 ] ] ] } },
{ "type": "Feature", "properties": { "element": "way", "id": 383575271, "addr:state": null, "ele": null, "gnis:feature_id": null, "name": "Beechhurst Substation", "power": "substation", "source": "FERC", "barrier": null, "check_date": null, "fixme": null, "operator": "Consolidated Edison", "substation": "distribution", "wikidata": null, "wikipedia": null, "note": null, "operator:wikidata": "Q1127536", "voltage": "27000;4000", "ref": null, "frequency": "60", "location": null, "operator:wikipedia": "en:Consolidated Edison", "landuse": null, "building:colour": null, "addr:housenumber": null, "addr:postcode": null, "addr:street": null, "building": null, "height": null, "nycdcp:uid": null, "nycdoitt:bin": null, "alt_name": null, "heritage": null, "heritage:operator": null, "historic": null, "ref:nrhp": null, "NY_mta:propcode": null, "addr:city": null, "exit": null, "building:material": null, "roof:material": null, "roof:shape": null, "disused": null, "destination": null, "building:facade:colour": null, "roof:colour": null, "building:part": null, "website": null, "voltage:primary": null, "voltage:secondary": null, "description": null, "abandoned": null, "protection_title": null, "source:1": null, "source_ref:1": null, "start_date": null }, "geometry": { "type": "Polygon", "coordinates": [ [ [ -73.7953006, 40.7855895 ], [ -73.7952691, 40.7854464 ], [ -73.7953535, 40.7854358 ], [ -73.7953849, 40.7855789 ], [ -73.7953006, 40.7855895 ] ] ] } },
{ "type": "Feature", "properties": { "element": "way", "id": 383575272, "addr:state": null, "ele": null, "gnis:feature_id": null, "name": "Brinkerhoff Substation", "power": "substation", "source": "FERC", "barrier": null, "check_date": null, "fixme": null, "operator": "Consolidated Edison", "substation": "distribution", "wikidata": null, "wikipedia": null, "note": null, "operator:wikidata": "Q1127536", "voltage": "27000;4000", "ref": null, "frequency": "60", "location": null, "operator:wikipedia": null, "landuse": null, "building:colour": null, "addr:housenumber": null, "addr:postcode": null, "addr:street": null, "building": null, "height": null, "nycdcp:uid": null, "nycdoitt:bin": null, "alt_name": null, "heritage": null, "heritage:operator": null, "historic": null, "ref:nrhp": null, "NY_mta:propcode": null, "addr:city": null, "exit": null, "building:material": null, "roof:material": null, "roof:shape": null, "disused": null, "destination": null, "building:facade:colour": null, "roof:colour": null, "building:part": null, "website": null, "voltage:primary": null, "voltage:secondary": null, "description": null, "abandoned": null, "protection_title": null, "source:1": null, "source_ref:1": null, "start_date": null }, "geometry": { "type": "Polygon", "coordinates": [ [ [ -73.7880799, 40.6945538 ], [ -73.7878489, 40.6946503 ], [ -73.7879343, 40.6947679 ], [ -73.7881653, 40.6946714 ], [ -73.7880799, 40.6945538 ] ] ] } },
{ "type": "Feature", "properties": { "element": "way", "id": 383575274, "addr:state": null, "ele": null, "gnis:feature_id": null, "name": "Causeway Substation", "power": "substation", "source": "FERC", "barrier": null, "check_date": null, "fixme": null, "operator": "Consolidated Edison", "substation": "distribution", "wikidata": null, "wikipedia": null, "note": null, "operator:wikidata": "Q1127536", "voltage": "27000;4000", "ref": null, "frequency": "60", "location": null, "operator:wikipedia": null, "landuse": null, "building:colour": null, "addr:housenumber": null, "addr:postcode": null, "addr:street": null, "building": null, "height": null, "nycdcp:uid": null, "nycdoitt:bin": null, "alt_name": null, "heritage": null, "heritage:operator": null, "historic": null, "ref:nrhp": null, "NY_mta:propcode": null, "addr:city": null, "exit": null, "building:material": null, "roof:material": null, "roof:shape": null, "disused": null, "destination": null, "building:facade:colour": null, "roof:colour": null, "building:part": null, "website": null, "voltage:primary": null, "voltage:secondary": null, "description": null, "abandoned": null, "protection_title": null, "source:1": null, "source_ref:1": null, "start_date": null }, "geometry": { "type": "Polygon", "coordinates": [ [ [ -73.8416545, 40.7790408 ], [ -73.8416724, 40.7787007 ], [ -73.8420241, 40.7787023 ], [ -73.8420177, 40.7790441 ], [ -73.8416545, 40.7790408 ] ] ] } },
{ "type": "Feature", "properties": { "element": "way", "id": 383575275, "addr:state": null, "ele": null, "gnis:feature_id": null, "name": "Cedar Manor Substation", "power": "substation", "source": "FERC", "barrier": null, "check_date": null, "fixme": null, "operator": "Consolidated Edison", "substation": "distribution", "wikidata": null, "wikipedia": null, "note": null, "operator:wikidata": "Q1127536", "voltage": "27000;4000", "ref": null, "frequency": "60", "location": null, "operator:wikipedia": null, "landuse": null, "building:colour": null, "addr:housenumber": null, "addr:postcode": null, "addr:street": null, "building": null, "height": null, "nycdcp:uid": null, "nycdoitt:bin": null, "alt_name": null, "heritage": null, "heritage:operator": null, "historic": null, "ref:nrhp": null, "NY_mta:propcode": null, "addr:city": null, "exit": null, "building:material": null, "roof:material": null, "roof:shape": null, "disused": null, "destination": null, "building:facade:colour": null, "roof:colour": null, "building:part": null, "website": null, "voltage:primary": null, "voltage:secondary": null, "description": null, "abandoned": null, "protection_title": null, "source:1": null, "source_ref:1": null, "start_date": null }, "geometry": { "type": "Polygon", "coordinates": [ [ [ -73.7852088, 40.6890855 ], [ -73.7849697, 40.6889216 ], [ -73.7850804, 40.6888432 ], [ -73.785129, 40.6888771 ], [ -73.7853488, 40.6890301 ], [ -73.78533, 40.6890451 ], [ -73.7852088, 40.6890855 ] ] ] } },
{ "type": "Feature", "properties": { "element": "way", "id": 383575276, "addr:state": null, "ele": null, "gnis:feature_id": null, "name": "Centerville Substation", "power": "substation", "source": "FERC", "barrier": null, "check_date": null, "fixme": null, "operator": "Consolidated Edison", "substation": "distribution", "wikidata": null, "wikipedia": null, "note": null, "operator:wikidata": "Q1127536", "voltage": "27000;4000", "ref": null, "frequency": "60", "location": null, "operator:wikipedia": null, "landuse": null, "building:colour": null, "addr:housenumber": null, "addr:postcode": null, "addr:street": null, "building": null, "height": null, "nycdcp:uid": null, "nycdoitt:bin": null, "alt_name": null, "heritage": null, "heritage:operator": null, "historic": null, "ref:nrhp": null, "NY_mta:propcode": null, "addr:city": null, "exit": null, "building:material": null, "roof:material": null, "roof:shape": null, "disused": null, "destination": null, "building:facade:colour": null, "roof:colour": null, "building:part": null, "website": null, "voltage:primary": null, "voltage:secondary": null, "description": null, "abandoned": null, "protection_title": null, "source:1": null, "source_ref:1": null, "start_date": null }, "geometry": { "type": "Polygon", "coordinates": [ [ [ -73.8364484, 40.6746333 ], [ -73.8363731, 40.6746093 ], [ -73.8364022, 40.674557 ], [ -73.8364774, 40.6745811 ], [ -73.8364484, 40.6746333 ] ] ] } },
{ "type": "Feature", "properties": { "element": "way", "id": 383575277, "addr:state": null, "ele": null, "gnis:feature_id": null, "name": "Chisholm Substation", "power": "substation", "source": "FERC", "barrier": null, "check_date": null, "fixme": null, "operator": "Consolidated Edison", "substation": "distribution", "wikidata": null, "wikipedia": null, "note": null, "operator:wikidata": "Q1127536", "voltage": "27000;4000", "ref": null, "frequency": "60", "location": null, "operator:wikipedia": null, "landuse": null, "building:colour": null, "addr:housenumber": null, "addr:postcode": null, "addr:street": null, "building": null, "height": null, "nycdcp:uid": null, "nycdoitt:bin": null, "alt_name": null, "heritage": null, "heritage:operator": null, "historic": null, "ref:nrhp": null, "NY_mta:propcode": null, "addr:city": null, "exit": null, "building:material": null, "roof:material": null, "roof:shape": null, "disused": null, "destination": null, "building:facade:colour": null, "roof:colour": null, "building:part": null, "website": null, "voltage:primary": null, "voltage:secondary": null, "description": null, "abandoned": null, "protection_title": null, "source:1": null, "source_ref:1": null, "start_date": null }, "geometry": { "type": "Polygon", "coordinates": [ [ [ -73.8507503, 40.7840952 ], [ -73.851055, 40.7840847 ], [ -73.851069, 40.7843182 ], [ -73.8507643, 40.7843287 ], [ -73.8507503, 40.7840952 ] ] ] } },
{ "type": "Feature", "properties": { "element": "way", "id": 383575278, "addr:state": null, "ele": null, "gnis:feature_id": null, "name": "Clearview Substation", "power": "substation", "source": "FERC", "barrier": null, "check_date": null, "fixme": null, "operator": "Consolidated Edison", "substation": "distribution", "wikidata": null, "wikipedia": null, "note": null, "operator:wikidata": "Q1127536", "voltage": "27000;4000", "ref": null, "frequency": "60", "location": null, "operator:wikipedia": null, "landuse": null, "building:colour": null, "addr:housenumber": null, "addr:postcode": null, "addr:street": null, "building": null, "height": null, "nycdcp:uid": null, "nycdoitt:bin": null, "alt_name": null, "heritage": null, "heritage:operator": null, "historic": null, "ref:nrhp": null, "NY_mta:propcode": null, "addr:city": null, "exit": null, "building:material": null, "roof:material": null, "roof:shape": null, "disused": null, "destination": null, "building:facade:colour": null, "roof:colour": null, "building:part": null, "website": null, "voltage:primary": null, "voltage:secondary": null, "description": null, "abandoned": null, "protection_title": null, "source:1": null, "source_ref:1": null, "start_date": null }, "geometry": { "type": "Polygon", "coordinates": [ [ [ -73.7804286, 40.7772331 ], [ -73.7803555, 40.7769941 ], [ -73.7807002, 40.7768899 ], [ -73.7808208, 40.777116 ], [ -73.7804286, 40.7772331 ] ] ] } },
{ "type": "Feature", "properties": { "element": "way", "id": 383575279, "addr:state": null, "ele": null, "gnis:feature_id": null, "name": "Creedmoor Substation", "power": "substation", "source": "FERC", "barrier": null, "check_date": null, "fixme": null, "operator": "Consolidated Edison", "substation": "distribution", "wikidata": null, "wikipedia": null, "note": null, "operator:wikidata": "Q1127536", "voltage": "27000;4000", "ref": null, "frequency": "60", "location": null, "operator:wikipedia": null, "landuse": null, "building:colour": null, "addr:housenumber": null, "addr:postcode": null, "addr:street": null, "building": null, "height": null, "nycdcp:uid": null, "nycdoitt:bin": null, "alt_name": null, "heritage": null, "heritage:operator": null, "historic": null, "ref:nrhp": null, "NY_mta:propcode": null, "addr:city": null, "exit": null, "building:material": null, "roof:material": null, "roof:shape": null, "disused": null, "destination": null, "building:facade:colour": null, "roof:colour": null, "building:part": null, "website": null, "voltage:primary": null, "voltage:secondary": null, "description": null, "abandoned": null, "protection_title": null, "source:1": null, "source_ref:1": null, "start_date": null }, "geometry": { "type": "Polygon", "coordinates": [ [ [ -73.7252277, 40.7339371 ], [ -73.725092, 40.7339666 ], [ -73.7251593, 40.7341444 ], [ -73.7252292, 40.7341292 ], [ -73.725295, 40.7341149 ], [ -73.7252277, 40.7339371 ] ] ] } },
{ "type": "Feature", "properties": { "element": "way", "id": 383575280, "addr:state": null, "ele": null, "gnis:feature_id": null, "name": "Cunningham Substation", "power": "substation", "source": "FERC", "barrier": null, "check_date": null, "fixme": null, "operator": "Consolidated Edison", "substation": "distribution", "wikidata": null, "wikipedia": null, "note": "Cunningham East and West Substations", "operator:wikidata": "Q1127536", "voltage": "27000;4000", "ref": null, "frequency": "60", "location": "outdoor", "operator:wikipedia": null, "landuse": null, "building:colour": null, "addr:housenumber": null, "addr:postcode": null, "addr:street": null, "building": null, "height": null, "nycdcp:uid": null, "nycdoitt:bin": null, "alt_name": null, "heritage": null, "heritage:operator": null, "historic": null, "ref:nrhp": null, "NY_mta:propcode": null, "addr:city": null, "exit": null, "building:material": null, "roof:material": null, "roof:shape": null, "disused": null, "destination": null, "building:facade:colour": null, "roof:colour": null, "building:part": null, "website": null, "voltage:primary": null, "voltage:secondary": null, "description": null, "abandoned": null, "protection_title": null, "source:1": null, "source_ref:1": null, "start_date": null }, "geometry": { "type": "Polygon", "coordinates": [ [ [ -73.7839948, 40.7281401 ], [ -73.7838352, 40.7278599 ], [ -73.7840992, 40.7277735 ], [ -73.7842588, 40.7280537 ], [ -73.7839948, 40.7281401 ] ] ] } },
{ "type": "Feature", "properties": { "element": "way", "id": 383575281, "addr:state": null, "ele": null, "gnis:feature_id": null, "name": "Douglaston Substation", "power": "substation", "source": "FERC", "barrier": null, "check_date": null, "fixme": null, "operator": "Consolidated Edison", "substation": "distribution", "wikidata": null, "wikipedia": null, "note": null, "operator:wikidata": "Q1127536", "voltage": "27000;4000", "ref": null, "frequency": "60", "location": "outdoor", "operator:wikipedia": "en:Consolidated Edison", "landuse": null, "building:colour": null, "addr:housenumber": null, "addr:postcode": null, "addr:street": null, "building": null, "height": null, "nycdcp:uid": null, "nycdoitt:bin": null, "alt_name": null, "heritage": null, "heritage:operator": null, "historic": null, "ref:nrhp": null, "NY_mta:propcode": null, "addr:city": null, "exit": null, "building:material": null, "roof:material": null, "roof:shape": null, "disused": null, "destination": null, "building:facade:colour": null, "roof:colour": null, "building:part": null, "website": null, "voltage:primary": null, "voltage:secondary": null, "description": null, "abandoned": null, "protection_title": null, "source:1": null, "source_ref:1": null, "start_date": null }, "geometry": { "type": "Polygon", "coordinates": [ [ [ -73.7424564, 40.7651164 ], [ -73.7420773, 40.7651922 ], [ -73.7421385, 40.7653678 ], [ -73.7425176, 40.765292 ], [ -73.7424564, 40.7651164 ] ] ] } },
{ "type": "Feature", "properties": { "element": "way", "id": 383575286, "addr:state": null, "ele": null, "gnis:feature_id": null, "name": "Montefiore Substation", "power": "substation", "source": "FERC", "barrier": null, "check_date": null, "fixme": null, "operator": "Consolidated Edison", "substation": "distribution", "wikidata": null, "wikipedia": null, "note": null, "operator:wikidata": "Q1127536", "voltage": "27000;4000", "ref": null, "frequency": "60", "location": "indoor", "operator:wikipedia": "en:Consolidated Edison", "landuse": null, "building:colour": null, "addr:housenumber": null, "addr:postcode": null, "addr:street": null, "building": null, "height": null, "nycdcp:uid": null, "nycdoitt:bin": null, "alt_name": null, "heritage": null, "heritage:operator": null, "historic": null, "ref:nrhp": null, "NY_mta:propcode": null, "addr:city": null, "exit": null, "building:material": null, "roof:material": null, "roof:shape": null, "disused": null, "destination": null, "building:facade:colour": null, "roof:colour": null, "building:part": null, "website": null, "voltage:primary": null, "voltage:secondary": null, "description": null, "abandoned": null, "protection_title": null, "source:1": null, "source_ref:1": null, "start_date": null }, "geometry": { "type": "Polygon", "coordinates": [ [ [ -73.7507377, 40.6836899 ], [ -73.7506269, 40.6838966 ], [ -73.7509707, 40.6840153 ], [ -73.7510463, 40.6837893 ], [ -73.7507377, 40.6836899 ] ] ] } },
{ "type": "Feature", "properties": { "element": "way", "id": 383575287, "addr:state": null, "ele": null, "gnis:feature_id": null, "name": "North Hills Substation", "power": "substation", "source": null, "barrier": null, "check_date": null, "fixme": null, "operator": "Consolidated Edison", "substation": "distribution", "wikidata": null, "wikipedia": null, "note": null, "operator:wikidata": "Q1127536", "voltage": "27000;4000", "ref": null, "frequency": "60", "location": "outdoor", "operator:wikipedia": null, "landuse": null, "building:colour": null, "addr:housenumber": null, "addr:postcode": null, "addr:street": null, "building": null, "height": null, "nycdcp:uid": null, "nycdoitt:bin": null, "alt_name": null, "heritage": null, "heritage:operator": null, "historic": null, "ref:nrhp": null, "NY_mta:propcode": null, "addr:city": null, "exit": null, "building:material": null, "roof:material": null, "roof:shape": null, "disused": null, "destination": null, "building:facade:colour": null, "roof:colour": null, "building:part": null, "website": null, "voltage:primary": null, "voltage:secondary": null, "description": null, "abandoned": null, "protection_title": null, "source:1": null, "source_ref:1": null, "start_date": null }, "geometry": { "type": "Polygon", "coordinates": [ [ [ -73.7373908, 40.7487917 ], [ -73.7372086, 40.748625 ], [ -73.7373791, 40.7485181 ], [ -73.7375612, 40.7486847 ], [ -73.7373908, 40.7487917 ] ] ] } },
{ "type": "Feature", "properties": { "element": "way", "id": 383585969, "addr:state": null, "ele": null, "gnis:feature_id": null, "name": null, "power": "substation", "source": "FERC", "barrier": null, "check_date": null, "fixme": null, "operator": "Consolidated Edison", "substation": "distribution", "wikidata": null, "wikipedia": null, "note": null, "operator:wikidata": "Q1127536", "voltage": "27000;4000", "ref": null, "frequency": "60", "location": null, "operator:wikipedia": null, "landuse": null, "building:colour": null, "addr:housenumber": null, "addr:postcode": null, "addr:street": null, "building": null, "height": null, "nycdcp:uid": null, "nycdoitt:bin": null, "alt_name": null, "heritage": null, "heritage:operator": null, "historic": null, "ref:nrhp": null, "NY_mta:propcode": null, "addr:city": null, "exit": null, "building:material": null, "roof:material": null, "roof:shape": null, "disused": null, "destination": null, "building:facade:colour": null, "roof:colour": null, "building:part": null, "website": null, "voltage:primary": null, "voltage:secondary": null, "description": null, "abandoned": null, "protection_title": null, "source:1": null, "source_ref:1": null, "start_date": null }, "geometry": { "type": "Polygon", "coordinates": [ [ [ -73.7904935, 40.6758392 ], [ -73.7907054, 40.6757829 ], [ -73.7907478, 40.6758748 ], [ -73.7905359, 40.6759311 ], [ -73.7904935, 40.6758392 ] ] ] } },
{ "type": "Feature", "properties": { "element": "way", "id": 383585972, "addr:state": null, "ele": null, "gnis:feature_id": null, "name": "Avenue N Substation", "power": "substation", "source": "FERC", "barrier": null, "check_date": null, "fixme": null, "operator": "Consolidated Edison", "substation": "distribution", "wikidata": null, "wikipedia": null, "note": null, "operator:wikidata": "Q1127536", "voltage": "27000;4000", "ref": null, "frequency": "60", "location": null, "operator:wikipedia": null, "landuse": null, "building:colour": null, "addr:housenumber": null, "addr:postcode": null, "addr:street": null, "building": null, "height": null, "nycdcp:uid": null, "nycdoitt:bin": null, "alt_name": null, "heritage": null, "heritage:operator": null, "historic": null, "ref:nrhp": null, "NY_mta:propcode": null, "addr:city": null, "exit": null, "building:material": null, "roof:material": null, "roof:shape": null, "disused": null, "destination": null, "building:facade:colour": null, "roof:colour": null, "building:part": null, "website": null, "voltage:primary": null, "voltage:secondary": null, "description": null, "abandoned": null, "protection_title": null, "source:1": null, "source_ref:1": null, "start_date": null }, "geometry": { "type": "Polygon", "coordinates": [ [ [ -73.9304054, 40.6185572 ], [ -73.9303299, 40.6185626 ], [ -73.9303143, 40.6184391 ], [ -73.9303898, 40.6184337 ], [ -73.9304054, 40.6185572 ] ] ] } },
{ "type": "Feature", "properties": { "element": "way", "id": 383585973, "addr:state": null, "ele": null, "gnis:feature_id": null, "name": "Cambria Substation", "power": "substation", "source": "FERC", "barrier": null, "check_date": null, "fixme": null, "operator": "Consolidated Edison", "substation": "distribution", "wikidata": null, "wikipedia": null, "note": null, "operator:wikidata": "Q1127536", "voltage": "27000;4000", "ref": null, "frequency": "60", "location": null, "operator:wikipedia": null, "landuse": null, "building:colour": null, "addr:housenumber": null, "addr:postcode": null, "addr:street": null, "building": null, "height": null, "nycdcp:uid": null, "nycdoitt:bin": null, "alt_name": null, "heritage": null, "heritage:operator": null, "historic": null, "ref:nrhp": null, "NY_mta:propcode": null, "addr:city": null, "exit": null, "building:material": null, "roof:material": null, "roof:shape": null, "disused": null, "destination": null, "building:facade:colour": null, "roof:colour": null, "building:part": null, "website": null, "voltage:primary": null, "voltage:secondary": null, "description": null, "abandoned": null, "protection_title": null, "source:1": null, "source_ref:1": null, "start_date": null }, "geometry": { "type": "Polygon", "coordinates": [ [ [ -73.7469854, 40.6966246 ], [ -73.7466399, 40.6967121 ], [ -73.7465214, 40.6964428 ], [ -73.7468669, 40.6963554 ], [ -73.7469854, 40.6966246 ] ] ] } },
{ "type": "Feature", "properties": { "element": "way", "id": 383585974, "addr:state": null, "ele": null, "gnis:feature_id": null, "name": "Clifton Substation", "power": "substation", "source": "FERC", "barrier": null, "check_date": null, "fixme": null, "operator": "Consolidated Edison", "substation": "distribution", "wikidata": null, "wikipedia": null, "note": "Clifton 1 and 2 Substations", "operator:wikidata": "Q1127536", "voltage": "33000;4000", "ref": null, "frequency": "60", "location": null, "operator:wikipedia": "en:Consolidated Edison", "landuse": null, "building:colour": null, "addr:housenumber": null, "addr:postcode": null, "addr:street": null, "building": null, "height": null, "nycdcp:uid": null, "nycdoitt:bin": null, "alt_name": null, "heritage": null, "heritage:operator": null, "historic": null, "ref:nrhp": null, "NY_mta:propcode": null, "addr:city": null, "exit": null, "building:material": null, "roof:material": null, "roof:shape": null, "disused": null, "destination": null, "building:facade:colour": null, "roof:colour": null, "building:part": null, "website": null, "voltage:primary": null, "voltage:secondary": null, "description": null, "abandoned": null, "protection_title": null, "source:1": null, "source_ref:1": null, "start_date": null }, "geometry": { "type": "Polygon", "coordinates": [ [ [ -74.0715464, 40.6196048 ], [ -74.0714496, 40.6195784 ], [ -74.0713431, 40.6198027 ], [ -74.0714399, 40.6198291 ], [ -74.0715464, 40.6196048 ] ] ] } },
{ "type": "Feature", "properties": { "element": "way", "id": 383585976, "addr:state": null, "ele": null, "gnis:feature_id": null, "name": "East 179th Street Substation", "power": "substation", "source": null, "barrier": null, "check_date": null, "fixme": null, "operator": "Consolidated Edison", "substation": "distribution", "wikidata": null, "wikipedia": null, "note": null, "operator:wikidata": "Q1127536", "voltage": "138000;13200", "ref": null, "frequency": "60", "location": "outdoor", "operator:wikipedia": "en:Consolidated Edison", "landuse": null, "building:colour": null, "addr:housenumber": null, "addr:postcode": null, "addr:street": null, "building": null, "height": null, "nycdcp:uid": null, "nycdoitt:bin": null, "alt_name": null, "heritage": null, "heritage:operator": null, "historic": null, "ref:nrhp": null, "NY_mta:propcode": null, "addr:city": null, "exit": null, "building:material": null, "roof:material": null, "roof:shape": null, "disused": null, "destination": null, "building:facade:colour": null, "roof:colour": null, "building:part": null, "website": null, "voltage:primary": null, "voltage:secondary": null, "description": null, "abandoned": null, "protection_title": null, "source:1": null, "source_ref:1": null, "start_date": null }, "geometry": { "type": "Polygon", "coordinates": [ [ [ -73.8946737, 40.849105 ], [ -73.8947771, 40.8491389 ], [ -73.8941805, 40.8503185 ], [ -73.893808, 40.8501899 ], [ -73.893796, 40.8502041 ], [ -73.89372, 40.850167 ], [ -73.8935247, 40.850098 ], [ -73.8941147, 40.8491192 ], [ -73.8939943, 40.8490762 ], [ -73.8939599, 40.8490635 ], [ -73.8939732, 40.8490426 ], [ -73.894069, 40.8489145 ], [ -73.8946737, 40.849105 ] ] ] } },
{ "type": "Feature", "properties": { "element": "way", "id": 383585977, "addr:state": null, "ele": null, "gnis:feature_id": null, "name": "East 83rd Street Substation", "power": "substation", "source": "FERC", "barrier": null, "check_date": null, "fixme": null, "operator": "Consolidated Edison", "substation": "distribution", "wikidata": null, "wikipedia": null, "note": null, "operator:wikidata": "Q1127536", "voltage": "27000;4000", "ref": null, "frequency": "60", "location": null, "operator:wikipedia": "en:Consolidated Edison", "landuse": null, "building:colour": null, "addr:housenumber": null, "addr:postcode": null, "addr:street": null, "building": null, "height": null, "nycdcp:uid": null, "nycdoitt:bin": null, "alt_name": null, "heritage": null, "heritage:operator": null, "historic": null, "ref:nrhp": null, "NY_mta:propcode": null, "addr:city": null, "exit": null, "building:material": null, "roof:material": null, "roof:shape": null, "disused": null, "destination": null, "building:facade:colour": null, "roof:colour": null, "building:part": null, "website": null, "voltage:primary": null, "voltage:secondary": null, "description": null, "abandoned": null, "protection_title": null, "source:1": null, "source_ref:1": null, "start_date": null }, "geometry": { "type": "Polygon", "coordinates": [ [ [ -73.9023588, 40.628796 ], [ -73.902292, 40.6288384 ], [ -73.9024042, 40.62894 ], [ -73.9024709, 40.6288975 ], [ -73.9023588, 40.628796 ] ] ] } },
{ "type": "Feature", "properties": { "element": "way", "id": 383585978, "addr:state": null, "ele": null, "gnis:feature_id": null, "name": "Lefferts Substation", "power": "substation", "source": "FERC", "barrier": null, "check_date": null, "fixme": null, "operator": "Consolidated Edison", "substation": "distribution", "wikidata": null, "wikipedia": null, "note": null, "operator:wikidata": "Q1127536", "voltage": "27000;4000", "ref": null, "frequency": "60", "location": null, "operator:wikipedia": null, "landuse": null, "building:colour": null, "addr:housenumber": null, "addr:postcode": null, "addr:street": null, "building": null, "height": null, "nycdcp:uid": null, "nycdoitt:bin": null, "alt_name": null, "heritage": null, "heritage:operator": null, "historic": null, "ref:nrhp": null, "NY_mta:propcode": null, "addr:city": null, "exit": null, "building:material": null, "roof:material": null, "roof:shape": null, "disused": null, "destination": null, "building:facade:colour": null, "roof:colour": null, "building:part": null, "website": null, "voltage:primary": null, "voltage:secondary": null, "description": null, "abandoned": null, "protection_title": null, "source:1": null, "source_ref:1": null, "start_date": null }, "geometry": { "type": "Polygon", "coordinates": [ [ [ -73.8192039, 40.6764324 ], [ -73.8188707, 40.6765323 ], [ -73.8190046, 40.6767616 ], [ -73.8193206, 40.6766766 ], [ -73.8192039, 40.6764324 ] ] ] } },
{ "type": "Feature", "properties": { "element": "way", "id": 383585979, "addr:state": null, "ele": null, "gnis:feature_id": null, "name": "Livonia Avenue Substation", "power": "substation", "source": "FERC", "barrier": null, "check_date": null, "fixme": null, "operator": "Consolidated Edison", "substation": "distribution", "wikidata": null, "wikipedia": null, "note": null, "operator:wikidata": "Q1127536", "voltage": "27000;4000", "ref": null, "frequency": "60", "location": null, "operator:wikipedia": null, "landuse": null, "building:colour": null, "addr:housenumber": null, "addr:postcode": null, "addr:street": null, "building": null, "height": null, "nycdcp:uid": null, "nycdoitt:bin": null, "alt_name": null, "heritage": null, "heritage:operator": null, "historic": null, "ref:nrhp": null, "NY_mta:propcode": null, "addr:city": null, "exit": null, "building:material": null, "roof:material": null, "roof:shape": null, "disused": null, "destination": null, "building:facade:colour": null, "roof:colour": null, "building:part": null, "website": null, "voltage:primary": null, "voltage:secondary": null, "description": null, "abandoned": null, "protection_title": null, "source:1": null, "source_ref:1": null, "start_date": null }, "geometry": { "type": "Polygon", "coordinates": [ [ [ -73.888963, 40.665614 ], [ -73.8890331, 40.6658783 ], [ -73.8892335, 40.6658477 ], [ -73.8891635, 40.6655834 ], [ -73.888963, 40.665614 ] ] ] } },
{ "type": "Feature", "properties": { "element": "way", "id": 383585980, "addr:state": null, "ele": null, "gnis:feature_id": null, "name": "Mill Avenue Substation", "power": "substation", "source": "FERC", "barrier": null, "check_date": null, "fixme": null, "operator": "Consolidated Edison", "substation": "distribution", "wikidata": null, "wikipedia": null, "note": null, "operator:wikidata": "Q1127536", "voltage": "27000;4000", "ref": null, "frequency": "60", "location": null, "operator:wikipedia": "en:Consolidated Edison", "landuse": null, "building:colour": null, "addr:housenumber": null, "addr:postcode": null, "addr:street": null, "building": null, "height": null, "nycdcp:uid": null, "nycdoitt:bin": null, "alt_name": null, "heritage": null, "heritage:operator": null, "historic": null, "ref:nrhp": null, "NY_mta:propcode": null, "addr:city": null, "exit": null, "building:material": null, "roof:material": null, "roof:shape": null, "disused": null, "destination": null, "building:facade:colour": null, "roof:colour": null, "building:part": null, "website": null, "voltage:primary": null, "voltage:secondary": null, "description": null, "abandoned": null, "protection_title": null, "source:1": null, "source_ref:1": null, "start_date": null }, "geometry": { "type": "Polygon", "coordinates": [ [ [ -73.913247, 40.614554 ], [ -73.9133018, 40.6146038 ], [ -73.9134335, 40.6145204 ], [ -73.9133787, 40.6144706 ], [ -73.913247, 40.614554 ] ] ] } },
{ "type": "Feature", "properties": { "element": "way", "id": 383585981, "addr:state": null, "ele": null, "gnis:feature_id": null, "name": "Oakland Substation", "power": "substation", "source": "FERC", "barrier": null, "check_date": null, "fixme": null, "operator": "Consolidated Edison", "substation": "distribution", "wikidata": null, "wikipedia": null, "note": null, "operator:wikidata": "Q1127536", "voltage": "27000;4000", "ref": null, "frequency": "60", "location": null, "operator:wikipedia": null, "landuse": null, "building:colour": null, "addr:housenumber": null, "addr:postcode": null, "addr:street": null, "building": null, "height": null, "nycdcp:uid": null, "nycdoitt:bin": null, "alt_name": null, "heritage": null, "heritage:operator": null, "historic": null, "ref:nrhp": null, "NY_mta:propcode": null, "addr:city": null, "exit": null, "building:material": null, "roof:material": null, "roof:shape": null, "disused": null, "destination": null, "building:facade:colour": null, "roof:colour": null, "building:part": null, "website": null, "voltage:primary": null, "voltage:secondary": null, "description": null, "abandoned": null, "protection_title": null, "source:1": null, "source_ref:1": null, "start_date": null }, "geometry": { "type": "Polygon", "coordinates": [ [ [ -73.7618779, 40.747843 ], [ -73.7621493, 40.7477711 ], [ -73.7622146, 40.7479221 ], [ -73.7622366, 40.7479698 ], [ -73.7619645, 40.7480305 ], [ -73.7618779, 40.747843 ] ] ] } },
{ "type": "Feature", "properties": { "element": "way", "id": 383585982, "addr:state": null, "ele": null, "gnis:feature_id": null, "name": "New Rochelle Substation", "power": "substation", "source": null, "barrier": null, "check_date": null, "fixme": null, "operator": "Amtrak", "substation": "traction", "wikidata": null, "wikipedia": null, "note": "Only substation for the Hellgate Line", "operator:wikidata": "Q23239", "voltage": "138000;12500", "ref": "46", "frequency": "60", "location": "outdoor", "operator:wikipedia": null, "landuse": null, "building:colour": null, "addr:housenumber": null, "addr:postcode": null, "addr:street": null, "building": null, "height": null, "nycdcp:uid": null, "nycdoitt:bin": null, "alt_name": null, "heritage": null, "heritage:operator": null, "historic": null, "ref:nrhp": null, "NY_mta:propcode": null, "addr:city": null, "exit": null, "building:material": null, "roof:material": null, "roof:shape": null, "disused": null, "destination": null, "building:facade:colour": null, "roof:colour": null, "building:part": null, "website": null, "voltage:primary": null, "voltage:secondary": null, "description": null, "abandoned": null, "protection_title": null, "source:1": null, "source_ref:1": null, "start_date": null }, "geometry": { "type": "Polygon", "coordinates": [ [ [ -73.8636183, 40.841892 ], [ -73.862921, 40.8419837 ], [ -73.863187, 40.8421366 ], [ -73.8634207, 40.842289 ], [ -73.8634909, 40.8422001 ], [ -73.8637167, 40.8420154 ], [ -73.8636183, 40.841892 ] ] ] } },
{ "type": "Feature", "properties": { "element": "way", "id": 383585983, "addr:state": null, "ele": null, "gnis:feature_id": null, "name": "Parkway Substation", "power": "substation", "source": "FERC", "barrier": null, "check_date": null, "fixme": null, "operator": "Consolidated Edison", "substation": "distribution", "wikidata": null, "wikipedia": null, "note": null, "operator:wikidata": "Q1127536", "voltage": "27000;4000", "ref": null, "frequency": "60", "location": null, "operator:wikipedia": null, "landuse": null, "building:colour": null, "addr:housenumber": null, "addr:postcode": null, "addr:street": null, "building": null, "height": null, "nycdcp:uid": null, "nycdoitt:bin": null, "alt_name": null, "heritage": null, "heritage:operator": null, "historic": null, "ref:nrhp": null, "NY_mta:propcode": null, "addr:city": null, "exit": null, "building:material": null, "roof:material": null, "roof:shape": null, "disused": null, "destination": null, "building:facade:colour": null, "roof:colour": null, "building:part": null, "website": null, "voltage:primary": null, "voltage:secondary": null, "description": null, "abandoned": null, "protection_title": null, "source:1": null, "source_ref:1": null, "start_date": null }, "geometry": { "type": "Polygon", "coordinates": [ [ [ -73.7277126, 40.7404115 ], [ -73.7274285, 40.7404329 ], [ -73.7274005, 40.7402189 ], [ -73.7276846, 40.7401976 ], [ -73.7277126, 40.7404115 ] ] ] } },
{ "type": "Feature", "properties": { "element": "way", "id": 383585984, "addr:state": null, "ele": null, "gnis:feature_id": null, "name": "Rockaway Substation", "power": "substation", "source": "FERC", "barrier": null, "check_date": null, "fixme": null, "operator": "Consolidated Edison", "substation": "distribution", "wikidata": null, "wikipedia": null, "note": null, "operator:wikidata": "Q1127536", "voltage": "27000;4000", "ref": null, "frequency": "60", "location": null, "operator:wikipedia": null, "landuse": null, "building:colour": null, "addr:housenumber": null, "addr:postcode": null, "addr:street": null, "building": null, "height": null, "nycdcp:uid": null, "nycdoitt:bin": null, "alt_name": null, "heritage": null, "heritage:operator": null, "historic": null, "ref:nrhp": null, "NY_mta:propcode": null, "addr:city": null, "exit": null, "building:material": null, "roof:material": null, "roof:shape": null, "disused": null, "destination": null, "building:facade:colour": null, "roof:colour": null, "building:part": null, "website": null, "voltage:primary": null, "voltage:secondary": null, "description": null, "abandoned": null, "protection_title": null, "source:1": null, "source_ref:1": null, "start_date": null }, "geometry": { "type": "Polygon", "coordinates": [ [ [ -73.8053511, 40.6752745 ], [ -73.8054504, 40.6752438 ], [ -73.8055248, 40.6753825 ], [ -73.8054255, 40.6754131 ], [ -73.8053511, 40.6752745 ] ] ] } },
{ "type": "Feature", "properties": { "element": "way", "id": 383585985, "addr:state": null, "ele": null, "gnis:feature_id": null, "name": "Rosedale Substation", "power": "substation", "source": "FERC", "barrier": null, "check_date": null, "fixme": null, "operator": "Consolidated Edison", "substation": "distribution", "wikidata": null, "wikipedia": null, "note": null, "operator:wikidata": "Q1127536", "voltage": "27000;4000", "ref": null, "frequency": "60", "location": null, "operator:wikipedia": "en:Consolidated Edison", "landuse": null, "building:colour": null, "addr:housenumber": null, "addr:postcode": null, "addr:street": null, "building": null, "height": null, "nycdcp:uid": null, "nycdoitt:bin": null, "alt_name": null, "heritage": null, "heritage:operator": null, "historic": null, "ref:nrhp": null, "NY_mta:propcode": null, "addr:city": null, "exit": null, "building:material": null, "roof:material": null, "roof:shape": null, "disused": null, "destination": null, "building:facade:colour": null, "roof:colour": null, "building:part": null, "website": null, "voltage:primary": null, "voltage:secondary": null, "description": null, "abandoned": null, "protection_title": null, "source:1": null, "source_ref:1": null, "start_date": null }, "geometry": { "type": "Polygon", "coordinates": [ [ [ -73.7366045, 40.6679866 ], [ -73.7366592, 40.6678859 ], [ -73.7369849, 40.6679877 ], [ -73.7369302, 40.6680884 ], [ -73.7366045, 40.6679866 ] ] ] } },
{ "type": "Feature", "properties": { "element": "way", "id": 383585986, "addr:state": null, "ele": null, "gnis:feature_id": null, "name": "Springfield Substation", "power": "substation", "source": "FERC", "barrier": null, "check_date": null, "fixme": null, "operator": "Consolidated Edison", "substation": "distribution", "wikidata": null, "wikipedia": null, "note": null, "operator:wikidata": "Q1127536", "voltage": "27000;4000", "ref": null, "frequency": "60", "location": null, "operator:wikipedia": "en:Consolidated Edison", "landuse": null, "building:colour": null, "addr:housenumber": null, "addr:postcode": null, "addr:street": null, "building": null, "height": null, "nycdcp:uid": null, "nycdoitt:bin": null, "alt_name": null, "heritage": null, "heritage:operator": null, "historic": null, "ref:nrhp": null, "NY_mta:propcode": null, "addr:city": null, "exit": null, "building:material": null, "roof:material": null, "roof:shape": null, "disused": null, "destination": null, "building:facade:colour": null, "roof:colour": null, "building:part": null, "website": null, "voltage:primary": null, "voltage:secondary": null, "description": null, "abandoned": null, "protection_title": null, "source:1": null, "source_ref:1": null, "start_date": null }, "geometry": { "type": "Polygon", "coordinates": [ [ [ -73.7608186, 40.679031 ], [ -73.7608816, 40.6790566 ], [ -73.7609367, 40.6789784 ], [ -73.7608738, 40.6789528 ], [ -73.7608186, 40.679031 ] ] ] } },
{ "type": "Feature", "properties": { "element": "way", "id": 383585991, "addr:state": null, "ele": null, "gnis:feature_id": null, "name": "Sutphin Substation", "power": "substation", "source": "FERC", "barrier": null, "check_date": null, "fixme": null, "operator": "Consolidated Edison", "substation": "distribution", "wikidata": null, "wikipedia": null, "note": null, "operator:wikidata": "Q1127536", "voltage": "27000;4000", "ref": null, "frequency": "60", "location": null, "operator:wikipedia": null, "landuse": null, "building:colour": null, "addr:housenumber": null, "addr:postcode": null, "addr:street": null, "building": null, "height": null, "nycdcp:uid": null, "nycdoitt:bin": null, "alt_name": null, "heritage": null, "heritage:operator": null, "historic": null, "ref:nrhp": null, "NY_mta:propcode": null, "addr:city": null, "exit": null, "building:material": null, "roof:material": null, "roof:shape": null, "disused": null, "destination": null, "building:facade:colour": null, "roof:colour": null, "building:part": null, "website": null, "voltage:primary": null, "voltage:secondary": null, "description": null, "abandoned": null, "protection_title": null, "source:1": null, "source_ref:1": null, "start_date": null }, "geometry": { "type": "Polygon", "coordinates": [ [ [ -73.7955709, 40.6890568 ], [ -73.7954511, 40.6891056 ], [ -73.7953689, 40.6889895 ], [ -73.7954886, 40.6889407 ], [ -73.7955709, 40.6890568 ] ] ] } },
{ "type": "Feature", "properties": { "element": "way", "id": 383585995, "addr:state": null, "ele": null, "gnis:feature_id": null, "name": "Union Substation", "power": "substation", "source": "FERC", "barrier": null, "check_date": null, "fixme": null, "operator": "Consolidated Edison", "substation": "distribution", "wikidata": null, "wikipedia": null, "note": null, "operator:wikidata": "Q1127536", "voltage": "27000;4000", "ref": null, "frequency": "60", "location": null, "operator:wikipedia": null, "landuse": null, "building:colour": null, "addr:housenumber": null, "addr:postcode": null, "addr:street": null, "building": null, "height": null, "nycdcp:uid": null, "nycdoitt:bin": null, "alt_name": null, "heritage": null, "heritage:operator": null, "historic": null, "ref:nrhp": null, "NY_mta:propcode": null, "addr:city": null, "exit": null, "building:material": null, "roof:material": null, "roof:shape": null, "disused": null, "destination": null, "building:facade:colour": null, "roof:colour": null, "building:part": null, "website": null, "voltage:primary": null, "voltage:secondary": null, "description": null, "abandoned": null, "protection_title": null, "source:1": null, "source_ref:1": null, "start_date": null }, "geometry": { "type": "Polygon", "coordinates": [ [ [ -73.758435, 40.733618 ], [ -73.7583424, 40.7334317 ], [ -73.7584868, 40.7333938 ], [ -73.7585799, 40.733605 ], [ -73.758435, 40.733618 ] ] ] } },
{ "type": "Feature", "properties": { "element": "way", "id": 383585996, "addr:state": null, "ele": null, "gnis:feature_id": null, "name": "Whitestone Substation", "power": "substation", "source": "FERC", "barrier": null, "check_date": null, "fixme": null, "operator": "Consolidated Edison", "substation": "distribution", "wikidata": null, "wikipedia": null, "note": "Whitestone East and West Substations", "operator:wikidata": "Q1127536", "voltage": "27000;4000", "ref": null, "frequency": "60", "location": null, "operator:wikipedia": "en:Consolidated Edison", "landuse": null, "building:colour": null, "addr:housenumber": null, "addr:postcode": null, "addr:street": null, "building": null, "height": null, "nycdcp:uid": null, "nycdoitt:bin": null, "alt_name": null, "heritage": null, "heritage:operator": null, "historic": null, "ref:nrhp": null, "NY_mta:propcode": null, "addr:city": null, "exit": null, "building:material": null, "roof:material": null, "roof:shape": null, "disused": null, "destination": null, "building:facade:colour": null, "roof:colour": null, "building:part": null, "website": null, "voltage:primary": null, "voltage:secondary": null, "description": null, "abandoned": null, "protection_title": null, "source:1": null, "source_ref:1": null, "start_date": null }, "geometry": { "type": "Polygon", "coordinates": [ [ [ -73.8119672, 40.7888834 ], [ -73.8119248, 40.7887612 ], [ -73.8121914, 40.7886306 ], [ -73.8122161, 40.7886868 ], [ -73.8122677, 40.7888157 ], [ -73.8119672, 40.7888834 ] ] ] } },
{ "type": "Feature", "properties": { "element": "way", "id": 383585997, "addr:state": null, "ele": null, "gnis:feature_id": null, "name": "Woodhaven Substation", "power": "substation", "source": "FERC", "barrier": null, "check_date": null, "fixme": null, "operator": "Consolidated Edison", "substation": "distribution", "wikidata": null, "wikipedia": null, "note": null, "operator:wikidata": "Q1127536", "voltage": "27000;4000", "ref": null, "frequency": "60", "location": null, "operator:wikipedia": null, "landuse": null, "building:colour": null, "addr:housenumber": null, "addr:postcode": null, "addr:street": null, "building": null, "height": null, "nycdcp:uid": null, "nycdoitt:bin": null, "alt_name": null, "heritage": null, "heritage:operator": null, "historic": null, "ref:nrhp": null, "NY_mta:propcode": null, "addr:city": null, "exit": null, "building:material": null, "roof:material": null, "roof:shape": null, "disused": null, "destination": null, "building:facade:colour": null, "roof:colour": null, "building:part": null, "website": null, "voltage:primary": null, "voltage:secondary": null, "description": null, "abandoned": null, "protection_title": null, "source:1": null, "source_ref:1": null, "start_date": null }, "geometry": { "type": "Polygon", "coordinates": [ [ [ -73.8440847, 40.6898955 ], [ -73.8439932, 40.6897104 ], [ -73.8438293, 40.689757 ], [ -73.8439208, 40.6899421 ], [ -73.8440847, 40.6898955 ] ] ] } },
{ "type": "Feature", "properties": { "element": "way", "id": 383590979, "addr:state": null, "ele": null, "gnis:feature_id": null, "name": null, "power": "substation", "source": "FERC", "barrier": null, "check_date": null, "fixme": null, "operator": "Consolidated Edison", "substation": "distribution", "wikidata": null, "wikipedia": null, "note": null, "operator:wikidata": "Q1127536", "voltage": "33000;4000", "ref": null, "frequency": "60", "location": "outdoor", "operator:wikipedia": null, "landuse": null, "building:colour": null, "addr:housenumber": null, "addr:postcode": null, "addr:street": null, "building": null, "height": null, "nycdcp:uid": null, "nycdoitt:bin": null, "alt_name": null, "heritage": null, "heritage:operator": null, "historic": null, "ref:nrhp": null, "NY_mta:propcode": null, "addr:city": null, "exit": null, "building:material": null, "roof:material": null, "roof:shape": null, "disused": null, "destination": null, "building:facade:colour": null, "roof:colour": null, "building:part": null, "website": null, "voltage:primary": null, "voltage:secondary": null, "description": null, "abandoned": null, "protection_title": null, "source:1": null, "source_ref:1": null, "start_date": null }, "geometry": { "type": "Polygon", "coordinates": [ [ [ -74.1525221, 40.6259603 ], [ -74.1521624, 40.6259278 ], [ -74.1522041, 40.6256621 ], [ -74.1525638, 40.6256946 ], [ -74.1525221, 40.6259603 ] ] ] } },
{ "type": "Feature", "properties": { "element": "way", "id": 383590980, "addr:state": null, "ele": null, "gnis:feature_id": null, "name": null, "power": "substation", "source": "FERC", "barrier": null, "check_date": null, "fixme": null, "operator": "Consolidated Edison", "substation": "distribution", "wikidata": null, "wikipedia": null, "note": null, "operator:wikidata": "Q1127536", "voltage": "33000;4000", "ref": null, "frequency": "60", "location": "outdoor", "operator:wikipedia": "en:Consolidated Edison", "landuse": null, "building:colour": null, "addr:housenumber": null, "addr:postcode": null, "addr:street": null, "building": null, "height": null, "nycdcp:uid": null, "nycdoitt:bin": null, "alt_name": null, "heritage": null, "heritage:operator": null, "historic": null, "ref:nrhp": null, "NY_mta:propcode": null, "addr:city": null, "exit": null, "building:material": null, "roof:material": null, "roof:shape": null, "disused": null, "destination": null, "building:facade:colour": null, "roof:colour": null, "building:part": null, "website": null, "voltage:primary": null, "voltage:secondary": null, "description": null, "abandoned": null, "protection_title": null, "source:1": null, "source_ref:1": null, "start_date": null }, "geometry": { "type": "Polygon", "coordinates": [ [ [ -74.1093999, 40.6449251 ], [ -74.1093304, 40.644752 ], [ -74.1092075, 40.6447804 ], [ -74.1092718, 40.6449407 ], [ -74.1092769, 40.6449535 ], [ -74.1093999, 40.6449251 ] ] ] } },
{ "type": "Feature", "properties": { "element": "way", "id": 383590981, "addr:state": null, "ele": null, "gnis:feature_id": null, "name": "Clove Lakes Substation", "power": "substation", "source": "FERC", "barrier": null, "check_date": null, "fixme": null, "operator": "Consolidated Edison", "substation": "distribution", "wikidata": null, "wikipedia": null, "note": null, "operator:wikidata": "Q1127536", "voltage": "33000;4000", "ref": null, "frequency": "60", "location": null, "operator:wikipedia": null, "landuse": null, "building:colour": null, "addr:housenumber": null, "addr:postcode": null, "addr:street": null, "building": null, "height": null, "nycdcp:uid": null, "nycdoitt:bin": null, "alt_name": null, "heritage": null, "heritage:operator": null, "historic": null, "ref:nrhp": null, "NY_mta:propcode": null, "addr:city": null, "exit": null, "building:material": null, "roof:material": null, "roof:shape": null, "disused": null, "destination": null, "building:facade:colour": null, "roof:colour": null, "building:part": null, "website": null, "voltage:primary": null, "voltage:secondary": null, "description": null, "abandoned": null, "protection_title": null, "source:1": null, "source_ref:1": null, "start_date": null }, "geometry": { "type": "Polygon", "coordinates": [ [ [ -74.1176945, 40.6138192 ], [ -74.1173841, 40.6138457 ], [ -74.1173447, 40.6135805 ], [ -74.1176551, 40.613554 ], [ -74.1176945, 40.6138192 ] ] ] } },
{ "type": "Feature", "properties": { "element": "way", "id": 383590982, "addr:state": null, "ele": null, "gnis:feature_id": null, "name": "Dongan Hills Substation", "power": "substation", "source": "FERC", "barrier": null, "check_date": null, "fixme": null, "operator": "Consolidated Edison", "substation": "distribution", "wikidata": null, "wikipedia": null, "note": null, "operator:wikidata": "Q1127536", "voltage": "33000;4000", "ref": null, "frequency": "60", "location": null, "operator:wikipedia": null, "landuse": null, "building:colour": null, "addr:housenumber": null, "addr:postcode": null, "addr:street": null, "building": null, "height": null, "nycdcp:uid": null, "nycdoitt:bin": null, "alt_name": null, "heritage": null, "heritage:operator": null, "historic": null, "ref:nrhp": null, "NY_mta:propcode": null, "addr:city": null, "exit": null, "building:material": null, "roof:material": null, "roof:shape": null, "disused": null, "destination": null, "building:facade:colour": null, "roof:colour": null, "building:part": null, "website": null, "voltage:primary": null, "voltage:secondary": null, "description": null, "abandoned": null, "protection_title": null, "source:1": null, "source_ref:1": null, "start_date": null }, "geometry": { "type": "Polygon", "coordinates": [ [ [ -74.0852362, 40.5889632 ], [ -74.0850993, 40.5888929 ], [ -74.0852639, 40.5887083 ], [ -74.0854007, 40.5887786 ], [ -74.0852362, 40.5889632 ] ] ] } },
{ "type": "Feature", "properties": { "element": "way", "id": 383590983, "addr:state": null, "ele": null, "gnis:feature_id": null, "name": "Howland Hook Substation", "power": "substation", "source": "FERC", "barrier": null, "check_date": null, "fixme": null, "operator": "Consolidated Edison", "substation": "minor_distribution", "wikidata": null, "wikipedia": null, "note": null, "operator:wikidata": "Q1127536", "voltage": "33000;4000", "ref": null, "frequency": "60", "location": "outdoor", "operator:wikipedia": null, "landuse": null, "building:colour": null, "addr:housenumber": null, "addr:postcode": null, "addr:street": null, "building": null, "height": null, "nycdcp:uid": null, "nycdoitt:bin": null, "alt_name": null, "heritage": null, "heritage:operator": null, "historic": null, "ref:nrhp": null, "NY_mta:propcode": null, "addr:city": null, "exit": null, "building:material": null, "roof:material": null, "roof:shape": null, "disused": null, "destination": null, "building:facade:colour": null, "roof:colour": null, "building:part": null, "website": null, "voltage:primary": null, "voltage:secondary": null, "description": null, "abandoned": null, "protection_title": null, "source:1": null, "source_ref:1": null, "start_date": null }, "geometry": { "type": "Polygon", "coordinates": [ [ [ -74.1824206, 40.6412627 ], [ -74.1823122, 40.6413837 ], [ -74.1822949, 40.641403 ], [ -74.1819943, 40.6412479 ], [ -74.18212, 40.6411076 ], [ -74.1824206, 40.6412627 ] ] ] } },
{ "type": "Feature", "properties": { "element": "way", "id": 383590985, "addr:state": null, "ele": null, "gnis:feature_id": null, "name": "Naughton Substation", "power": "substation", "source": "FERC", "barrier": null, "check_date": null, "fixme": null, "operator": "Consolidated Edison", "substation": "distribution", "wikidata": null, "wikipedia": null, "note": null, "operator:wikidata": "Q1127536", "voltage": "33000;4000", "ref": null, "frequency": "60", "location": null, "operator:wikipedia": null, "landuse": null, "building:colour": null, "addr:housenumber": null, "addr:postcode": null, "addr:street": null, "building": null, "height": null, "nycdcp:uid": null, "nycdoitt:bin": null, "alt_name": null, "heritage": null, "heritage:operator": null, "historic": null, "ref:nrhp": null, "NY_mta:propcode": null, "addr:city": null, "exit": null, "building:material": null, "roof:material": null, "roof:shape": null, "disused": null, "destination": null, "building:facade:colour": null, "roof:colour": null, "building:part": null, "website": null, "voltage:primary": null, "voltage:secondary": null, "description": null, "abandoned": null, "protection_title": null, "source:1": null, "source_ref:1": null, "start_date": null }, "geometry": { "type": "Polygon", "coordinates": [ [ [ -74.0944153, 40.5846391 ], [ -74.0942201, 40.5847987 ], [ -74.094567, 40.5849874 ], [ -74.0947605, 40.584819 ], [ -74.0944153, 40.5846391 ] ] ] } },
{ "type": "Feature", "properties": { "element": "way", "id": 383590986, "addr:state": null, "ele": null, "gnis:feature_id": null, "name": "Odin Substation", "power": "substation", "source": "FERC", "barrier": null, "check_date": null, "fixme": null, "operator": "Consolidated Edison", "substation": "distribution", "wikidata": null, "wikipedia": null, "note": null, "operator:wikidata": "Q1127536", "voltage": "33000;4000", "ref": null, "frequency": "60", "location": null, "operator:wikipedia": null, "landuse": null, "building:colour": null, "addr:housenumber": null, "addr:postcode": null, "addr:street": null, "building": null, "height": null, "nycdcp:uid": null, "nycdoitt:bin": null, "alt_name": null, "heritage": null, "heritage:operator": null, "historic": null, "ref:nrhp": null, "NY_mta:propcode": null, "addr:city": null, "exit": null, "building:material": null, "roof:material": null, "roof:shape": null, "disused": null, "destination": null, "building:facade:colour": null, "roof:colour": null, "building:part": null, "website": null, "voltage:primary": null, "voltage:secondary": null, "description": null, "abandoned": null, "protection_title": null, "source:1": null, "source_ref:1": null, "start_date": null }, "geometry": { "type": "Polygon", "coordinates": [ [ [ -74.1206902, 40.5758752 ], [ -74.1205811, 40.5759241 ], [ -74.1204731, 40.5757851 ], [ -74.1205822, 40.5757362 ], [ -74.1206902, 40.5758752 ] ] ] } },
{ "type": "Feature", "properties": { "element": "way", "id": 383590987, "addr:state": null, "ele": null, "gnis:feature_id": null, "name": "Port Richmond Substation", "power": "substation", "source": "FERC", "barrier": null, "check_date": null, "fixme": null, "operator": "Consolidated Edison", "substation": "distribution", "wikidata": null, "wikipedia": null, "note": null, "operator:wikidata": "Q1127536", "voltage": "33000;4000", "ref": null, "frequency": "60", "location": null, "operator:wikipedia": "en:Consolidated Edison", "landuse": null, "building:colour": null, "addr:housenumber": null, "addr:postcode": null, "addr:street": null, "building": null, "height": null, "nycdcp:uid": null, "nycdoitt:bin": null, "alt_name": null, "heritage": null, "heritage:operator": null, "historic": null, "ref:nrhp": null, "NY_mta:propcode": null, "addr:city": null, "exit": null, "building:material": null, "roof:material": null, "roof:shape": null, "disused": null, "destination": null, "building:facade:colour": null, "roof:colour": null, "building:part": null, "website": null, "voltage:primary": null, "voltage:secondary": null, "description": null, "abandoned": null, "protection_title": null, "source:1": null, "source_ref:1": null, "start_date": null }, "geometry": { "type": "Polygon", "coordinates": [ [ [ -74.130585, 40.6389514 ], [ -74.1302923, 40.6388292 ], [ -74.1301926, 40.6389667 ], [ -74.1304852, 40.6390889 ], [ -74.130585, 40.6389514 ] ] ] } },
{ "type": "Feature", "properties": { "element": "way", "id": 383590988, "addr:state": null, "ele": null, "gnis:feature_id": null, "name": "Seaside Substation", "power": "substation", "source": "FERC", "barrier": null, "check_date": null, "fixme": null, "operator": "Consolidated Edison", "substation": "distribution", "wikidata": null, "wikipedia": null, "note": null, "operator:wikidata": "Q1127536", "voltage": "33000;4000", "ref": null, "frequency": "60", "location": null, "operator:wikipedia": null, "landuse": null, "building:colour": null, "addr:housenumber": null, "addr:postcode": null, "addr:street": null, "building": null, "height": null, "nycdcp:uid": null, "nycdoitt:bin": null, "alt_name": null, "heritage": null, "heritage:operator": null, "historic": null, "ref:nrhp": null, "NY_mta:propcode": null, "addr:city": null, "exit": null, "building:material": null, "roof:material": null, "roof:shape": null, "disused": null, "destination": null, "building:facade:colour": null, "roof:colour": null, "building:part": null, "website": null, "voltage:primary": null, "voltage:secondary": null, "description": null, "abandoned": null, "protection_title": null, "source:1": null, "source_ref:1": null, "start_date": null }, "geometry": { "type": "Polygon", "coordinates": [ [ [ -74.0824977, 40.5821422 ], [ -74.0823929, 40.5820886 ], [ -74.0823759, 40.5820799 ], [ -74.0823584, 40.582071 ], [ -74.0822436, 40.5820123 ], [ -74.0823478, 40.5818949 ], [ -74.0824556, 40.58195 ], [ -74.0824964, 40.5819709 ], [ -74.0826018, 40.5820248 ], [ -74.0825102, 40.5821281 ], [ -74.0824977, 40.5821422 ] ] ] } },
{ "type": "Feature", "properties": { "element": "way", "id": 383590989, "addr:state": null, "ele": null, "gnis:feature_id": null, "name": "Silver Lake Substation", "power": "substation", "source": "FERC", "barrier": null, "check_date": null, "fixme": null, "operator": "Consolidated Edison", "substation": "distribution", "wikidata": null, "wikipedia": null, "note": null, "operator:wikidata": "Q1127536", "voltage": "33000;4000", "ref": null, "frequency": "60", "location": null, "operator:wikipedia": "en:Consolidated Edison", "landuse": null, "building:colour": null, "addr:housenumber": null, "addr:postcode": null, "addr:street": null, "building": null, "height": null, "nycdcp:uid": null, "nycdoitt:bin": null, "alt_name": null, "heritage": null, "heritage:operator": null, "historic": null, "ref:nrhp": null, "NY_mta:propcode": null, "addr:city": null, "exit": null, "building:material": null, "roof:material": null, "roof:shape": null, "disused": null, "destination": null, "building:facade:colour": null, "roof:colour": null, "building:part": null, "website": null, "voltage:primary": null, "voltage:secondary": null, "description": null, "abandoned": null, "protection_title": null, "source:1": null, "source_ref:1": null, "start_date": null }, "geometry": { "type": "Polygon", "coordinates": [ [ [ -74.086454, 40.6323703 ], [ -74.0864754, 40.6323531 ], [ -74.0864983, 40.6323347 ], [ -74.0865188, 40.6323182 ], [ -74.0865413, 40.6323001 ], [ -74.0865639, 40.6322818 ], [ -74.0865857, 40.6322644 ], [ -74.0866084, 40.632246 ], [ -74.0866312, 40.6322276 ], [ -74.0866537, 40.6322096 ], [ -74.0866741, 40.6321931 ], [ -74.0866967, 40.6321749 ], [ -74.0867193, 40.6321567 ], [ -74.0867638, 40.6321209 ], [ -74.0867867, 40.6321025 ], [ -74.0867978, 40.6320937 ], [ -74.0864737, 40.6318823 ], [ -74.0861749, 40.6321704 ], [ -74.086454, 40.6323703 ] ] ] } },
{ "type": "Feature", "properties": { "element": "way", "id": 383590990, "addr:state": null, "ele": null, "gnis:feature_id": null, "name": "Wadsworth Substation", "power": "substation", "source": "FERC", "barrier": null, "check_date": null, "fixme": null, "operator": "Consolidated Edison", "substation": "distribution", "wikidata": null, "wikipedia": null, "note": null, "operator:wikidata": "Q1127536", "voltage": "33000;4000", "ref": null, "frequency": "60", "location": null, "operator:wikipedia": null, "landuse": null, "building:colour": null, "addr:housenumber": null, "addr:postcode": null, "addr:street": null, "building": null, "height": null, "nycdcp:uid": null, "nycdoitt:bin": null, "alt_name": null, "heritage": null, "heritage:operator": null, "historic": null, "ref:nrhp": null, "NY_mta:propcode": null, "addr:city": null, "exit": null, "building:material": null, "roof:material": null, "roof:shape": null, "disused": null, "destination": null, "building:facade:colour": null, "roof:colour": null, "building:part": null, "website": null, "voltage:primary": null, "voltage:secondary": null, "description": null, "abandoned": null, "protection_title": null, "source:1": null, "source_ref:1": null, "start_date": null }, "geometry": { "type": "Polygon", "coordinates": [ [ [ -74.0662731, 40.6056008 ], [ -74.0663647, 40.6053624 ], [ -74.0667175, 40.6054406 ], [ -74.0666258, 40.605679 ], [ -74.0662731, 40.6056008 ] ] ] } },
{ "type": "Feature", "properties": { "element": "way", "id": 383590991, "addr:state": null, "ele": null, "gnis:feature_id": null, "name": "Westerleigh Substation", "power": "substation", "source": "FERC", "barrier": null, "check_date": null, "fixme": null, "operator": "Consolidated Edison", "substation": "distribution", "wikidata": null, "wikipedia": null, "note": null, "operator:wikidata": "Q1127536", "voltage": "33000;4000", "ref": null, "frequency": "60", "location": null, "operator:wikipedia": null, "landuse": null, "building:colour": null, "addr:housenumber": null, "addr:postcode": null, "addr:street": null, "building": null, "height": null, "nycdcp:uid": null, "nycdoitt:bin": null, "alt_name": null, "heritage": null, "heritage:operator": null, "historic": null, "ref:nrhp": null, "NY_mta:propcode": null, "addr:city": null, "exit": null, "building:material": null, "roof:material": null, "roof:shape": null, "disused": null, "destination": null, "building:facade:colour": null, "roof:colour": null, "building:part": null, "website": null, "voltage:primary": null, "voltage:secondary": null, "description": null, "abandoned": null, "protection_title": null, "source:1": null, "source_ref:1": null, "start_date": null }, "geometry": { "type": "Polygon", "coordinates": [ [ [ -74.1308937, 40.6280129 ], [ -74.1315237, 40.6281343 ], [ -74.1316097, 40.6278771 ], [ -74.1309797, 40.6277557 ], [ -74.1308937, 40.6280129 ] ] ] } },
{ "type": "Feature", "properties": { "element": "way", "id": 383604639, "addr:state": null, "ele": null, "gnis:feature_id": null, "name": null, "power": "substation", "source": null, "barrier": "fence", "check_date": null, "fixme": null, "operator": null, "substation": null, "wikidata": null, "wikipedia": null, "note": null, "operator:wikidata": null, "voltage": null, "ref": null, "frequency": null, "location": null, "operator:wikipedia": null, "landuse": null, "building:colour": null, "addr:housenumber": null, "addr:postcode": null, "addr:street": null, "building": null, "height": null, "nycdcp:uid": null, "nycdoitt:bin": null, "alt_name": null, "heritage": null, "heritage:operator": null, "historic": null, "ref:nrhp": null, "NY_mta:propcode": null, "addr:city": null, "exit": null, "building:material": null, "roof:material": null, "roof:shape": null, "disused": null, "destination": null, "building:facade:colour": null, "roof:colour": null, "building:part": null, "website": null, "voltage:primary": null, "voltage:secondary": null, "description": null, "abandoned": null, "protection_title": null, "source:1": null, "source_ref:1": null, "start_date": null }, "geometry": { "type": "Polygon", "coordinates": [ [ [ -73.824945, 40.6951369 ], [ -73.8249143, 40.6950737 ], [ -73.8251773, 40.695 ], [ -73.8251465, 40.694937 ], [ -73.8254049, 40.6948646 ], [ -73.8254441, 40.6949449 ], [ -73.8254073, 40.6949552 ], [ -73.8254297, 40.695001 ], [ -73.824945, 40.6951369 ] ] ] } },
{ "type": "Feature", "properties": { "element": "way", "id": 383604640, "addr:state": null, "ele": null, "gnis:feature_id": null, "name": null, "power": "substation", "source": null, "barrier": null, "check_date": null, "fixme": null, "operator": null, "substation": "traction", "wikidata": null, "wikipedia": null, "note": null, "operator:wikidata": null, "voltage": null, "ref": null, "frequency": null, "location": "outdoor", "operator:wikipedia": null, "landuse": null, "building:colour": null, "addr:housenumber": null, "addr:postcode": null, "addr:street": null, "building": null, "height": null, "nycdcp:uid": null, "nycdoitt:bin": null, "alt_name": null, "heritage": null, "heritage:operator": null, "historic": null, "ref:nrhp": null, "NY_mta:propcode": null, "addr:city": null, "exit": null, "building:material": null, "roof:material": null, "roof:shape": null, "disused": null, "destination": null, "building:facade:colour": null, "roof:colour": null, "building:part": null, "website": null, "voltage:primary": null, "voltage:secondary": null, "description": null, "abandoned": null, "protection_title": null, "source:1": null, "source_ref:1": null, "start_date": null }, "geometry": { "type": "Polygon", "coordinates": [ [ [ -73.8446982, 40.6888629 ], [ -73.8446015, 40.6888901 ], [ -73.8445196, 40.6887225 ], [ -73.84446, 40.688604 ], [ -73.8441832, 40.6886791 ], [ -73.8443486, 40.6890464 ], [ -73.8446332, 40.6889651 ], [ -73.8447207, 40.6891412 ], [ -73.8448221, 40.6891122 ], [ -73.8446982, 40.6888629 ] ] ] } },
{ "type": "Feature", "properties": { "element": "way", "id": 397039282, "addr:state": null, "ele": null, "gnis:feature_id": null, "name": null, "power": "substation", "source": null, "barrier": null, "check_date": null, "fixme": null, "operator": null, "substation": null, "wikidata": null, "wikipedia": null, "note": null, "operator:wikidata": null, "voltage": null, "ref": null, "frequency": null, "location": null, "operator:wikipedia": null, "landuse": null, "building:colour": null, "addr:housenumber": null, "addr:postcode": null, "addr:street": null, "building": null, "height": null, "nycdcp:uid": null, "nycdoitt:bin": null, "alt_name": null, "heritage": null, "heritage:operator": null, "historic": null, "ref:nrhp": null, "NY_mta:propcode": null, "addr:city": null, "exit": null, "building:material": null, "roof:material": null, "roof:shape": null, "disused": null, "destination": null, "building:facade:colour": null, "roof:colour": null, "building:part": null, "website": null, "voltage:primary": null, "voltage:secondary": null, "description": null, "abandoned": null, "protection_title": null, "source:1": null, "source_ref:1": null, "start_date": null }, "geometry": { "type": "Polygon", "coordinates": [ [ [ -73.9892617, 40.7687806 ], [ -73.9893073, 40.7687998 ], [ -73.9893751, 40.7687064 ], [ -73.9893909, 40.7686839 ], [ -73.9891572, 40.7685861 ], [ -73.9890786, 40.7686993 ], [ -73.989227, 40.7687616 ], [ -73.9892245, 40.768765 ], [ -73.9892617, 40.7687806 ] ] ] } },
{ "type": "Feature", "properties": { "element": "way", "id": 447778008, "addr:state": null, "ele": null, "gnis:feature_id": null, "name": "New Brighton Substation", "power": "substation", "source": null, "barrier": null, "check_date": null, "fixme": null, "operator": "Consolidated Edison", "substation": "distribution", "wikidata": null, "wikipedia": null, "note": null, "operator:wikidata": "Q1127536", "voltage": null, "ref": null, "frequency": null, "location": null, "operator:wikipedia": "en:Consolidated Edison", "landuse": null, "building:colour": null, "addr:housenumber": null, "addr:postcode": null, "addr:street": null, "building": null, "height": null, "nycdcp:uid": null, "nycdoitt:bin": null, "alt_name": null, "heritage": null, "heritage:operator": null, "historic": null, "ref:nrhp": null, "NY_mta:propcode": null, "addr:city": null, "exit": null, "building:material": null, "roof:material": null, "roof:shape": null, "disused": null, "destination": null, "building:facade:colour": null, "roof:colour": null, "building:part": null, "website": null, "voltage:primary": null, "voltage:secondary": null, "description": null, "abandoned": null, "protection_title": null, "source:1": null, "source_ref:1": null, "start_date": null }, "geometry": { "type": "Polygon", "coordinates": [ [ [ -74.0932859, 40.6449984 ], [ -74.0931446, 40.6450314 ], [ -74.0931566, 40.6450622 ], [ -74.0930432, 40.645093 ], [ -74.0928786, 40.6451375 ], [ -74.0929257, 40.6452513 ], [ -74.0933309, 40.645157 ], [ -74.0932859, 40.6449984 ] ] ] } },
{ "type": "Feature", "properties": { "element": "way", "id": 538972056, "addr:state": null, "ele": null, "gnis:feature_id": null, "name": null, "power": "substation", "source": null, "barrier": null, "check_date": null, "fixme": null, "operator": null, "substation": null, "wikidata": null, "wikipedia": null, "note": null, "operator:wikidata": null, "voltage": null, "ref": null, "frequency": null, "location": null, "operator:wikipedia": null, "landuse": null, "building:colour": null, "addr:housenumber": null, "addr:postcode": null, "addr:street": null, "building": null, "height": null, "nycdcp:uid": null, "nycdoitt:bin": null, "alt_name": null, "heritage": null, "heritage:operator": null, "historic": null, "ref:nrhp": null, "NY_mta:propcode": null, "addr:city": null, "exit": null, "building:material": null, "roof:material": null, "roof:shape": null, "disused": null, "destination": null, "building:facade:colour": null, "roof:colour": null, "building:part": null, "website": null, "voltage:primary": null, "voltage:secondary": null, "description": null, "abandoned": null, "protection_title": null, "source:1": null, "source_ref:1": null, "start_date": null }, "geometry": { "type": "Polygon", "coordinates": [ [ [ -73.9994666, 40.6630205 ], [ -73.9993414, 40.6629454 ], [ -73.9992017, 40.6628615 ], [ -73.9995589, 40.6625202 ], [ -73.9998231, 40.6626787 ], [ -73.9994666, 40.6630205 ] ] ] } },
{ "type": "Feature", "properties": { "element": "way", "id": 588777274, "addr:state": null, "ele": null, "gnis:feature_id": null, "name": "Astoria Annex", "power": "substation", "source": null, "barrier": "fence", "check_date": null, "fixme": null, "operator": "New York Power Authority", "substation": null, "wikidata": null, "wikipedia": null, "note": null, "operator:wikidata": null, "voltage": "345000", "ref": null, "frequency": null, "location": null, "operator:wikipedia": null, "landuse": null, "building:colour": null, "addr:housenumber": null, "addr:postcode": null, "addr:street": null, "building": null, "height": null, "nycdcp:uid": null, "nycdoitt:bin": null, "alt_name": null, "heritage": null, "heritage:operator": null, "historic": null, "ref:nrhp": null, "NY_mta:propcode": null, "addr:city": null, "exit": null, "building:material": null, "roof:material": null, "roof:shape": null, "disused": null, "destination": null, "building:facade:colour": null, "roof:colour": null, "building:part": null, "website": null, "voltage:primary": null, "voltage:secondary": null, "description": null, "abandoned": null, "protection_title": null, "source:1": null, "source_ref:1": null, "start_date": null }, "geometry": { "type": "Polygon", "coordinates": [ [ [ -73.903684, 40.7832169 ], [ -73.904219, 40.7835906 ], [ -73.904121, 40.7836711 ], [ -73.9035367, 40.7841506 ], [ -73.9032202, 40.7844104 ], [ -73.9026852, 40.7840367 ], [ -73.903684, 40.7832169 ] ] ] } },
{ "type": "Feature", "properties": { "element": "way", "id": 644536345, "addr:state": null, "ele": null, "gnis:feature_id": null, "name": "LGA East End Substation", "power": "substation", "source": null, "barrier": null, "check_date": null, "fixme": null, "operator": null, "substation": "substation", "wikidata": null, "wikipedia": null, "note": null, "operator:wikidata": null, "voltage": null, "ref": null, "frequency": null, "location": null, "operator:wikipedia": null, "landuse": null, "building:colour": null, "addr:housenumber": null, "addr:postcode": null, "addr:street": null, "building": "yes", "height": null, "nycdcp:uid": null, "nycdoitt:bin": null, "alt_name": null, "heritage": null, "heritage:operator": null, "historic": null, "ref:nrhp": null, "NY_mta:propcode": null, "addr:city": null, "exit": null, "building:material": null, "roof:material": null, "roof:shape": null, "disused": null, "destination": null, "building:facade:colour": null, "roof:colour": null, "building:part": null, "website": null, "voltage:primary": null, "voltage:secondary": null, "description": null, "abandoned": null, "protection_title": null, "source:1": null, "source_ref:1": null, "start_date": null }, "geometry": { "type": "Polygon", "coordinates": [ [ [ -73.8670148, 40.7705348 ], [ -73.8668812, 40.770645 ], [ -73.8667749, 40.770734 ], [ -73.8663346, 40.7704308 ], [ -73.8664239, 40.7703491 ], [ -73.8665764, 40.7702304 ], [ -73.8670148, 40.7705348 ] ] ] } },
{ "type": "Feature", "properties": { "element": "way", "id": 684470438, "addr:state": null, "ele": null, "gnis:feature_id": null, "name": "Sherman Creek Substation", "power": "substation", "source": null, "barrier": null, "check_date": null, "fixme": null, "operator": "Consolidated Edison", "substation": "yes", "wikidata": null, "wikipedia": null, "note": null, "operator:wikidata": "Q1127536", "voltage": null, "ref": null, "frequency": null, "location": null, "operator:wikipedia": null, "landuse": null, "building:colour": null, "addr:housenumber": null, "addr:postcode": null, "addr:street": null, "building": null, "height": null, "nycdcp:uid": null, "nycdoitt:bin": null, "alt_name": null, "heritage": null, "heritage:operator": null, "historic": null, "ref:nrhp": null, "NY_mta:propcode": null, "addr:city": null, "exit": null, "building:material": null, "roof:material": null, "roof:shape": null, "disused": null, "destination": null, "building:facade:colour": null, "roof:colour": null, "building:part": null, "website": null, "voltage:primary": "138000", "voltage:secondary": "13200", "description": null, "abandoned": null, "protection_title": null, "source:1": null, "source_ref:1": null, "start_date": null }, "geometry": { "type": "Polygon", "coordinates": [ [ [ -73.9199685, 40.8606549 ], [ -73.9202032, 40.8603026 ], [ -73.9207616, 40.8605285 ], [ -73.9205091, 40.8608781 ], [ -73.9199685, 40.8606549 ] ] ] } },
{ "type": "Feature", "properties": { "element": "way", "id": 727353580, "addr:state": null, "ele": null, "gnis:feature_id": null, "name": null, "power": "substation", "source": null, "barrier": null, "check_date": null, "fixme": null, "operator": "Long Island Rail Road", "substation": "yes", "wikidata": null, "wikipedia": null, "note": null, "operator:wikidata": null, "voltage": null, "ref": null, "frequency": null, "location": null, "operator:wikipedia": null, "landuse": null, "building:colour": null, "addr:housenumber": null, "addr:postcode": null, "addr:street": null, "building": null, "height": null, "nycdcp:uid": null, "nycdoitt:bin": null, "alt_name": null, "heritage": null, "heritage:operator": null, "historic": null, "ref:nrhp": null, "NY_mta:propcode": null, "addr:city": null, "exit": null, "building:material": null, "roof:material": null, "roof:shape": null, "disused": null, "destination": null, "building:facade:colour": null, "roof:colour": null, "building:part": null, "website": null, "voltage:primary": null, "voltage:secondary": null, "description": null, "abandoned": null, "protection_title": null, "source:1": null, "source_ref:1": null, "start_date": null }, "geometry": { "type": "Polygon", "coordinates": [ [ [ -73.8317126, 40.7576158 ], [ -73.8314797, 40.7577173 ], [ -73.831303, 40.7574792 ], [ -73.8315401, 40.7573749 ], [ -73.8317126, 40.7576158 ] ] ] } },
{ "type": "Feature", "properties": { "element": "way", "id": 742070304, "addr:state": null, "ele": null, "gnis:feature_id": null, "name": null, "power": "substation", "source": null, "barrier": null, "check_date": null, "fixme": null, "operator": null, "substation": null, "wikidata": null, "wikipedia": null, "note": null, "operator:wikidata": null, "voltage": null, "ref": null, "frequency": null, "location": null, "operator:wikipedia": null, "landuse": null, "building:colour": null, "addr:housenumber": null, "addr:postcode": null, "addr:street": null, "building": null, "height": null, "nycdcp:uid": null, "nycdoitt:bin": null, "alt_name": null, "heritage": null, "heritage:operator": null, "historic": null, "ref:nrhp": null, "NY_mta:propcode": null, "addr:city": null, "exit": null, "building:material": null, "roof:material": null, "roof:shape": null, "disused": null, "destination": null, "building:facade:colour": null, "roof:colour": null, "building:part": null, "website": null, "voltage:primary": null, "voltage:secondary": null, "description": null, "abandoned": null, "protection_title": null, "source:1": null, "source_ref:1": null, "start_date": null }, "geometry": { "type": "Polygon", "coordinates": [ [ [ -73.7917418, 40.7609932 ], [ -73.7916539, 40.761 ], [ -73.791565, 40.7610068 ], [ -73.7914238, 40.7610176 ], [ -73.7914493, 40.7612081 ], [ -73.7917673, 40.7611838 ], [ -73.7917609, 40.7611361 ], [ -73.7917418, 40.7609932 ] ] ] } },
{ "type": "Feature", "properties": { "element": "way", "id": 801886604, "addr:state": null, "ele": null, "gnis:feature_id": null, "name": "IRT Substation", "power": "substation", "source": null, "barrier": null, "check_date": null, "fixme": null, "operator": "New York City Transit Authority", "substation": "traction", "wikidata": null, "wikipedia": null, "note": null, "operator:wikidata": "Q1325591", "voltage": null, "ref": null, "frequency": null, "location": null, "operator:wikipedia": "en:New York City Transit Authority", "landuse": null, "building:colour": null, "addr:housenumber": null, "addr:postcode": null, "addr:street": null, "building": "service", "height": null, "nycdcp:uid": "d01890c52afe01c65904b9b40ea42ef8", "nycdoitt:bin": null, "alt_name": null, "heritage": null, "heritage:operator": null, "historic": null, "ref:nrhp": null, "NY_mta:propcode": null, "addr:city": null, "exit": null, "building:material": null, "roof:material": null, "roof:shape": null, "disused": null, "destination": null, "building:facade:colour": null, "roof:colour": null, "building:part": null, "website": null, "voltage:primary": null, "voltage:secondary": null, "description": null, "abandoned": null, "protection_title": null, "source:1": null, "source_ref:1": null, "start_date": null }, "geometry": { "type": "Polygon", "coordinates": [ [ [ -73.9516257, 40.7418423 ], [ -73.9518539, 40.7418824 ], [ -73.9517928, 40.7420819 ], [ -73.9515646, 40.7420418 ], [ -73.9516257, 40.7418423 ] ] ] } },
{ "type": "Feature", "properties": { "element": "way", "id": 801886605, "addr:state": null, "ele": null, "gnis:feature_id": null, "name": "IRT Substation", "power": "substation", "source": null, "barrier": null, "check_date": null, "fixme": null, "operator": "New York City Transit Authority", "substation": "traction", "wikidata": null, "wikipedia": null, "note": null, "operator:wikidata": "Q1325591", "voltage": null, "ref": null, "frequency": null, "location": null, "operator:wikipedia": null, "landuse": null, "building:colour": null, "addr:housenumber": "423", "addr:postcode": "10460", "addr:street": "Devoe Avenue", "building": "service", "height": "4.0", "nycdcp:uid": "39a8eca63a9e20bcaa28a49ae37af30d", "nycdoitt:bin": null, "alt_name": null, "heritage": null, "heritage:operator": null, "historic": null, "ref:nrhp": null, "NY_mta:propcode": null, "addr:city": null, "exit": null, "building:material": null, "roof:material": null, "roof:shape": null, "disused": null, "destination": null, "building:facade:colour": null, "roof:colour": null, "building:part": null, "website": null, "voltage:primary": null, "voltage:secondary": null, "description": null, "abandoned": null, "protection_title": null, "source:1": null, "source_ref:1": null, "start_date": null }, "geometry": { "type": "Polygon", "coordinates": [ [ [ -73.8772473, 40.8407607 ], [ -73.8774047, 40.8407877 ], [ -73.8773754, 40.8408856 ], [ -73.877218, 40.8408586 ], [ -73.8772473, 40.8407607 ] ] ] } },
{ "type": "Feature", "properties": { "element": "way", "id": 813334995, "addr:state": null, "ele": null, "gnis:feature_id": null, "name": null, "power": "substation", "source": null, "barrier": null, "check_date": null, "fixme": null, "operator": null, "substation": null, "wikidata": null, "wikipedia": null, "note": null, "operator:wikidata": null, "voltage": null, "ref": null, "frequency": null, "location": null, "operator:wikipedia": null, "landuse": null, "building:colour": null, "addr:housenumber": null, "addr:postcode": null, "addr:street": null, "building": null, "height": null, "nycdcp:uid": null, "nycdoitt:bin": null, "alt_name": null, "heritage": null, "heritage:operator": null, "historic": null, "ref:nrhp": null, "NY_mta:propcode": null, "addr:city": null, "exit": null, "building:material": null, "roof:material": null, "roof:shape": null, "disused": null, "destination": null, "building:facade:colour": null, "roof:colour": null, "building:part": null, "website": null, "voltage:primary": null, "voltage:secondary": null, "description": null, "abandoned": null, "protection_title": null, "source:1": null, "source_ref:1": null, "start_date": null }, "geometry": { "type": "Polygon", "coordinates": [ [ [ -73.7950926, 40.6549805 ], [ -73.7949553, 40.6549801 ], [ -73.7949558, 40.6548864 ], [ -73.7950931, 40.6548869 ], [ -73.7950926, 40.6549805 ] ] ] } },
{ "type": "Feature", "properties": { "element": "way", "id": 813334998, "addr:state": null, "ele": null, "gnis:feature_id": null, "name": null, "power": "substation", "source": null, "barrier": null, "check_date": null, "fixme": null, "operator": null, "substation": null, "wikidata": null, "wikipedia": null, "note": null, "operator:wikidata": null, "voltage": null, "ref": null, "frequency": null, "location": null, "operator:wikipedia": null, "landuse": null, "building:colour": null, "addr:housenumber": null, "addr:postcode": null, "addr:street": null, "building": null, "height": null, "nycdcp:uid": null, "nycdoitt:bin": null, "alt_name": null, "heritage": null, "heritage:operator": null, "historic": null, "ref:nrhp": null, "NY_mta:propcode": null, "addr:city": null, "exit": null, "building:material": null, "roof:material": null, "roof:shape": null, "disused": null, "destination": null, "building:facade:colour": null, "roof:colour": null, "building:part": null, "website": null, "voltage:primary": null, "voltage:secondary": null, "description": null, "abandoned": null, "protection_title": null, "source:1": null, "source_ref:1": null, "start_date": null }, "geometry": { "type": "Polygon", "coordinates": [ [ [ -73.7944131, 40.6557963 ], [ -73.7944689, 40.6557733 ], [ -73.7944099, 40.655691 ], [ -73.7943542, 40.655714 ], [ -73.7944131, 40.6557963 ] ] ] } },
{ "type": "Feature", "properties": { "element": "way", "id": 861227475, "addr:state": null, "ele": null, "gnis:feature_id": null, "name": null, "power": "substation", "source": null, "barrier": null, "check_date": null, "fixme": null, "operator": null, "substation": null, "wikidata": null, "wikipedia": null, "note": null, "operator:wikidata": null, "voltage": null, "ref": null, "frequency": null, "location": null, "operator:wikipedia": null, "landuse": null, "building:colour": null, "addr:housenumber": null, "addr:postcode": null, "addr:street": null, "building": null, "height": null, "nycdcp:uid": null, "nycdoitt:bin": null, "alt_name": null, "heritage": null, "heritage:operator": null, "historic": null, "ref:nrhp": null, "NY_mta:propcode": null, "addr:city": null, "exit": null, "building:material": null, "roof:material": null, "roof:shape": null, "disused": null, "destination": null, "building:facade:colour": null, "roof:colour": null, "building:part": null, "website": null, "voltage:primary": null, "voltage:secondary": null, "description": null, "abandoned": null, "protection_title": null, "source:1": null, "source_ref:1": null, "start_date": null }, "geometry": { "type": "Polygon", "coordinates": [ [ [ -73.9662303, 40.7174237 ], [ -73.9663446, 40.717296 ], [ -73.9659979, 40.7171056 ], [ -73.9658635, 40.7172417 ], [ -73.9662303, 40.7174237 ] ] ] } },
{ "type": "Feature", "properties": { "element": "way", "id": 861227477, "addr:state": null, "ele": null, "gnis:feature_id": null, "name": null, "power": "substation", "source": null, "barrier": null, "check_date": null, "fixme": null, "operator": null, "substation": null, "wikidata": null, "wikipedia": null, "note": null, "operator:wikidata": null, "voltage": null, "ref": null, "frequency": null, "location": null, "operator:wikipedia": null, "landuse": null, "building:colour": null, "addr:housenumber": null, "addr:postcode": null, "addr:street": null, "building": null, "height": null, "nycdcp:uid": null, "nycdoitt:bin": null, "alt_name": null, "heritage": null, "heritage:operator": null, "historic": null, "ref:nrhp": null, "NY_mta:propcode": null, "addr:city": null, "exit": null, "building:material": null, "roof:material": null, "roof:shape": null, "disused": null, "destination": null, "building:facade:colour": null, "roof:colour": null, "building:part": null, "website": null, "voltage:primary": null, "voltage:secondary": null, "description": null, "abandoned": null, "protection_title": null, "source:1": null, "source_ref:1": null, "start_date": null }, "geometry": { "type": "Polygon", "coordinates": [ [ [ -73.9516734, 40.7537857 ], [ -73.9514414, 40.7536681 ], [ -73.9513698, 40.7537501 ], [ -73.9512953, 40.75384 ], [ -73.9511869, 40.7539731 ], [ -73.9514128, 40.7540868 ], [ -73.9516734, 40.7537857 ] ] ] } },
{ "type": "Feature", "properties": { "element": "way", "id": 861227479, "addr:state": null, "ele": null, "gnis:feature_id": null, "name": null, "power": "substation", "source": null, "barrier": null, "check_date": null, "fixme": null, "operator": null, "substation": null, "wikidata": null, "wikipedia": null, "note": null, "operator:wikidata": null, "voltage": null, "ref": null, "frequency": null, "location": null, "operator:wikipedia": null, "landuse": null, "building:colour": null, "addr:housenumber": null, "addr:postcode": null, "addr:street": null, "building": null, "height": null, "nycdcp:uid": null, "nycdoitt:bin": null, "alt_name": null, "heritage": null, "heritage:operator": null, "historic": null, "ref:nrhp": null, "NY_mta:propcode": null, "addr:city": null, "exit": null, "building:material": null, "roof:material": null, "roof:shape": null, "disused": null, "destination": null, "building:facade:colour": null, "roof:colour": null, "building:part": null, "website": null, "voltage:primary": null, "voltage:secondary": null, "description": null, "abandoned": null, "protection_title": null, "source:1": null, "source_ref:1": null, "start_date": null }, "geometry": { "type": "Polygon", "coordinates": [ [ [ -73.9150608, 40.7989592 ], [ -73.9152646, 40.7990505 ], [ -73.9151238, 40.7992383 ], [ -73.9150192, 40.7991937 ], [ -73.914971, 40.7992629 ], [ -73.9147604, 40.7991673 ], [ -73.9150608, 40.7989592 ] ] ] } },
{ "type": "Feature", "properties": { "element": "way", "id": 986763103, "addr:state": null, "ele": null, "gnis:feature_id": null, "name": null, "power": "substation", "source": null, "barrier": null, "check_date": null, "fixme": null, "operator": null, "substation": null, "wikidata": null, "wikipedia": null, "note": null, "operator:wikidata": null, "voltage": null, "ref": null, "frequency": null, "location": null, "operator:wikipedia": null, "landuse": null, "building:colour": null, "addr:housenumber": null, "addr:postcode": null, "addr:street": null, "building": null, "height": null, "nycdcp:uid": null, "nycdoitt:bin": null, "alt_name": null, "heritage": null, "heritage:operator": null, "historic": null, "ref:nrhp": null, "NY_mta:propcode": null, "addr:city": null, "exit": null, "building:material": null, "roof:material": null, "roof:shape": null, "disused": null, "destination": null, "building:facade:colour": null, "roof:colour": null, "building:part": null, "website": null, "voltage:primary": null, "voltage:secondary": null, "description": null, "abandoned": null, "protection_title": null, "source:1": null, "source_ref:1": null, "start_date": null }, "geometry": { "type": "Polygon", "coordinates": [ [ [ -74.0140101, 40.6807414 ], [ -74.0142716, 40.6805071 ], [ -74.0145488, 40.6807134 ], [ -74.0145559, 40.6807294 ], [ -74.0143382, 40.6809024 ], [ -74.0141943, 40.6808678 ], [ -74.0140101, 40.6807414 ] ] ] } },
{ "type": "Feature", "properties": { "element": "way", "id": 997532638, "addr:state": null, "ele": null, "gnis:feature_id": null, "name": null, "power": "substation", "source": null, "barrier": null, "check_date": "2025-02-10", "fixme": null, "operator": null, "substation": "converter", "wikidata": null, "wikipedia": null, "note": null, "operator:wikidata": null, "voltage": null, "ref": null, "frequency": null, "location": null, "operator:wikipedia": null, "landuse": null, "building:colour": null, "addr:housenumber": null, "addr:postcode": null, "addr:street": null, "building": "service", "height": null, "nycdcp:uid": null, "nycdoitt:bin": null, "alt_name": null, "heritage": null, "heritage:operator": null, "historic": null, "ref:nrhp": null, "NY_mta:propcode": null, "addr:city": null, "exit": null, "building:material": null, "roof:material": null, "roof:shape": null, "disused": null, "destination": null, "building:facade:colour": null, "roof:colour": null, "building:part": null, "website": null, "voltage:primary": null, "voltage:secondary": null, "description": null, "abandoned": null, "protection_title": null, "source:1": null, "source_ref:1": null, "start_date": null }, "geometry": { "type": "Polygon", "coordinates": [ [ [ -73.9687319, 40.5814068 ], [ -73.96874, 40.5813651 ], [ -73.9686156, 40.5813512 ], [ -73.9686075, 40.5813929 ], [ -73.9687319, 40.5814068 ] ] ] } },
{ "type": "Feature", "properties": { "element": "way", "id": 997532640, "addr:state": null, "ele": null, "gnis:feature_id": null, "name": null, "power": "substation", "source": null, "barrier": null, "check_date": null, "fixme": null, "operator": null, "substation": "converter", "wikidata": null, "wikipedia": null, "note": null, "operator:wikidata": null, "voltage": null, "ref": null, "frequency": null, "location": null, "operator:wikipedia": null, "landuse": null, "building:colour": null, "addr:housenumber": null, "addr:postcode": null, "addr:street": null, "building": "service", "height": null, "nycdcp:uid": null, "nycdoitt:bin": null, "alt_name": null, "heritage": null, "heritage:operator": null, "historic": null, "ref:nrhp": null, "NY_mta:propcode": null, "addr:city": null, "exit": null, "building:material": null, "roof:material": null, "roof:shape": null, "disused": null, "destination": null, "building:facade:colour": null, "roof:colour": null, "building:part": null, "website": null, "voltage:primary": null, "voltage:secondary": null, "description": null, "abandoned": null, "protection_title": null, "source:1": null, "source_ref:1": null, "start_date": null }, "geometry": { "type": "Polygon", "coordinates": [ [ [ -73.9699836, 40.5812204 ], [ -73.9700059, 40.5811743 ], [ -73.9701501, 40.5812146 ], [ -73.9701278, 40.5812607 ], [ -73.9699836, 40.5812204 ] ] ] } },
{ "type": "Feature", "properties": { "element": "way", "id": 997532641, "addr:state": null, "ele": null, "gnis:feature_id": null, "name": null, "power": "substation", "source": null, "barrier": null, "check_date": null, "fixme": null, "operator": null, "substation": "converter", "wikidata": null, "wikipedia": null, "note": null, "operator:wikidata": null, "voltage": null, "ref": null, "frequency": null, "location": null, "operator:wikipedia": null, "landuse": null, "building:colour": null, "addr:housenumber": null, "addr:postcode": null, "addr:street": null, "building": "service", "height": null, "nycdcp:uid": null, "nycdoitt:bin": null, "alt_name": null, "heritage": null, "heritage:operator": null, "historic": null, "ref:nrhp": null, "NY_mta:propcode": null, "addr:city": null, "exit": null, "building:material": null, "roof:material": null, "roof:shape": null, "disused": null, "destination": null, "building:facade:colour": null, "roof:colour": null, "building:part": null, "website": null, "voltage:primary": null, "voltage:secondary": null, "description": null, "abandoned": null, "protection_title": null, "source:1": null, "source_ref:1": null, "start_date": null }, "geometry": { "type": "Polygon", "coordinates": [ [ [ -73.970145, 40.5812642 ], [ -73.9701671, 40.581218 ], [ -73.9703116, 40.5812579 ], [ -73.9702895, 40.5813041 ], [ -73.970145, 40.5812642 ] ] ] } },
{ "type": "Feature", "properties": { "element": "way", "id": 997532643, "addr:state": null, "ele": null, "gnis:feature_id": null, "name": null, "power": "substation", "source": null, "barrier": null, "check_date": null, "fixme": null, "operator": null, "substation": "converter", "wikidata": null, "wikipedia": null, "note": null, "operator:wikidata": null, "voltage": null, "ref": null, "frequency": null, "location": null, "operator:wikipedia": null, "landuse": null, "building:colour": null, "addr:housenumber": null, "addr:postcode": null, "addr:street": null, "building": "service", "height": null, "nycdcp:uid": null, "nycdoitt:bin": null, "alt_name": null, "heritage": null, "heritage:operator": null, "historic": null, "ref:nrhp": null, "NY_mta:propcode": null, "addr:city": null, "exit": null, "building:material": null, "roof:material": null, "roof:shape": null, "disused": null, "destination": null, "building:facade:colour": null, "roof:colour": null, "building:part": null, "website": null, "voltage:primary": null, "voltage:secondary": null, "description": null, "abandoned": null, "protection_title": null, "source:1": null, "source_ref:1": null, "start_date": null }, "geometry": { "type": "Polygon", "coordinates": [ [ [ -73.9724641, 40.5815594 ], [ -73.9724833, 40.5815125 ], [ -73.97263, 40.5815473 ], [ -73.9726108, 40.5815942 ], [ -73.9724641, 40.5815594 ] ] ] } },
{ "type": "Feature", "properties": { "element": "way", "id": 997532644, "addr:state": null, "ele": null, "gnis:feature_id": null, "name": null, "power": "substation", "source": null, "barrier": null, "check_date": null, "fixme": null, "operator": null, "substation": "converter", "wikidata": null, "wikipedia": null, "note": null, "operator:wikidata": null, "voltage": null, "ref": null, "frequency": null, "location": null, "operator:wikipedia": null, "landuse": null, "building:colour": null, "addr:housenumber": null, "addr:postcode": null, "addr:street": null, "building": "service", "height": null, "nycdcp:uid": null, "nycdoitt:bin": null, "alt_name": null, "heritage": null, "heritage:operator": null, "historic": null, "ref:nrhp": null, "NY_mta:propcode": null, "addr:city": null, "exit": null, "building:material": null, "roof:material": null, "roof:shape": null, "disused": null, "destination": null, "building:facade:colour": null, "roof:colour": null, "building:part": null, "website": null, "voltage:primary": null, "voltage:secondary": null, "description": null, "abandoned": null, "protection_title": null, "source:1": null, "source_ref:1": null, "start_date": null }, "geometry": { "type": "Polygon", "coordinates": [ [ [ -73.972625, 40.5815981 ], [ -73.9726443, 40.5815512 ], [ -73.972791, 40.581586 ], [ -73.9727717, 40.5816329 ], [ -73.972625, 40.5815981 ] ] ] } },
{ "type": "Feature", "properties": { "element": "way", "id": 1050130524, "addr:state": null, "ele": null, "gnis:feature_id": null, "name": "LIRR Douglaston Substation", "power": "substation", "source": null, "barrier": null, "check_date": null, "fixme": null, "operator": null, "substation": null, "wikidata": null, "wikipedia": null, "note": null, "operator:wikidata": null, "voltage": null, "ref": null, "frequency": null, "location": null, "operator:wikipedia": null, "landuse": null, "building:colour": null, "addr:housenumber": null, "addr:postcode": null, "addr:street": null, "building": null, "height": null, "nycdcp:uid": null, "nycdoitt:bin": null, "alt_name": null, "heritage": null, "heritage:operator": null, "historic": null, "ref:nrhp": null, "NY_mta:propcode": null, "addr:city": null, "exit": null, "building:material": null, "roof:material": null, "roof:shape": null, "disused": null, "destination": null, "building:facade:colour": null, "roof:colour": null, "building:part": null, "website": null, "voltage:primary": null, "voltage:secondary": null, "description": null, "abandoned": null, "protection_title": null, "source:1": null, "source_ref:1": null, "start_date": null }, "geometry": { "type": "Polygon", "coordinates": [ [ [ -73.7508132, 40.7668647 ], [ -73.7505453, 40.7670814 ], [ -73.7503672, 40.766955 ], [ -73.7506351, 40.7667384 ], [ -73.7508132, 40.7668647 ] ] ] } },
{ "type": "Feature", "properties": { "element": "way", "id": 1057992619, "addr:state": null, "ele": null, "gnis:feature_id": null, "name": null, "power": "substation", "source": null, "barrier": null, "check_date": null, "fixme": null, "operator": null, "substation": null, "wikidata": null, "wikipedia": null, "note": null, "operator:wikidata": null, "voltage": null, "ref": null, "frequency": null, "location": null, "operator:wikipedia": null, "landuse": null, "building:colour": null, "addr:housenumber": null, "addr:postcode": null, "addr:street": null, "building": null, "height": null, "nycdcp:uid": null, "nycdoitt:bin": null, "alt_name": null, "heritage": null, "heritage:operator": null, "historic": null, "ref:nrhp": null, "NY_mta:propcode": null, "addr:city": null, "exit": null, "building:material": null, "roof:material": null, "roof:shape": null, "disused": null, "destination": null, "building:facade:colour": null, "roof:colour": null, "building:part": null, "website": null, "voltage:primary": null, "voltage:secondary": null, "description": null, "abandoned": null, "protection_title": null, "source:1": null, "source_ref:1": null, "start_date": null }, "geometry": { "type": "Polygon", "coordinates": [ [ [ -73.8917306, 40.7377069 ], [ -73.891747, 40.7376857 ], [ -73.8918401, 40.7375656 ], [ -73.8913663, 40.7373709 ], [ -73.8912791, 40.7374364 ], [ -73.8911707, 40.7375704 ], [ -73.8912681, 40.7376138 ], [ -73.8913619, 40.7376555 ], [ -73.8917306, 40.7377069 ] ] ] } },
{ "type": "Feature", "properties": { "element": "way", "id": 1057992620, "addr:state": null, "ele": null, "gnis:feature_id": null, "name": null, "power": "substation", "source": null, "barrier": null, "check_date": null, "fixme": null, "operator": null, "substation": null, "wikidata": null, "wikipedia": null, "note": null, "operator:wikidata": null, "voltage": null, "ref": null, "frequency": null, "location": null, "operator:wikipedia": null, "landuse": null, "building:colour": null, "addr:housenumber": null, "addr:postcode": null, "addr:street": null, "building": null, "height": null, "nycdcp:uid": null, "nycdoitt:bin": null, "alt_name": null, "heritage": null, "heritage:operator": null, "historic": null, "ref:nrhp": null, "NY_mta:propcode": null, "addr:city": null, "exit": null, "building:material": null, "roof:material": null, "roof:shape": null, "disused": null, "destination": null, "building:facade:colour": null, "roof:colour": null, "building:part": null, "website": null, "voltage:primary": null, "voltage:secondary": null, "description": null, "abandoned": null, "protection_title": null, "source:1": null, "source_ref:1": null, "start_date": null }, "geometry": { "type": "Polygon", "coordinates": [ [ [ -73.8925477, 40.7377777 ], [ -73.8925808, 40.7377309 ], [ -73.8926022, 40.7377008 ], [ -73.8924098, 40.7376225 ], [ -73.8923745, 40.7376723 ], [ -73.8923553, 40.7376994 ], [ -73.8925477, 40.7377777 ] ] ] } },
{ "type": "Feature", "properties": { "element": "way", "id": 1059977237, "addr:state": null, "ele": null, "gnis:feature_id": null, "name": null, "power": "substation", "source": null, "barrier": null, "check_date": null, "fixme": null, "operator": null, "substation": null, "wikidata": null, "wikipedia": null, "note": null, "operator:wikidata": null, "voltage": null, "ref": null, "frequency": null, "location": null, "operator:wikipedia": null, "landuse": null, "building:colour": null, "addr:housenumber": null, "addr:postcode": null, "addr:street": null, "building": null, "height": null, "nycdcp:uid": null, "nycdoitt:bin": null, "alt_name": null, "heritage": null, "heritage:operator": null, "historic": null, "ref:nrhp": null, "NY_mta:propcode": null, "addr:city": null, "exit": null, "building:material": null, "roof:material": null, "roof:shape": null, "disused": null, "destination": null, "building:facade:colour": null, "roof:colour": null, "building:part": null, "website": null, "voltage:primary": null, "voltage:secondary": null, "description": null, "abandoned": null, "protection_title": null, "source:1": null, "source_ref:1": null, "start_date": null }, "geometry": { "type": "Polygon", "coordinates": [ [ [ -73.759959, 40.6097418 ], [ -73.7603522, 40.6086116 ], [ -73.760922, 40.608799 ], [ -73.7600868, 40.6098078 ], [ -73.759959, 40.6097418 ] ] ] } },
{ "type": "Feature", "properties": { "element": "way", "id": 1063442522, "addr:state": null, "ele": null, "gnis:feature_id": null, "name": "Bowery Bay Substation", "power": "substation", "source": null, "barrier": null, "check_date": null, "fixme": null, "operator": "Amtrak", "substation": "traction", "wikidata": null, "wikipedia": null, "note": "60Hz system only", "operator:wikidata": null, "voltage": null, "ref": "45", "frequency": "60", "location": null, "operator:wikipedia": null, "landuse": null, "building:colour": null, "addr:housenumber": null, "addr:postcode": null, "addr:street": null, "building": null, "height": null, "nycdcp:uid": null, "nycdoitt:bin": null, "alt_name": null, "heritage": null, "heritage:operator": null, "historic": null, "ref:nrhp": null, "NY_mta:propcode": null, "addr:city": null, "exit": null, "building:material": null, "roof:material": null, "roof:shape": null, "disused": null, "destination": null, "building:facade:colour": null, "roof:colour": null, "building:part": null, "website": null, "voltage:primary": null, "voltage:secondary": null, "description": "Paralleling", "abandoned": null, "protection_title": null, "source:1": null, "source_ref:1": null, "start_date": null }, "geometry": { "type": "Polygon", "coordinates": [ [ [ -73.9055295, 40.7644533 ], [ -73.9054611, 40.7644762 ], [ -73.9052453, 40.7641191 ], [ -73.905207, 40.7641335 ], [ -73.905164, 40.7640674 ], [ -73.9052023, 40.764053 ], [ -73.9052219, 40.7640659 ], [ -73.9052605, 40.7640519 ], [ -73.9052658, 40.76405 ], [ -73.9052886, 40.7640866 ], [ -73.9052942, 40.7640963 ], [ -73.9053069, 40.7640922 ], [ -73.9055295, 40.7644533 ] ] ] } },
{ "type": "Feature", "properties": { "element": "way", "id": 1063444054, "addr:state": null, "ele": null, "gnis:feature_id": null, "name": null, "power": "substation", "source": null, "barrier": null, "check_date": null, "fixme": null, "operator": "Amtrak", "substation": "converter", "wikidata": null, "wikipedia": null, "note": null, "operator:wikidata": null, "voltage": null, "ref": null, "frequency": null, "location": null, "operator:wikipedia": null, "landuse": null, "building:colour": null, "addr:housenumber": null, "addr:postcode": null, "addr:street": null, "building": null, "height": null, "nycdcp:uid": null, "nycdoitt:bin": null, "alt_name": null, "heritage": null, "heritage:operator": null, "historic": null, "ref:nrhp": null, "NY_mta:propcode": null, "addr:city": null, "exit": null, "building:material": null, "roof:material": null, "roof:shape": null, "disused": null, "destination": null, "building:facade:colour": null, "roof:colour": null, "building:part": null, "website": null, "voltage:primary": null, "voltage:secondary": null, "description": null, "abandoned": null, "protection_title": null, "source:1": null, "source_ref:1": null, "start_date": null }, "geometry": { "type": "Polygon", "coordinates": [ [ [ -73.9217553, 40.7507291 ], [ -73.921767, 40.7507377 ], [ -73.9214987, 40.7509343 ], [ -73.9211078, 40.7506199 ], [ -73.9213747, 40.7504324 ], [ -73.9214292, 40.7504707 ], [ -73.9217553, 40.7507291 ] ] ] } },
{ "type": "Feature", "properties": { "element": "way", "id": 1063444055, "addr:state": null, "ele": null, "gnis:feature_id": null, "name": null, "power": "substation", "source": null, "barrier": null, "check_date": null, "fixme": null, "operator": "Amtrak", "substation": "converter", "wikidata": null, "wikipedia": null, "note": null, "operator:wikidata": null, "voltage": null, "ref": null, "frequency": null, "location": null, "operator:wikipedia": null, "landuse": null, "building:colour": null, "addr:housenumber": null, "addr:postcode": null, "addr:street": null, "building": null, "height": null, "nycdcp:uid": null, "nycdoitt:bin": null, "alt_name": null, "heritage": null, "heritage:operator": null, "historic": null, "ref:nrhp": null, "NY_mta:propcode": null, "addr:city": null, "exit": null, "building:material": null, "roof:material": null, "roof:shape": null, "disused": null, "destination": null, "building:facade:colour": null, "roof:colour": null, "building:part": null, "website": null, "voltage:primary": null, "voltage:secondary": null, "description": null, "abandoned": null, "protection_title": null, "source:1": null, "source_ref:1": null, "start_date": null }, "geometry": { "type": "Polygon", "coordinates": [ [ [ -73.9216754, 40.750291 ], [ -73.9216833, 40.7502852 ], [ -73.9220094, 40.7505436 ], [ -73.9220191, 40.7505518 ], [ -73.9220935, 40.7504959 ], [ -73.9224999, 40.7501978 ], [ -73.9224114, 40.7501358 ], [ -73.9223275, 40.7501332 ], [ -73.9218441, 40.7502186 ], [ -73.9217569, 40.7502348 ], [ -73.9217287, 40.7502216 ], [ -73.9216295, 40.7502374 ], [ -73.9216308, 40.7502582 ], [ -73.9216754, 40.750291 ] ] ] } },
{ "type": "Feature", "properties": { "element": "way", "id": 1063447741, "addr:state": null, "ele": null, "gnis:feature_id": null, "name": "Sunnyside Substation", "power": "substation", "source": null, "barrier": null, "check_date": null, "fixme": null, "operator": "Amtrak", "substation": "traction", "wikidata": null, "wikipedia": null, "note": null, "operator:wikidata": null, "voltage": null, "ref": "44", "frequency": null, "location": null, "operator:wikipedia": null, "landuse": null, "building:colour": null, "addr:housenumber": null, "addr:postcode": null, "addr:street": null, "building": null, "height": null, "nycdcp:uid": null, "nycdoitt:bin": null, "alt_name": null, "heritage": null, "heritage:operator": null, "historic": null, "ref:nrhp": null, "NY_mta:propcode": null, "addr:city": null, "exit": null, "building:material": null, "roof:material": null, "roof:shape": null, "disused": null, "destination": null, "building:facade:colour": null, "roof:colour": null, "building:part": null, "website": null, "voltage:primary": null, "voltage:secondary": null, "description": null, "abandoned": null, "protection_title": null, "source:1": null, "source_ref:1": null, "start_date": null }, "geometry": { "type": "Polygon", "coordinates": [ [ [ -73.9318058, 40.7473738 ], [ -73.9317723, 40.7472631 ], [ -73.9312325, 40.7473621 ], [ -73.9312352, 40.7473692 ], [ -73.9311285, 40.7473906 ], [ -73.9309599, 40.7474389 ], [ -73.9306311, 40.7475328 ], [ -73.9306468, 40.7475835 ], [ -73.9306511, 40.7475963 ], [ -73.9312023, 40.7474881 ], [ -73.9312278, 40.7474713 ], [ -73.9318058, 40.7473738 ] ] ] } },
{ "type": "Feature", "properties": { "element": "way", "id": 1095289259, "addr:state": null, "ele": null, "gnis:feature_id": null, "name": null, "power": "substation", "source": null, "barrier": null, "check_date": null, "fixme": null, "operator": null, "substation": null, "wikidata": null, "wikipedia": null, "note": null, "operator:wikidata": null, "voltage": null, "ref": null, "frequency": null, "location": null, "operator:wikipedia": null, "landuse": null, "building:colour": null, "addr:housenumber": null, "addr:postcode": null, "addr:street": null, "building": null, "height": null, "nycdcp:uid": null, "nycdoitt:bin": null, "alt_name": null, "heritage": null, "heritage:operator": null, "historic": null, "ref:nrhp": null, "NY_mta:propcode": null, "addr:city": null, "exit": null, "building:material": null, "roof:material": null, "roof:shape": null, "disused": null, "destination": null, "building:facade:colour": null, "roof:colour": null, "building:part": null, "website": null, "voltage:primary": null, "voltage:secondary": null, "description": null, "abandoned": null, "protection_title": null, "source:1": null, "source_ref:1": null, "start_date": null }, "geometry": { "type": "Polygon", "coordinates": [ [ [ -73.8699799, 40.7440329 ], [ -73.8699336, 40.7438115 ], [ -73.869568, 40.7439168 ], [ -73.8696821, 40.7441208 ], [ -73.8699799, 40.7440329 ] ] ] } },
{ "type": "Feature", "properties": { "element": "way", "id": 1237673961, "addr:state": null, "ele": null, "gnis:feature_id": null, "name": null, "power": "substation", "source": null, "barrier": null, "check_date": null, "fixme": null, "operator": null, "substation": null, "wikidata": null, "wikipedia": null, "note": null, "operator:wikidata": null, "voltage": null, "ref": null, "frequency": null, "location": null, "operator:wikipedia": null, "landuse": null, "building:colour": null, "addr:housenumber": null, "addr:postcode": null, "addr:street": null, "building": null, "height": null, "nycdcp:uid": null, "nycdoitt:bin": null, "alt_name": null, "heritage": null, "heritage:operator": null, "historic": null, "ref:nrhp": null, "NY_mta:propcode": null, "addr:city": null, "exit": null, "building:material": null, "roof:material": null, "roof:shape": null, "disused": null, "destination": null, "building:facade:colour": null, "roof:colour": null, "building:part": null, "website": null, "voltage:primary": null, "voltage:secondary": null, "description": null, "abandoned": null, "protection_title": null, "source:1": null, "source_ref:1": null, "start_date": null }, "geometry": { "type": "Polygon", "coordinates": [ [ [ -73.8172613, 40.7382647 ], [ -73.8172436, 40.7383476 ], [ -73.8171603, 40.7383342 ], [ -73.8171771, 40.7382532 ], [ -73.8172613, 40.7382647 ] ] ] } },
{ "type": "Feature", "properties": { "element": "way", "id": 1322825071, "addr:state": null, "ele": null, "gnis:feature_id": null, "name": null, "power": "substation", "source": null, "barrier": "fence", "check_date": null, "fixme": null, "operator": null, "substation": null, "wikidata": null, "wikipedia": null, "note": null, "operator:wikidata": null, "voltage": null, "ref": null, "frequency": null, "location": null, "operator:wikipedia": null, "landuse": null, "building:colour": null, "addr:housenumber": null, "addr:postcode": null, "addr:street": null, "building": null, "height": null, "nycdcp:uid": null, "nycdoitt:bin": null, "alt_name": null, "heritage": null, "heritage:operator": null, "historic": null, "ref:nrhp": null, "NY_mta:propcode": null, "addr:city": null, "exit": null, "building:material": null, "roof:material": null, "roof:shape": null, "disused": null, "destination": null, "building:facade:colour": null, "roof:colour": null, "building:part": null, "website": null, "voltage:primary": null, "voltage:secondary": null, "description": null, "abandoned": null, "protection_title": null, "source:1": null, "source_ref:1": null, "start_date": null }, "geometry": { "type": "Polygon", "coordinates": [ [ [ -73.9045099, 40.7832576 ], [ -73.904352, 40.7833872 ], [ -73.9042214, 40.783296 ], [ -73.904169, 40.783339 ], [ -73.9041403, 40.783319 ], [ -73.9041927, 40.783276 ], [ -73.9040791, 40.7831966 ], [ -73.9044269, 40.7829112 ], [ -73.9045405, 40.7829906 ], [ -73.904596, 40.782945 ], [ -73.9046247, 40.782965 ], [ -73.9045691, 40.7830106 ], [ -73.9046997, 40.7831018 ], [ -73.9045381, 40.7832344 ], [ -73.9045983, 40.7832765 ], [ -73.9045701, 40.7832996 ], [ -73.9045099, 40.7832576 ] ] ] } },
{ "type": "Feature", "properties": { "element": "way", "id": 1338654396, "addr:state": null, "ele": null, "gnis:feature_id": null, "name": "11th Street Conduit", "power": "substation", "source": null, "barrier": null, "check_date": null, "fixme": null, "operator": "Consolidated Edison", "substation": null, "wikidata": null, "wikipedia": null, "note": null, "operator:wikidata": "Q1127536", "voltage": null, "ref": null, "frequency": null, "location": null, "operator:wikipedia": null, "landuse": null, "building:colour": null, "addr:housenumber": null, "addr:postcode": null, "addr:street": null, "building": null, "height": null, "nycdcp:uid": null, "nycdoitt:bin": null, "alt_name": null, "heritage": null, "heritage:operator": null, "historic": null, "ref:nrhp": null, "NY_mta:propcode": null, "addr:city": null, "exit": null, "building:material": null, "roof:material": null, "roof:shape": null, "disused": null, "destination": null, "building:facade:colour": null, "roof:colour": null, "building:part": null, "website": null, "voltage:primary": null, "voltage:secondary": null, "description": null, "abandoned": null, "protection_title": null, "source:1": null, "source_ref:1": null, "start_date": null }, "geometry": { "type": "Polygon", "coordinates": [ [ [ -73.9527032, 40.7382041 ], [ -73.9526072, 40.738177 ], [ -73.9524263, 40.7381052 ], [ -73.9520103, 40.7385798 ], [ -73.9525343, 40.7386859 ], [ -73.9527032, 40.7382041 ] ] ] } },
{ "type": "Feature", "properties": { "element": "way", "id": 1338654415, "addr:state": "NY", "ele": null, "gnis:feature_id": null, "name": "11th Street Conduit", "power": "substation", "source": null, "barrier": null, "check_date": null, "fixme": null, "operator": "Consolidated Edison", "substation": "yes", "wikidata": null, "wikipedia": null, "note": null, "operator:wikidata": "Q1127536", "voltage": null, "ref": null, "frequency": null, "location": null, "operator:wikipedia": null, "landuse": null, "building:colour": null, "addr:housenumber": "47-27", "addr:postcode": null, "addr:street": "11th Street", "building": null, "height": null, "nycdcp:uid": null, "nycdoitt:bin": null, "alt_name": null, "heritage": null, "heritage:operator": null, "historic": null, "ref:nrhp": null, "NY_mta:propcode": null, "addr:city": "Long Island City", "exit": null, "building:material": null, "roof:material": null, "roof:shape": null, "disused": null, "destination": null, "building:facade:colour": null, "roof:colour": null, "building:part": null, "website": null, "voltage:primary": null, "voltage:secondary": null, "description": null, "abandoned": null, "protection_title": null, "source:1": null, "source_ref:1": null, "start_date": null }, "geometry": { "type": "Polygon", "coordinates": [ [ [ -73.9508498, 40.7442239 ], [ -73.950565, 40.7441663 ], [ -73.9506592, 40.7438993 ], [ -73.950944, 40.743957 ], [ -73.9508498, 40.7442239 ] ] ] } },
{ "type": "Feature", "properties": { "element": "way", "id": 1415880721, "addr:state": null, "ele": null, "gnis:feature_id": null, "name": null, "power": "substation", "source": null, "barrier": null, "check_date": null, "fixme": null, "operator": null, "substation": "yes", "wikidata": null, "wikipedia": null, "note": null, "operator:wikidata": null, "voltage": null, "ref": null, "frequency": null, "location": null, "operator:wikipedia": null, "landuse": null, "building:colour": null, "addr:housenumber": null, "addr:postcode": null, "addr:street": null, "building": null, "height": null, "nycdcp:uid": null, "nycdoitt:bin": null, "alt_name": null, "heritage": null, "heritage:operator": null, "historic": null, "ref:nrhp": null, "NY_mta:propcode": null, "addr:city": null, "exit": null, "building:material": null, "roof:material": null, "roof:shape": null, "disused": null, "destination": null, "building:facade:colour": null, "roof:colour": null, "building:part": null, "website": null, "voltage:primary": null, "voltage:secondary": null, "description": null, "abandoned": null, "protection_title": null, "source:1": null, "source_ref:1": null, "start_date": null }, "geometry": { "type": "Polygon", "coordinates": [ [ [ -73.9197324, 40.8613917 ], [ -73.9191073, 40.8611333 ], [ -73.9194542, 40.8606566 ], [ -73.9200809, 40.8609153 ], [ -73.9197324, 40.8613917 ] ] ] } },
{ "type": "Feature", "properties": { "element": "way", "id": 1429558302, "addr:state": null, "ele": null, "gnis:feature_id": null, "name": null, "power": "substation", "source": null, "barrier": null, "check_date": null, "fixme": null, "operator": null, "substation": null, "wikidata": null, "wikipedia": null, "note": null, "operator:wikidata": null, "voltage": null, "ref": null, "frequency": null, "location": null, "operator:wikipedia": null, "landuse": null, "building:colour": null, "addr:housenumber": null, "addr:postcode": null, "addr:street": null, "building": null, "height": null, "nycdcp:uid": null, "nycdoitt:bin": null, "alt_name": null, "heritage": null, "heritage:operator": null, "historic": null, "ref:nrhp": null, "NY_mta:propcode": null, "addr:city": null, "exit": null, "building:material": null, "roof:material": null, "roof:shape": null, "disused": null, "destination": null, "building:facade:colour": null, "roof:colour": null, "building:part": null, "website": null, "voltage:primary": null, "voltage:secondary": null, "description": null, "abandoned": null, "protection_title": null, "source:1": null, "source_ref:1": null, "start_date": null }, "geometry": { "type": "Polygon", "coordinates": [ [ [ -73.8465355, 40.7511766 ], [ -73.846617, 40.7513125 ], [ -73.8469278, 40.7512057 ], [ -73.846853, 40.7510807 ], [ -73.8468382, 40.7510858 ], [ -73.8468315, 40.7510747 ], [ -73.8465355, 40.7511766 ] ] ] } },
{ "type": "Feature", "properties": { "element": "way", "id": 1434668163, "addr:state": null, "ele": null, "gnis:feature_id": null, "name": "Woodrow Substation", "power": "substation", "source": null, "barrier": null, "check_date": null, "fixme": null, "operator": "Consolidated Edison", "substation": "distribution", "wikidata": null, "wikipedia": null, "note": null, "operator:wikidata": "Q1127536", "voltage": "138000;13200", "ref": null, "frequency": "60", "location": null, "operator:wikipedia": null, "landuse": null, "building:colour": null, "addr:housenumber": null, "addr:postcode": null, "addr:street": null, "building": null, "height": null, "nycdcp:uid": null, "nycdoitt:bin": "5154877", "alt_name": null, "heritage": null, "heritage:operator": null, "historic": null, "ref:nrhp": null, "NY_mta:propcode": null, "addr:city": null, "exit": null, "building:material": null, "roof:material": null, "roof:shape": null, "disused": null, "destination": null, "building:facade:colour": null, "roof:colour": null, "building:part": null, "website": null, "voltage:primary": null, "voltage:secondary": null, "description": null, "abandoned": null, "protection_title": null, "source:1": null, "source_ref:1": null, "start_date": null }, "geometry": { "type": "Polygon", "coordinates": [ [ [ -74.2157251, 40.5550621 ], [ -74.2150614, 40.5552183 ], [ -74.2147629, 40.55454 ], [ -74.2153552, 40.5541898 ], [ -74.2157251, 40.5550621 ] ] ] } },
{ "type": "Feature", "properties": { "element": "way", "id": 1472076552, "addr:state": null, "ele": null, "gnis:feature_id": null, "name": "Willowbrook Substation", "power": "substation", "source": null, "barrier": null, "check_date": null, "fixme": null, "operator": "Consolidated Edison", "substation": "distribution", "wikidata": null, "wikipedia": null, "note": null, "operator:wikidata": "Q1127536", "voltage": "138000;33000;13200;4000", "ref": null, "frequency": "50", "location": "outdoor", "operator:wikipedia": null, "landuse": null, "building:colour": null, "addr:housenumber": null, "addr:postcode": null, "addr:street": null, "building": null, "height": null, "nycdcp:uid": null, "nycdoitt:bin": null, "alt_name": null, "heritage": null, "heritage:operator": null, "historic": null, "ref:nrhp": null, "NY_mta:propcode": null, "addr:city": null, "exit": null, "building:material": null, "roof:material": null, "roof:shape": null, "disused": null, "destination": null, "building:facade:colour": null, "roof:colour": null, "building:part": null, "website": null, "voltage:primary": null, "voltage:secondary": null, "description": null, "abandoned": null, "protection_title": null, "source:1": null, "source_ref:1": null, "start_date": null }, "geometry": { "type": "Polygon", "coordinates": [ [ [ -74.1458021, 40.6111512 ], [ -74.1458971, 40.6104685 ], [ -74.1458878, 40.6104494 ], [ -74.1452671, 40.6105756 ], [ -74.1453244, 40.6107476 ], [ -74.1454408, 40.6107376 ], [ -74.1454328, 40.6108149 ], [ -74.1454659, 40.6108179 ], [ -74.1454223, 40.6111191 ], [ -74.1458021, 40.6111512 ] ] ] } },
{ "type": "Feature", "properties": { "element": "way", "id": 1485150721, "addr:state": null, "ele": null, "gnis:feature_id": null, "name": null, "power": "substation", "source": null, "barrier": null, "check_date": null, "fixme": null, "operator": null, "substation": null, "wikidata": null, "wikipedia": null, "note": null, "operator:wikidata": null, "voltage": null, "ref": null, "frequency": null, "location": null, "operator:wikipedia": null, "landuse": null, "building:colour": null, "addr:housenumber": null, "addr:postcode": null, "addr:street": null, "building": null, "height": null, "nycdcp:uid": null, "nycdoitt:bin": null, "alt_name": null, "heritage": null, "heritage:operator": null, "historic": null, "ref:nrhp": null, "NY_mta:propcode": null, "addr:city": null, "exit": null, "building:material": null, "roof:material": null, "roof:shape": null, "disused": null, "destination": null, "building:facade:colour": null, "roof:colour": null, "building:part": null, "website": null, "voltage:primary": null, "voltage:secondary": null, "description": null, "abandoned": null, "protection_title": null, "source:1": null, "source_ref:1": null, "start_date": null }, "geometry": { "type": "Polygon", "coordinates": [ [ [ -73.7620448, 40.6108555 ], [ -73.7620971, 40.6108076 ], [ -73.7618919, 40.6107048 ], [ -73.7618436, 40.6106977 ], [ -73.7617993, 40.6107506 ], [ -73.7620448, 40.6108555 ] ] ] } },
{ "type": "Feature", "properties": { "element": "way", "id": 1485150723, "addr:state": null, "ele": null, "gnis:feature_id": null, "name": null, "power": "substation", "source": null, "barrier": null, "check_date": null, "fixme": null, "operator": null, "substation": null, "wikidata": null, "wikipedia": null, "note": null, "operator:wikidata": null, "voltage": null, "ref": null, "frequency": null, "location": null, "operator:wikipedia": null, "landuse": null, "building:colour": null, "addr:housenumber": null, "addr:postcode": null, "addr:street": null, "building": null, "height": null, "nycdcp:uid": null, "nycdoitt:bin": null, "alt_name": null, "heritage": null, "heritage:operator": null, "historic": null, "ref:nrhp": null, "NY_mta:propcode": null, "addr:city": null, "exit": null, "building:material": null, "roof:material": null, "roof:shape": null, "disused": null, "destination": null, "building:facade:colour": null, "roof:colour": null, "building:part": null, "website": null, "voltage:primary": null, "voltage:secondary": null, "description": null, "abandoned": null, "protection_title": null, "source:1": null, "source_ref:1": null, "start_date": null }, "geometry": { "type": "Polygon", "coordinates": [ [ [ -73.888358, 40.7703663 ], [ -73.8884211, 40.7706791 ], [ -73.8885163, 40.77067 ], [ -73.8884532, 40.7703571 ], [ -73.888358, 40.7703663 ] ] ] } },
{ "type": "Feature", "properties": { "element": "way", "id": 1485150724, "addr:state": null, "ele": null, "gnis:feature_id": null, "name": null, "power": "substation", "source": null, "barrier": null, "check_date": null, "fixme": null, "operator": null, "substation": null, "wikidata": null, "wikipedia": null, "note": null, "operator:wikidata": null, "voltage": null, "ref": null, "frequency": null, "location": null, "operator:wikipedia": null, "landuse": null, "building:colour": null, "addr:housenumber": null, "addr:postcode": null, "addr:street": null, "building": null, "height": null, "nycdcp:uid": null, "nycdoitt:bin": null, "alt_name": null, "heritage": null, "heritage:operator": null, "historic": null, "ref:nrhp": null, "NY_mta:propcode": null, "addr:city": null, "exit": null, "building:material": null, "roof:material": null, "roof:shape": null, "disused": null, "destination": null, "building:facade:colour": null, "roof:colour": null, "building:part": null, "website": null, "voltage:primary": null, "voltage:secondary": null, "description": null, "abandoned": null, "protection_title": null, "source:1": null, "source_ref:1": null, "start_date": null }, "geometry": { "type": "Polygon", "coordinates": [ [ [ -73.8979161, 40.7821327 ], [ -73.8980663, 40.7820769 ], [ -73.8986443, 40.7816229 ], [ -73.898309, 40.7813955 ], [ -73.8979469, 40.7816879 ], [ -73.8979496, 40.7817032 ], [ -73.8976331, 40.7819448 ], [ -73.8979161, 40.7821327 ] ] ] } },
{ "type": "Feature", "properties": { "element": "way", "id": 1485150725, "addr:state": null, "ele": null, "gnis:feature_id": null, "name": null, "power": "substation", "source": null, "barrier": null, "check_date": null, "fixme": null, "operator": null, "substation": null, "wikidata": null, "wikipedia": null, "note": null, "operator:wikidata": null, "voltage": null, "ref": null, "frequency": null, "location": null, "operator:wikipedia": null, "landuse": null, "building:colour": null, "addr:housenumber": null, "addr:postcode": null, "addr:street": null, "building": null, "height": null, "nycdcp:uid": null, "nycdoitt:bin": null, "alt_name": null, "heritage": null, "heritage:operator": null, "historic": null, "ref:nrhp": null, "NY_mta:propcode": null, "addr:city": null, "exit": null, "building:material": null, "roof:material": null, "roof:shape": null, "disused": null, "destination": null, "building:facade:colour": null, "roof:colour": null, "building:part": null, "website": null, "voltage:primary": null, "voltage:secondary": null, "description": null, "abandoned": null, "protection_title": null, "source:1": null, "source_ref:1": null, "start_date": null }, "geometry": { "type": "Polygon", "coordinates": [ [ [ -73.9129445, 40.7865672 ], [ -73.9125489, 40.7862626 ], [ -73.912282, 40.7864819 ], [ -73.9126991, 40.7867601 ], [ -73.9129445, 40.7865672 ] ] ] } },
{ "type": "Feature", "properties": { "element": "way", "id": 1485150726, "addr:state": null, "ele": null, "gnis:feature_id": null, "name": null, "power": "substation", "source": null, "barrier": null, "check_date": null, "fixme": null, "operator": null, "substation": null, "wikidata": null, "wikipedia": null, "note": null, "operator:wikidata": null, "voltage": null, "ref": null, "frequency": null, "location": null, "operator:wikipedia": null, "landuse": null, "building:colour": null, "addr:housenumber": null, "addr:postcode": null, "addr:street": null, "building": null, "height": null, "nycdcp:uid": null, "nycdoitt:bin": null, "alt_name": null, "heritage": null, "heritage:operator": null, "historic": null, "ref:nrhp": null, "NY_mta:propcode": null, "addr:city": null, "exit": null, "building:material": null, "roof:material": null, "roof:shape": null, "disused": null, "destination": null, "building:facade:colour": null, "roof:colour": null, "building:part": null, "website": null, "voltage:primary": null, "voltage:secondary": null, "description": null, "abandoned": null, "protection_title": null, "source:1": null, "source_ref:1": null, "start_date": null }, "geometry": { "type": "Polygon", "coordinates": [ [ [ -73.9127876, 40.7860554 ], [ -73.9125811, 40.7862331 ], [ -73.9130183, 40.7865195 ], [ -73.9132999, 40.7863062 ], [ -73.9129378, 40.7860534 ], [ -73.9127876, 40.7860554 ] ] ] } },
{ "type": "Feature", "properties": { "element": "way", "id": 1508559019, "addr:state": null, "ele": null, "gnis:feature_id": null, "name": null, "power": "substation", "source": null, "barrier": null, "check_date": null, "fixme": null, "operator": "Consolidated Edison", "substation": "minor_distribution", "wikidata": null, "wikipedia": null, "note": null, "operator:wikidata": "Q1127536", "voltage": "138000;13200", "ref": null, "frequency": null, "location": null, "operator:wikipedia": null, "landuse": null, "building:colour": null, "addr:housenumber": null, "addr:postcode": null, "addr:street": null, "building": null, "height": null, "nycdcp:uid": null, "nycdoitt:bin": null, "alt_name": null, "heritage": null, "heritage:operator": null, "historic": null, "ref:nrhp": null, "NY_mta:propcode": null, "addr:city": null, "exit": null, "building:material": null, "roof:material": null, "roof:shape": null, "disused": null, "destination": null, "building:facade:colour": null, "roof:colour": null, "building:part": null, "website": null, "voltage:primary": null, "voltage:secondary": null, "description": null, "abandoned": null, "protection_title": null, "source:1": null, "source_ref:1": null, "start_date": null }, "geometry": { "type": "Polygon", "coordinates": [ [ [ -74.0122726, 40.7137959 ], [ -74.0124137, 40.7132328 ], [ -74.0122519, 40.7131609 ], [ -74.0121138, 40.7137251 ], [ -74.0122726, 40.7137959 ] ] ] } },
{ "type": "Feature", "properties": { "element": "way", "id": 1540230931, "addr:state": null, "ele": null, "gnis:feature_id": null, "name": "Building 390", "power": "substation", "source": null, "barrier": null, "check_date": null, "fixme": null, "operator": null, "substation": null, "wikidata": null, "wikipedia": null, "note": "Not a contributing feature to the Brooklyn Navy Yard Historic District.", "operator:wikidata": null, "voltage": null, "ref": null, "frequency": null, "location": null, "operator:wikipedia": null, "landuse": null, "building:colour": null, "addr:housenumber": null, "addr:postcode": null, "addr:street": null, "building": "yes", "height": null, "nycdcp:uid": null, "nycdoitt:bin": null, "alt_name": "Substation L", "heritage": null, "heritage:operator": null, "historic": null, "ref:nrhp": null, "NY_mta:propcode": null, "addr:city": null, "exit": null, "building:material": null, "roof:material": null, "roof:shape": null, "disused": null, "destination": null, "building:facade:colour": null, "roof:colour": null, "building:part": null, "website": null, "voltage:primary": null, "voltage:secondary": null, "description": "Historical usage: Substation", "abandoned": "building", "protection_title": "City of New York", "source:1": "Digital Archive on NPGallery", "source_ref:1": "https://npgallery.nps.gov/NRHP/AssetDetail/314d2a7b-7525-4998-8a77-dd3b9dba7073", "start_date": "1942" }, "geometry": { "type": "Polygon", "coordinates": [ [ [ -73.970516, 40.7071692 ], [ -73.9703765, 40.7069619 ], [ -73.9705168, 40.7069022 ], [ -73.9705937, 40.7070188 ], [ -73.9706232, 40.7071286 ], [ -73.970516, 40.7071692 ] ] ] } }
]
}
